address,size,span_end,current_name,proposed_name,module,status,match_percent,calling_convention,signature,is_thunk,source_file,evidence,owner,notes
0x00401000,91,0x0040105A,sub_401000,,,unclassified,0.00,,,false,,Attested IDA 1.50a initial candidate; boundary unreviewed,,
0x00401060,12,0x0040106B,sub_401060,,,unclassified,0.00,,,false,,Attested IDA 1.50a initial candidate; boundary unreviewed,,
0x00401070,12,0x0040107B,sub_401070,,,unclassified,0.00,,,false,,Attested IDA 1.50a initial candidate; boundary unreviewed,,
0x00401080,12,0x0040108B,sub_401080,,,unclassified,0.00,,,false,,Attested IDA 1.50a initial candidate; boundary unreviewed,,
0x00401090,25,0x004010A8,sub_401090,,,unclassified,0.00,,,false,,Attested IDA 1.50a initial candidate; boundary unreviewed,,
0x004010B0,26,0x004010C9,sub_4010B0,Float3::Float3,Math,matching,100.00,__thiscall,"Float3::Float3(float x, float y, float z)",false,src/Float3.cpp,Canonical pinned-VC7.1 comparison: 26/26 bytes exact with no relocations,authored,Three-float thiscall constructor writes x/y/z at +0/+4/+8 and returns this; target-local add/subtract/scalar helper callers all construct the same 12-byte value; reviewed extent 0x004010B0-0x004010C9; 0x004010CA-0x004010CF is unowned CC padding; TH08 committed Float3 source corroborates the reconstructed type/name only
0x004010D0,38,0x004010F5,sub_4010D0,,,unclassified,0.00,,,false,,Attested IDA 1.50a initial candidate; boundary unreviewed,,
0x00401100,54,0x00401135,sub_401100,Float3::operator+,Math,matching,100.00,__thiscall,Float3 Float3::operator+(const Float3 &other) const,false,src/Float3.cpp,Canonical relocation-aware VC7.1 comparison: 54/54 bytes exact including one REL32 relocation,authored,Hidden return pointer plus const Float3 reference explicit operand; componentwise x/y/z addition constructs the result through exact Float3 constructor; reviewed extent 0x00401100-0x00401135; 0x00401136-0x0040113F is unowned CC padding
0x00401140,54,0x00401175,sub_401140,Float3::operator-,Math,matching,100.00,__thiscall,Float3 Float3::operator-(const Float3 &other) const,false,src/Float3.cpp,Canonical relocation-aware VC7.1 comparison: 54/54 bytes exact including one REL32 relocation,authored,Hidden return pointer plus const Float3 reference explicit operand; componentwise x/y/z subtraction constructs the result through exact Float3 constructor; reviewed extent 0x00401140-0x00401175; 0x00401176-0x0040117F is unowned CC padding
0x00401180,52,0x004011B3,sub_401180,Float3::operator*,Math,matching,100.00,__thiscall,Float3 Float3::operator*(float scalar) const,false,src/Float3.cpp,Canonical relocation-aware VC7.1 comparison: 52/52 bytes exact including one REL32 relocation,authored,Hidden return pointer plus float scalar explicit operand; componentwise x/y/z multiplication constructs the result through exact Float3 constructor; reviewed extent 0x00401180-0x004011B3; 0x004011B4-0x004011BF is unowned CC padding
0x004011C0,11,0x004011CA,sub_4011C0,,,unclassified,0.00,,,false,,Attested IDA 1.50a initial candidate; boundary unreviewed,,
0x004011D0,190,0x0040128D,sub_4011D0,,,unclassified,0.00,,,false,,Attested IDA 1.50a initial candidate; boundary unreviewed,,
0x00401290,40,0x004012B7,sub_401290,,,unclassified,0.00,,,false,,Attested IDA 1.50a initial candidate; boundary unreviewed,,
0x004012C0,31,0x004012DE,sub_4012C0,,,unclassified,0.00,,,false,,Attested IDA 1.50a initial candidate; boundary unreviewed,,
0x004012E0,21,0x004012F4,sub_4012E0,,,unclassified,0.00,,,false,,Attested IDA 1.50a initial candidate; boundary unreviewed,,
0x00401300,57,0x00401338,sub_401300,,,unclassified,0.00,,,false,,Attested IDA 1.50a initial candidate; boundary unreviewed,,
0x00401340,19,0x00401352,sub_401340,ZunMemory::Alloc,ZunMemory,matching,100.00,__thiscall,"void *ZunMemory::Alloc(size_t size, const char *debugText)",false,src/ZunMemoryRelease.cpp,Canonical relocation-aware VC7.1 comparison: 19/19 bytes exact including the CRT malloc relocation,authored,"Release wrapper ignores ECX and debugText, forwards size to malloc, and returns the allocation; reviewed extent ends 0x00401352; 0x00401353-0x0040135F remains unowned CC padding; reconstructed source is out-of-line for stable callers, original inline/TU ownership remains unknown"
0x00401360,19,0x00401372,sub_401360,ZunMemory::Free,ZunMemory,matching,100.00,__thiscall,void ZunMemory::Free(void *ptr),false,src/ZunMemoryRelease.cpp,Canonical relocation-aware VC7.1 comparison: 19/19 bytes exact including the CRT free relocation,authored,"Release wrapper ignores ECX, forwards ptr to free, and returns; reviewed extent ends 0x00401372; 0x00401373-0x0040137F remains unowned CC padding; original inline/TU ownership remains unknown"
0x00401380,10,0x00401389,sub_401380,ZunMemory::AddToRegistry,ZunMemory,matching,100.00,__thiscall,"void *ZunMemory::AddToRegistry(void *ptr, size_t size, char *name)",false,src/ZunMemoryRelease.cpp,Canonical VC7.1 comparison: 10/10 bytes exact with no relocations,authored,Release-build registry wrapper returns ptr unchanged and consumes three explicit stack arguments with RET 0x0C; size/name/ECX are unobserved in this target path; reviewed extent ends 0x00401389; 0x0040138A-0x0040138F remains unowned CC padding; DEBUG registry implementation and original source/TU ownership remain unknown
0x00401390,71,0x004013D6,sub_401390,,,unclassified,0.00,,,false,,Attested IDA 1.50a initial candidate; boundary unreviewed,,
0x004013E0,42,0x00401409,sub_4013E0,,,unclassified,0.00,,,false,,Attested IDA 1.50a initial candidate; boundary unreviewed,,
0x00401410,42,0x00401439,sub_401410,,,unclassified,0.00,,,false,,Attested IDA 1.50a initial candidate; boundary unreviewed,,
0x00401440,26,0x00401459,sub_401440,,,unclassified,0.00,,,false,,Attested IDA 1.50a initial candidate; boundary unreviewed,,
0x00401460,13,0x0040146C,sub_401460,,,unclassified,0.00,,,false,,Attested IDA 1.50a initial candidate; boundary unreviewed,,
0x00401470,38,0x00401495,sub_401470,,,unclassified,0.00,,,false,,Attested IDA 1.50a initial candidate; boundary unreviewed,,
0x004014A0,15,0x004014AE,sub_4014A0,,,unclassified,0.00,,,false,,Attested IDA 1.50a initial candidate; boundary unreviewed,,
0x004014B0,28,0x004014CB,sub_4014B0,ZunTimer::Tick,ZunTimer,matching,100.00,__thiscall,int ZunTimer::Tick(),false,src/ZunTimer.cpp,Canonical relocation-aware VC7.1 comparison: 28/28 bytes exact including two replayed relocations,authored,"ZunTimer::Tick copies current to previous, calls provisional Supervisor::TickTimer @0x0042F4F0 with &current and &subFrame, then returns current; helper remains independently unknown/review; reviewed extent 0x004014B0-0x004014CB; 0x004014CC-0x004014CF unowned CC"
0x004014D0,25,0x004014E8,sub_4014D0,ZunTimer::SetCurrent,ZunTimer,matching,100.00,__thiscall,void ZunTimer::SetCurrent(int value),false,src/ZunTimer.cpp,Canonical pinned-VC7.1 comparison: 25/25 bytes exact with no relocations,authored,"ZunTimer::SetCurrent stores current=value at +8, converts the same integer to float at +4, writes previous=-999999 at +0, and returns with RET 4; reviewed extent 0x004014D0-0x004014E8; 0x004014E9-0x004014EF remains unowned CC before independent 0x004014F0"
0x004014F0,4,0x004014F3,sub_4014F0,ZunTimer::operator float,ZunTimer,matching,100.00,__thiscall,ZunTimer::operator float(),false,src/ZunTimer.cpp,Canonical pinned-VC7.1 comparison: 4/4 bytes exact with no relocations,authored,ZunTimer::operator float returns subFrame field +4 in ST0; TH08 current+subFrame conversion conflicts with TH09 target while committed-only TH095 corroborates subFrame-only behavior; reviewed extent 0x004014F0-0x004014F3; 0x004014F4-0x004014FF unowned CC
0x00401500,9,0x00401508,sub_401500,ZunTimer::operator=,ZunTimer,matching,100.00,__thiscall,void ZunTimer::operator=(int value),false,src/ZunTimer.cpp,Canonical relocation-aware VC7.1 comparison: 9/9 bytes exact including one REL32 relocation,authored,ZunTimer::operator=(int) is a 9-byte wrapper whose sole relocation tail-jumps to exact SetCurrent @ 0x004014D0; reviewed extent 0x00401500-0x00401508; 0x00401509-0x0040150F is unowned CC before independent 0x00401510; widespread callers establish generic timer use
0x00401510,8,0x00401517,sub_401510,ZunTimer::operator++,ZunTimer,matching,100.00,__thiscall,void ZunTimer::operator++(int),false,src/ZunTimer.cpp,Canonical relocation-aware VC7.1 comparison: 8/8 bytes exact including one replayed relocation,authored,Postfix ZunTimer::operator++(int) calls exact Tick @0x004014B0 then returns with RET 4 for the dummy postfix argument; reviewed extent 0x00401510-0x00401517; 0x00401518-0x0040151F unowned CC before independent candidate 0x00401520
0x00401520,20,0x00401533,sub_401520,ZunTimer::operator>=,ZunTimer,matching,100.00,__thiscall,unsigned int ZunTimer::operator>=(int value),false,src/ZunTimer.cpp,Canonical pinned-VC7.1 comparison: 20/20 bytes exact with no relocations,authored,Returns current >= value from timer +8; reviewed extent 0x00401520-0x00401533; 0x00401534-0x0040153F is unowned CC padding
0x00401540,20,0x00401553,sub_401540,ZunTimer::operator<,ZunTimer,matching,100.00,__thiscall,unsigned int ZunTimer::operator<(int value),false,src/ZunTimer.cpp,Canonical pinned-VC7.1 comparison: 20/20 bytes exact with no relocations,authored,Returns current < value from timer +8; reviewed extent 0x00401540-0x00401553; 0x00401554-0x0040155F is unowned CC padding
0x00401560,134,0x004015E5,sub_401560,AnmLoaded::ExecuteAnmIdx,AnmLoaded,matching,100.00,__thiscall,"void AnmLoaded::ExecuteAnmIdx(AnmVm *vm, int scriptIndex)",false,src/AnmLoadedExecute.cpp,Canonical relocation-aware VC7.1 comparison: 134/134 bytes exact including three replayed REL32 relocations,authored,"Writes 16-bit scriptIndex at vm+0x21A, zero Float3 values at vm+0x208 and +0x288, stores 0x0F at vm+0x299/+0x298, then calls candidate AnmLoaded::SetAndExecuteScript @0x004395A0 with scripts[scriptIndex] from this+0x10; reviewed extent 0x00401560-0x004015E5; 0x004015E6-0x004015EF is unowned CC padding; local overlays preserve still-opaque public layouts"
0x004015F0,11,0x004015FA,sub_4015F0,,,unclassified,0.00,,,false,,Attested IDA 1.50a initial candidate; boundary unreviewed,,
0x00401600,16,0x0040160F,sub_401600,,,unclassified,0.00,,,false,,Attested IDA 1.50a initial candidate; boundary unreviewed,,
0x00401610,14,0x0040161D,sub_401610,,,unclassified,0.00,,,false,,Attested IDA 1.50a initial candidate; boundary unreviewed,,
0x00401620,19,0x00401632,sub_401620,,,unclassified,0.00,,,false,,Attested IDA 1.50a initial candidate; boundary unreviewed,,
0x00401640,27,0x0040165A,sub_401640,,,unclassified,0.00,,,false,,Attested IDA 1.50a initial candidate; boundary unreviewed,,
0x00401660,20,0x00401673,sub_401660,,,unclassified,0.00,,,false,,Attested IDA 1.50a initial candidate; boundary unreviewed,,
0x00401680,46,0x004016AD,sub_401680,,,unclassified,0.00,,,false,,Attested IDA 1.50a initial candidate; boundary unreviewed,,
0x004016B0,46,0x004016DD,sub_4016B0,,,unclassified,0.00,,,false,,Attested IDA 1.50a initial candidate; boundary unreviewed,,
0x004016E0,423,0x00401886,sub_4016E0,,,unclassified,0.00,,,false,,Attested IDA 1.50a initial candidate; boundary unreviewed,,
0x004018A0,79,0x004018EE,sub_4018A0,,,unclassified,0.00,,,false,,Attested IDA 1.50a initial candidate; boundary unreviewed,,
0x004018F0,2472,0x00402297,sub_4018F0,,,unclassified,0.00,,,false,,Attested IDA 1.50a initial candidate; boundary unreviewed,,
0x00402350,377,0x004024C8,sub_402350,,,unclassified,0.00,,,false,,Attested IDA 1.50a initial candidate; boundary unreviewed,,
0x004024D0,85,0x00402524,sub_4024D0,,,unclassified,0.00,,,false,,Attested IDA 1.50a initial candidate; boundary unreviewed,,
0x00402530,59,0x0040256A,sub_402530,,,unclassified,0.00,,,false,,Attested IDA 1.50a initial candidate; boundary unreviewed,,
0x00402570,321,0x004026B0,sub_402570,,,unclassified,0.00,,,false,,Attested IDA 1.50a initial candidate; boundary unreviewed,,
0x004026C0,3274,0x00403389,sub_4026C0,,,unclassified,0.00,,,false,,Attested IDA 1.50a initial candidate; boundary unreviewed,,
0x00403390,12,0x0040339B,sub_403390,,,unclassified,0.00,,,false,,Attested IDA 1.50a initial candidate; boundary unreviewed,,
0x004033A0,62,0x004033DD,sub_4033A0,,,unclassified,0.00,,,false,,Attested IDA 1.50a initial candidate; boundary unreviewed,,
0x004033E0,671,0x0040367E,sub_4033E0,,,unclassified,0.00,,,false,,Attested IDA 1.50a initial candidate; boundary unreviewed,,
0x00403680,421,0x00403824,sub_403680,,,unclassified,0.00,,,false,,Attested IDA 1.50a initial candidate; boundary unreviewed,,
0x00403830,475,0x00403A0A,sub_403830,,,unclassified,0.00,,,false,,Attested IDA 1.50a initial candidate; boundary unreviewed,,
0x00403A10,45,0x00403A3C,sub_403A10,,,unclassified,0.00,,,false,,Attested IDA 1.50a initial candidate; boundary unreviewed,,
0x00403A40,160,0x00403ADF,sub_403A40,,,unclassified,0.00,,,false,,Attested IDA 1.50a initial candidate; boundary unreviewed,,
0x00403AE0,307,0x00403C12,sub_403AE0,,,unclassified,0.00,,,false,,Attested IDA 1.50a initial candidate; boundary unreviewed,,
0x00403C20,12,0x00403C2B,unknown_libname_1,,,unclassified,0.00,,,false,,Attested IDA 1.50a initial candidate; boundary unreviewed,,
0x00403C30,91,0x00403C8A,sub_403C30,,,unclassified,0.00,,,false,,Attested IDA 1.50a initial candidate; boundary unreviewed,,
0x00403C90,91,0x00403CEA,sub_403C90,,,unclassified,0.00,,,false,,Attested IDA 1.50a initial candidate; boundary unreviewed,,
0x00403CF0,100,0x00403D53,sub_403CF0,,,unclassified,0.00,,,false,,Attested IDA 1.50a initial candidate; boundary unreviewed,,
0x00403D60,31,0x00403D7E,sub_403D60,,,unclassified,0.00,,,false,,Attested IDA 1.50a initial candidate; boundary unreviewed,,
0x00403D80,12,0x00403D8B,sub_403D80,,,unclassified,0.00,,,false,,Attested IDA 1.50a initial candidate; boundary unreviewed,,
0x00403D90,71,0x00403DD6,sub_403D90,,,unclassified,0.00,,,false,,Attested IDA 1.50a initial candidate; boundary unreviewed,,
0x00403DE0,20,0x00403DF3,sub_403DE0,,,unclassified,0.00,,,false,,Attested IDA 1.50a initial candidate; boundary unreviewed,,
0x00403E00,41,0x00403E28,sub_403E00,,,unclassified,0.00,,,false,,Attested IDA 1.50a initial candidate; boundary unreviewed,,
0x00403E30,27,0x00403E4A,sub_403E30,,,unclassified,0.00,,,false,,Attested IDA 1.50a initial candidate; boundary unreviewed,,
0x00403E50,923,0x004041EA,sub_403E50,,,unclassified,0.00,,,false,,Attested IDA 1.50a initial candidate; boundary unreviewed,,
0x004041F0,536,0x00404407,sub_4041F0,,,unclassified,0.00,,,false,,Attested IDA 1.50a initial candidate; boundary unreviewed,,
0x00404410,334,0x0040455D,sub_404410,,,unclassified,0.00,,,false,,Attested IDA 1.50a initial candidate; boundary unreviewed,,
0x00404560,8,0x00404567,sub_404560,,,unclassified,0.00,,,false,,Attested IDA 1.50a initial candidate; boundary unreviewed,,
0x00404570,51,0x004045A2,sub_404570,,,unclassified,0.00,,,false,,Attested IDA 1.50a initial candidate; boundary unreviewed,,
0x004045B0,66,0x004045F1,sub_4045B0,,,unclassified,0.00,,,false,,Attested IDA 1.50a initial candidate; boundary unreviewed,,
0x00404600,264,0x00404707,sub_404600,,,unclassified,0.00,,,false,,Attested IDA 1.50a initial candidate; boundary unreviewed,,
0x00404710,346,0x00404869,sub_404710,,,unclassified,0.00,,,false,,Attested IDA 1.50a initial candidate; boundary unreviewed,,
0x004048B0,41,0x004048D8,sub_4048B0,,,unclassified,0.00,,,false,,Attested IDA 1.50a initial candidate; boundary unreviewed,,
0x004048E0,34,0x00404901,sub_4048E0,,,unclassified,0.00,,,false,,Attested IDA 1.50a initial candidate; boundary unreviewed,,
0x00404910,15,0x0040491E,sub_404910,,,unclassified,0.00,,,false,,Attested IDA 1.50a initial candidate; boundary unreviewed,,
0x00404920,33,0x00404940,sub_404920,,,unclassified,0.00,,,false,,Attested IDA 1.50a initial candidate; boundary unreviewed,,
0x00404950,20,0x00404963,sub_404950,,,unclassified,0.00,,,false,,Attested IDA 1.50a initial candidate; boundary unreviewed,,
0x00404970,15,0x0040497E,sub_404970,,,unclassified,0.00,,,false,,Attested IDA 1.50a initial candidate; boundary unreviewed,,
0x00404980,24,0x00404997,sub_404980,,,unclassified,0.00,,,false,,Attested IDA 1.50a initial candidate; boundary unreviewed,,
0x004049A0,3238,0x00405645,sub_4049A0,,,unclassified,0.00,,,false,,Attested IDA 1.50a initial candidate; boundary unreviewed,,
0x00405650,8,0x00405657,sub_405650,,,unclassified,0.00,,,false,,Attested IDA 1.50a initial candidate; boundary unreviewed,,
0x00405660,154,0x004056F9,sub_405660,,,unclassified,0.00,,,false,,Attested IDA 1.50a initial candidate; boundary unreviewed,,
0x00405700,15,0x0040570E,sub_405700,,,unclassified,0.00,,,false,,Attested IDA 1.50a initial candidate; boundary unreviewed,,
0x00405710,18,0x00405721,sub_405710,,,unclassified,0.00,,,false,,Attested IDA 1.50a initial candidate; boundary unreviewed,,
0x00405730,36,0x00405753,sub_405730,,,unclassified,0.00,,,false,,Attested IDA 1.50a initial candidate; boundary unreviewed,,
0x00405760,1572,0x00405D83,sub_405760,,,unclassified,0.00,,,false,,Attested IDA 1.50a initial candidate; boundary unreviewed,,
0x00405F20,491,0x0040610A,sub_405F20,,,unclassified,0.00,,,false,,Attested IDA 1.50a initial candidate; boundary unreviewed,,
0x00406200,15,0x0040620E,sub_406200,,,unclassified,0.00,,,false,,Attested IDA 1.50a initial candidate; boundary unreviewed,,
0x00406210,702,0x004064CD,sub_406210,,,unclassified,0.00,,,false,,Attested IDA 1.50a initial candidate; boundary unreviewed,,
0x004065E0,21,0x004065F4,sub_4065E0,,,unclassified,0.00,,,false,,Attested IDA 1.50a initial candidate; boundary unreviewed,,
0x00406600,19,0x00406612,sub_406600,,,unclassified,0.00,,,false,,Attested IDA 1.50a initial candidate; boundary unreviewed,,
0x00406620,18,0x00406631,sub_406620,,,unclassified,0.00,,,false,,Attested IDA 1.50a initial candidate; boundary unreviewed,,
0x00406640,9,0x00406648,sub_406640,,,unclassified,0.00,,,false,,Attested IDA 1.50a initial candidate; boundary unreviewed,,
0x00406650,9,0x00406658,sub_406650,,,unclassified,0.00,,,false,,Attested IDA 1.50a initial candidate; boundary unreviewed,,
0x00406660,9,0x00406668,sub_406660,,,unclassified,0.00,,,false,,Attested IDA 1.50a initial candidate; boundary unreviewed,,
0x00406670,10,0x00406679,sub_406670,,,unclassified,0.00,,,false,,Attested IDA 1.50a initial candidate; boundary unreviewed,,
0x00406680,147,0x00406712,sub_406680,,,unclassified,0.00,,,false,,Attested IDA 1.50a initial candidate; boundary unreviewed,,
0x00406720,20,0x00406733,sub_406720,,,unclassified,0.00,,,false,,Attested IDA 1.50a initial candidate; boundary unreviewed,,
0x00406740,80,0x0040678F,sub_406740,,,unclassified,0.00,,,false,,Attested IDA 1.50a initial candidate; boundary unreviewed,,
0x00406790,18,0x004067A1,sub_406790,,,unclassified,0.00,,,false,,Attested IDA 1.50a initial candidate; boundary unreviewed,,
0x004067B0,21,0x004067C4,sub_4067B0,,,unclassified,0.00,,,false,,Attested IDA 1.50a initial candidate; boundary unreviewed,,
0x004067D0,32,0x004067EF,sub_4067D0,,,unclassified,0.00,,,false,,Attested IDA 1.50a initial candidate; boundary unreviewed,,
0x004067F0,42,0x00406819,sub_4067F0,,,unclassified,0.00,,,false,,Attested IDA 1.50a initial candidate; boundary unreviewed,,
0x00406820,16,0x0040682F,sub_406820,,,unclassified,0.00,,,false,,Attested IDA 1.50a initial candidate; boundary unreviewed,,
0x00406830,28,0x0040684B,sub_406830,,,unclassified,0.00,,,false,,Attested IDA 1.50a initial candidate; boundary unreviewed,,
0x00406850,73,0x00406898,sub_406850,,,unclassified,0.00,,,false,,Attested IDA 1.50a initial candidate; boundary unreviewed,,
0x004068A0,1633,0x00406F00,sub_4068A0,,,unclassified,0.00,,,false,,Attested IDA 1.50a initial candidate; boundary unreviewed,,
0x004070A0,346,0x004071F9,sub_4070A0,,,unclassified,0.00,,,false,,Attested IDA 1.50a initial candidate; boundary unreviewed,,
0x00407200,288,0x0040731F,sub_407200,,,unclassified,0.00,,,false,,Attested IDA 1.50a initial candidate; boundary unreviewed,,
0x00407320,296,0x00407447,sub_407320,,,unclassified,0.00,,,false,,Attested IDA 1.50a initial candidate; boundary unreviewed,,
0x00407450,74,0x00407499,sub_407450,,,unclassified,0.00,,,false,,Attested IDA 1.50a initial candidate; boundary unreviewed,,
0x004074A0,188,0x0040755B,sub_4074A0,,,unclassified,0.00,,,false,,Attested IDA 1.50a initial candidate; boundary unreviewed,,
0x00407560,157,0x004075FC,sub_407560,,,unclassified,0.00,,,false,,Attested IDA 1.50a initial candidate; boundary unreviewed,,
0x00407600,255,0x004076FE,sub_407600,,,unclassified,0.00,,,false,,Attested IDA 1.50a initial candidate; boundary unreviewed,,
0x00407700,842,0x00407A49,sub_407700,,,unclassified,0.00,,,false,,Attested IDA 1.50a initial candidate; boundary unreviewed,,
0x00407A80,149,0x00407B14,sub_407A80,,,unclassified,0.00,,,false,,Attested IDA 1.50a initial candidate; boundary unreviewed,,
0x00407B20,261,0x00407C24,sub_407B20,,,unclassified,0.00,,,false,,Attested IDA 1.50a initial candidate; boundary unreviewed,,
0x00407C30,510,0x00407E2D,sub_407C30,,,unclassified,0.00,,,false,,Attested IDA 1.50a initial candidate; boundary unreviewed,,
0x00407E30,516,0x00408033,sub_407E30,,,unclassified,0.00,,,false,,Attested IDA 1.50a initial candidate; boundary unreviewed,,
0x00408040,315,0x0040817A,sub_408040,,,unclassified,0.00,,,false,,Attested IDA 1.50a initial candidate; boundary unreviewed,,
0x00408180,967,0x00408546,sub_408180,,,unclassified,0.00,,,false,,Attested IDA 1.50a initial candidate; boundary unreviewed,,
0x00408560,349,0x004086BC,sub_408560,,,unclassified,0.00,,,false,,Attested IDA 1.50a initial candidate; boundary unreviewed,,
0x004086C0,14792,0x0040C087,sub_4086C0,,,unclassified,0.00,,,false,,Attested IDA 1.50a initial candidate; boundary unreviewed,,
0x0040C390,41,0x0040C3B8,sub_40C390,,,unclassified,0.00,,,false,,Attested IDA 1.50a initial candidate; boundary unreviewed,,
0x0040C3C0,41,0x0040C3E8,sub_40C3C0,,,unclassified,0.00,,,false,,Attested IDA 1.50a initial candidate; boundary unreviewed,,
0x0040C3F0,76,0x0040C43B,sub_40C3F0,,,unclassified,0.00,,,false,,Attested IDA 1.50a initial candidate; boundary unreviewed,,
0x0040C440,41,0x0040C468,sub_40C440,,,unclassified,0.00,,,false,,Attested IDA 1.50a initial candidate; boundary unreviewed,,
0x0040C470,41,0x0040C498,sub_40C470,,,unclassified,0.00,,,false,,Attested IDA 1.50a initial candidate; boundary unreviewed,,
0x0040C4A0,41,0x0040C4C8,sub_40C4A0,,,unclassified,0.00,,,false,,Attested IDA 1.50a initial candidate; boundary unreviewed,,
0x0040C4D0,41,0x0040C4F8,sub_40C4D0,,,unclassified,0.00,,,false,,Attested IDA 1.50a initial candidate; boundary unreviewed,,
0x0040C500,41,0x0040C528,sub_40C500,,,unclassified,0.00,,,false,,Attested IDA 1.50a initial candidate; boundary unreviewed,,
0x0040C530,574,0x0040C76D,sub_40C530,,,unclassified,0.00,,,false,,Attested IDA 1.50a initial candidate; boundary unreviewed,,
0x0040C770,70,0x0040C7B5,sub_40C770,,,unclassified,0.00,,,false,,Attested IDA 1.50a initial candidate; boundary unreviewed,,
0x0040C7C0,69,0x0040C804,sub_40C7C0,,,unclassified,0.00,,,false,,Attested IDA 1.50a initial candidate; boundary unreviewed,,
0x0040C810,69,0x0040C854,sub_40C810,,,unclassified,0.00,,,false,,Attested IDA 1.50a initial candidate; boundary unreviewed,,
0x0040C860,226,0x0040C941,sub_40C860,,,unclassified,0.00,,,false,,Attested IDA 1.50a initial candidate; boundary unreviewed,,
0x0040C950,14,0x0040C95D,sub_40C950,,,unclassified,0.00,,,false,,Attested IDA 1.50a initial candidate; boundary unreviewed,,
0x0040C960,38,0x0040C985,sub_40C960,,,unclassified,0.00,,,false,,Attested IDA 1.50a initial candidate; boundary unreviewed,,
0x0040C990,194,0x0040CA51,sub_40C990,,,unclassified,0.00,,,false,,Attested IDA 1.50a initial candidate; boundary unreviewed,,
0x0040CA60,407,0x0040CBF6,sub_40CA60,,,unclassified,0.00,,,false,,Attested IDA 1.50a initial candidate; boundary unreviewed,,
0x0040CC00,184,0x0040CCB7,sub_40CC00,,,unclassified,0.00,,,false,,Attested IDA 1.50a initial candidate; boundary unreviewed,,
0x0040CCC0,175,0x0040CD6E,sub_40CCC0,,,unclassified,0.00,,,false,,Attested IDA 1.50a initial candidate; boundary unreviewed,,
0x0040CD70,85,0x0040CDC4,sub_40CD70,,,unclassified,0.00,,,false,,Attested IDA 1.50a initial candidate; boundary unreviewed,,
0x0040CDD0,475,0x0040CFAA,sub_40CDD0,,,unclassified,0.00,,,false,,Attested IDA 1.50a initial candidate; boundary unreviewed,,
0x0040CFB0,183,0x0040D066,sub_40CFB0,,,unclassified,0.00,,,false,,Attested IDA 1.50a initial candidate; boundary unreviewed,,
0x0040D070,146,0x0040D101,sub_40D070,,,unclassified,0.00,,,false,,Attested IDA 1.50a initial candidate; boundary unreviewed,,
0x0040D110,169,0x0040D1B8,sub_40D110,,,unclassified,0.00,,,false,,Attested IDA 1.50a initial candidate; boundary unreviewed,,
0x0040D1C0,51,0x0040D1F2,sub_40D1C0,,,unclassified,0.00,,,false,,Attested IDA 1.50a initial candidate; boundary unreviewed,,
0x0040D200,123,0x0040D27A,sub_40D200,,,unclassified,0.00,,,false,,Attested IDA 1.50a initial candidate; boundary unreviewed,,
0x0040D280,51,0x0040D2B2,sub_40D280,,,unclassified,0.00,,,false,,Attested IDA 1.50a initial candidate; boundary unreviewed,,
0x0040D2C0,18,0x0040D2D1,sub_40D2C0,,,unclassified,0.00,,,false,,Attested IDA 1.50a initial candidate; boundary unreviewed,,
0x0040D2E0,61,0x0040D31C,sub_40D2E0,,,unclassified,0.00,,,false,,Attested IDA 1.50a initial candidate; boundary unreviewed,,
0x0040D320,327,0x0040D466,sub_40D320,,,unclassified,0.00,,,false,,Attested IDA 1.50a initial candidate; boundary unreviewed,,
0x0040D4D0,32,0x0040D4EF,sub_40D4D0,,,unclassified,0.00,,,false,,Attested IDA 1.50a initial candidate; boundary unreviewed,,
0x0040D4F0,7,0x0040D4F6,sub_40D4F0,,,unclassified,0.00,,,false,,Attested IDA 1.50a initial candidate; boundary unreviewed,,
0x0040D500,28,0x0040D51B,sub_40D500,,,unclassified,0.00,,,false,,Attested IDA 1.50a initial candidate; boundary unreviewed,,
0x0040E0D0,84,0x0040E123,sub_40E0D0,,,unclassified,0.00,,,false,,Attested IDA 1.50a initial candidate; boundary unreviewed,,
0x0040E130,60,0x0040E16B,sub_40E130,,,unclassified,0.00,,,false,,Attested IDA 1.50a initial candidate; boundary unreviewed,,
0x0040E170,287,0x0040E28E,sub_40E170,,,unclassified,0.00,,,false,,Attested IDA 1.50a initial candidate; boundary unreviewed,,
0x0040E2B0,17,0x0040E2C0,sub_40E2B0,,,unclassified,0.00,,,false,,Attested IDA 1.50a initial candidate; boundary unreviewed,,
0x0040E2D0,18,0x0040E2E1,sub_40E2D0,,,unclassified,0.00,,,false,,Attested IDA 1.50a initial candidate; boundary unreviewed,,
0x0040E2F0,115,0x0040E362,sub_40E2F0,,,unclassified,0.00,,,false,,Attested IDA 1.50a initial candidate; boundary unreviewed,,
0x0040E370,8,0x0040E377,sub_40E370,,,unclassified,0.00,,,false,,Attested IDA 1.50a initial candidate; boundary unreviewed,,
0x0040E380,8,0x0040E387,sub_40E380,,,unclassified,0.00,,,false,,Attested IDA 1.50a initial candidate; boundary unreviewed,,
0x0040E390,11,0x0040E39A,sub_40E390,,,unclassified,0.00,,,false,,Attested IDA 1.50a initial candidate; boundary unreviewed,,
0x0040E3A0,37,0x0040E3C4,sub_40E3A0,,,unclassified,0.00,,,false,,Attested IDA 1.50a initial candidate; boundary unreviewed,,
0x0040E3D0,16,0x0040E3DF,sub_40E3D0,,,unclassified,0.00,,,false,,Attested IDA 1.50a initial candidate; boundary unreviewed,,
0x0040E3E0,16,0x0040E3EF,sub_40E3E0,,,unclassified,0.00,,,false,,Attested IDA 1.50a initial candidate; boundary unreviewed,,
0x0040E3F0,16,0x0040E3FF,sub_40E3F0,,,unclassified,0.00,,,false,,Attested IDA 1.50a initial candidate; boundary unreviewed,,
0x0040E400,75,0x0040E44A,sub_40E400,,,unclassified,0.00,,,false,,Attested IDA 1.50a initial candidate; boundary unreviewed,,
0x0040E450,20,0x0040E463,sub_40E450,,,unclassified,0.00,,,false,,Attested IDA 1.50a initial candidate; boundary unreviewed,,
0x0040E470,14,0x0040E47D,sub_40E470,,,unclassified,0.00,,,false,,Attested IDA 1.50a initial candidate; boundary unreviewed,,
0x0040E480,101,0x0040E4E4,sub_40E480,,,unclassified,0.00,,,false,,Attested IDA 1.50a initial candidate; boundary unreviewed,,
0x0040E4F0,133,0x0040E574,sub_40E4F0,,,unclassified,0.00,,,false,,Attested IDA 1.50a initial candidate; boundary unreviewed,,
0x0040E580,800,0x0040E89F,sub_40E580,,,unclassified,0.00,,,false,,Attested IDA 1.50a initial candidate; boundary unreviewed,,
0x0040E8A0,1499,0x0040EE7A,sub_40E8A0,,,unclassified,0.00,,,false,,Attested IDA 1.50a initial candidate; boundary unreviewed,,
0x0040EF60,119,0x0040EFD6,sub_40EF60,,,unclassified,0.00,,,false,,Attested IDA 1.50a initial candidate; boundary unreviewed,,
0x0040EFE0,145,0x0040F070,sub_40EFE0,,,unclassified,0.00,,,false,,Attested IDA 1.50a initial candidate; boundary unreviewed,,
0x0040F080,223,0x0040F15E,sub_40F080,,,unclassified,0.00,,,false,,Attested IDA 1.50a initial candidate; boundary unreviewed,,
0x0040F160,7,0x0040F166,sub_40F160,,,unclassified,0.00,,,false,,Attested IDA 1.50a initial candidate; boundary unreviewed,,
0x0040F170,16,0x0040F17F,sub_40F170,,,unclassified,0.00,,,false,,Attested IDA 1.50a initial candidate; boundary unreviewed,,
0x0040F180,51,0x0040F1B2,sub_40F180,,,unclassified,0.00,,,false,,Attested IDA 1.50a initial candidate; boundary unreviewed,,
0x0040F1C0,12,0x0040F1CB,sub_40F1C0,,,unclassified,0.00,,,false,,Attested IDA 1.50a initial candidate; boundary unreviewed,,
0x0040F1D0,364,0x0040F33B,sub_40F1D0,,,unclassified,0.00,,,false,,Attested IDA 1.50a initial candidate; boundary unreviewed,,
0x0040F340,373,0x0040F4B4,sub_40F340,,,unclassified,0.00,,,false,,Attested IDA 1.50a initial candidate; boundary unreviewed,,
0x0040F4C0,151,0x0040F556,sub_40F4C0,,,unclassified,0.00,,,false,,Attested IDA 1.50a initial candidate; boundary unreviewed,,
0x0040F560,64,0x0040F59F,sub_40F560,,,unclassified,0.00,,,false,,Attested IDA 1.50a initial candidate; boundary unreviewed,,
0x0040F5A0,56,0x0040F5D7,sub_40F5A0,,,unclassified,0.00,,,false,,Attested IDA 1.50a initial candidate; boundary unreviewed,,
0x0040F5E0,91,0x0040F63A,sub_40F5E0,,,unclassified,0.00,,,false,,Attested IDA 1.50a initial candidate; boundary unreviewed,,
0x0040F640,392,0x0040F7C7,sub_40F640,,,unclassified,0.00,,,false,,Attested IDA 1.50a initial candidate; boundary unreviewed,,
0x0040F7D0,62,0x0040F80D,sub_40F7D0,,,unclassified,0.00,,,false,,Attested IDA 1.50a initial candidate; boundary unreviewed,,
0x0040F810,17,0x0040F820,sub_40F810,,,unclassified,0.00,,,false,,Attested IDA 1.50a initial candidate; boundary unreviewed,,
0x0040F830,16,0x0040F83F,sub_40F830,,,unclassified,0.00,,,false,,Attested IDA 1.50a initial candidate; boundary unreviewed,,
0x0040F840,20,0x0040F853,sub_40F840,,,unclassified,0.00,,,false,,Attested IDA 1.50a initial candidate; boundary unreviewed,,
0x0040F860,33,0x0040F880,sub_40F860,,,unclassified,0.00,,,false,,Attested IDA 1.50a initial candidate; boundary unreviewed,,
0x0040F890,20,0x0040F8A3,sub_40F890,,,unclassified,0.00,,,false,,Attested IDA 1.50a initial candidate; boundary unreviewed,,
0x0040F8B0,12,0x0040F8BB,sub_40F8B0,,,unclassified,0.00,,,false,,Attested IDA 1.50a initial candidate; boundary unreviewed,,
0x0040F8C0,29,0x0040F8DC,sub_40F8C0,,,unclassified,0.00,,,false,,Attested IDA 1.50a initial candidate; boundary unreviewed,,
0x0040F8E0,205,0x0040F9AC,sub_40F8E0,,,unclassified,0.00,,,false,,Attested IDA 1.50a initial candidate; boundary unreviewed,,
0x0040F9B0,188,0x0040FA6B,sub_40F9B0,,,unclassified,0.00,,,false,,Attested IDA 1.50a initial candidate; boundary unreviewed,,
0x0040FA70,554,0x0040FC99,sub_40FA70,,,unclassified,0.00,,,false,,Attested IDA 1.50a initial candidate; boundary unreviewed,,
0x0040FCA0,28,0x0040FCBB,sub_40FCA0,,,unclassified,0.00,,,false,,Attested IDA 1.50a initial candidate; boundary unreviewed,,
0x0040FCC0,974,0x0041008D,sub_40FCC0,,,unclassified,0.00,,,false,,Attested IDA 1.50a initial candidate; boundary unreviewed,,
0x004100E0,48,0x0041010F,sub_4100E0,,,unclassified,0.00,,,false,,Attested IDA 1.50a initial candidate; boundary unreviewed,,
0x00410110,184,0x004101C7,sub_410110,,,unclassified,0.00,,,false,,Attested IDA 1.50a initial candidate; boundary unreviewed,,
0x004101D0,127,0x0041024E,sub_4101D0,,,unclassified,0.00,,,false,,Attested IDA 1.50a initial candidate; boundary unreviewed,,
0x00410250,82,0x004102A1,sub_410250,,,unclassified,0.00,,,false,,Attested IDA 1.50a initial candidate; boundary unreviewed,,
0x004102B0,1142,0x00410725,sub_4102B0,,,unclassified,0.00,,,false,,Attested IDA 1.50a initial candidate; boundary unreviewed,,
0x00410730,3883,0x0041165A,sub_410730,,,unclassified,0.00,,,false,,Attested IDA 1.50a initial candidate; boundary unreviewed,,
0x00411670,1758,0x00411D4D,sub_411670,,,unclassified,0.00,,,false,,Attested IDA 1.50a initial candidate; boundary unreviewed,,
0x00411D50,35,0x00411D72,sub_411D50,,,unclassified,0.00,,,false,,Attested IDA 1.50a initial candidate; boundary unreviewed,,
0x00411D80,38,0x00411DA5,sub_411D80,,,unclassified,0.00,,,false,,Attested IDA 1.50a initial candidate; boundary unreviewed,,
0x00411DB0,372,0x00411F23,sub_411DB0,,,unclassified,0.00,,,false,,Attested IDA 1.50a initial candidate; boundary unreviewed,,
0x00411F30,68,0x00411F73,sub_411F30,,,unclassified,0.00,,,false,,Attested IDA 1.50a initial candidate; boundary unreviewed,,
0x00411F80,74,0x00411FC9,sub_411F80,,,unclassified,0.00,,,false,,Attested IDA 1.50a initial candidate; boundary unreviewed,,
0x00411FD0,177,0x00412080,sub_411FD0,,,unclassified,0.00,,,false,,Attested IDA 1.50a initial candidate; boundary unreviewed,,
0x00412090,15,0x0041209E,sub_412090,,,unclassified,0.00,,,false,,Attested IDA 1.50a initial candidate; boundary unreviewed,,
0x004120A0,20,0x004120B3,sub_4120A0,,,unclassified,0.00,,,false,,Attested IDA 1.50a initial candidate; boundary unreviewed,,
0x004120C0,15,0x004120CE,sub_4120C0,,,unclassified,0.00,,,false,,Attested IDA 1.50a initial candidate; boundary unreviewed,,
0x004120D0,47,0x004120FE,sub_4120D0,,,unclassified,0.00,,,false,,Attested IDA 1.50a initial candidate; boundary unreviewed,,
0x00412100,207,0x004121CE,sub_412100,,,unclassified,0.00,,,false,,Attested IDA 1.50a initial candidate; boundary unreviewed,,
0x004121D0,101,0x00412234,sub_4121D0,,,unclassified,0.00,,,false,,Attested IDA 1.50a initial candidate; boundary unreviewed,,
0x00412240,328,0x00412387,sub_412240,,,unclassified,0.00,,,false,,Attested IDA 1.50a initial candidate; boundary unreviewed,,
0x00412390,39,0x004123B6,sub_412390,,,unclassified,0.00,,,false,,Attested IDA 1.50a initial candidate; boundary unreviewed,,
0x004123C0,173,0x0041246C,sub_4123C0,,,unclassified,0.00,,,false,,Attested IDA 1.50a initial candidate; boundary unreviewed,,
0x00412470,95,0x004124CE,sub_412470,,,unclassified,0.00,,,false,,Attested IDA 1.50a initial candidate; boundary unreviewed,,
0x004124D0,16,0x004124DF,sub_4124D0,,,unclassified,0.00,,,false,,Attested IDA 1.50a initial candidate; boundary unreviewed,,
0x004124E0,161,0x00412580,sub_4124E0,,,unclassified,0.00,,,false,,Attested IDA 1.50a initial candidate; boundary unreviewed,,
0x00412590,3,0x00412592,nullsub_1,,,unclassified,0.00,,,false,,Attested IDA 1.50a initial candidate; boundary unreviewed,,
0x004125A0,3,0x004125A2,nullsub_2,,,unclassified,0.00,,,false,,Attested IDA 1.50a initial candidate; boundary unreviewed,,
0x004125B0,36,0x004125D3,sub_4125B0,,,unclassified,0.00,,,false,,Attested IDA 1.50a initial candidate; boundary unreviewed,,
0x004125E0,24,0x004125F7,sub_4125E0,,,unclassified,0.00,,,false,,Attested IDA 1.50a initial candidate; boundary unreviewed,,
0x00412600,14,0x0041260D,sub_412600,,,unclassified,0.00,,,false,,Attested IDA 1.50a initial candidate; boundary unreviewed,,
0x00412610,54,0x00412645,sub_412610,,,unclassified,0.00,,,false,,Attested IDA 1.50a initial candidate; boundary unreviewed,,
0x00412650,37,0x00412674,sub_412650,,,unclassified,0.00,,,false,,Attested IDA 1.50a initial candidate; boundary unreviewed,,
0x00412680,39,0x004126A6,sub_412680,,,unclassified,0.00,,,false,,Attested IDA 1.50a initial candidate; boundary unreviewed,,
0x004126B0,31,0x004126CE,sub_4126B0,,,unclassified,0.00,,,false,,Attested IDA 1.50a initial candidate; boundary unreviewed,,
0x004126D0,37,0x004126F4,sub_4126D0,,,unclassified,0.00,,,false,,Attested IDA 1.50a initial candidate; boundary unreviewed,,
0x00412700,39,0x00412726,sub_412700,,,unclassified,0.00,,,false,,Attested IDA 1.50a initial candidate; boundary unreviewed,,
0x00412730,39,0x00412756,sub_412730,,,unclassified,0.00,,,false,,Attested IDA 1.50a initial candidate; boundary unreviewed,,
0x00412760,31,0x0041277E,sub_412760,,,unclassified,0.00,,,false,,Attested IDA 1.50a initial candidate; boundary unreviewed,,
0x00412780,33,0x004127A0,sub_412780,,,unclassified,0.00,,,false,,Attested IDA 1.50a initial candidate; boundary unreviewed,,
0x004127B0,66,0x004127F1,sub_4127B0,,,unclassified,0.00,,,false,,Attested IDA 1.50a initial candidate; boundary unreviewed,,
0x00412800,41,0x00412828,sub_412800,,,unclassified,0.00,,,false,,Attested IDA 1.50a initial candidate; boundary unreviewed,,
0x00412830,245,0x00412924,sub_412830,,,unclassified,0.00,,,false,,Attested IDA 1.50a initial candidate; boundary unreviewed,,
0x00412930,40,0x00412957,sub_412930,,,unclassified,0.00,,,false,,Attested IDA 1.50a initial candidate; boundary unreviewed,,
0x00412960,1893,0x004130C4,sub_412960,,,unclassified,0.00,,,false,,Attested IDA 1.50a initial candidate; boundary unreviewed,,
0x004130F0,203,0x004131BA,sub_4130F0,,,unclassified,0.00,,,false,,Attested IDA 1.50a initial candidate; boundary unreviewed,,
0x004131C0,203,0x0041328A,sub_4131C0,,,unclassified,0.00,,,false,,Attested IDA 1.50a initial candidate; boundary unreviewed,,
0x00413290,450,0x00413451,sub_413290,,,unclassified,0.00,,,false,,Attested IDA 1.50a initial candidate; boundary unreviewed,,
0x00413460,110,0x004134CD,sub_413460,,,unclassified,0.00,,,false,,Attested IDA 1.50a initial candidate; boundary unreviewed,,
0x004134D0,179,0x00413582,sub_4134D0,,,unclassified,0.00,,,false,,Attested IDA 1.50a initial candidate; boundary unreviewed,,
0x00413590,158,0x0041362D,sub_413590,,,unclassified,0.00,,,false,,Attested IDA 1.50a initial candidate; boundary unreviewed,,
0x00413630,202,0x004136F9,sub_413630,,,unclassified,0.00,,,false,,Attested IDA 1.50a initial candidate; boundary unreviewed,,
0x00413700,199,0x004137C6,sub_413700,,,unclassified,0.00,,,false,,Attested IDA 1.50a initial candidate; boundary unreviewed,,
0x004137D0,236,0x004138BB,sub_4137D0,,,unclassified,0.00,,,false,,Attested IDA 1.50a initial candidate; boundary unreviewed,,
0x004138C0,295,0x004139E6,sub_4138C0,,,unclassified,0.00,,,false,,Attested IDA 1.50a initial candidate; boundary unreviewed,,
0x004139F0,113,0x00413A60,sub_4139F0,,,unclassified,0.00,,,false,,Attested IDA 1.50a initial candidate; boundary unreviewed,,
0x00413A70,113,0x00413AE0,sub_413A70,,,unclassified,0.00,,,false,,Attested IDA 1.50a initial candidate; boundary unreviewed,,
0x00413AF0,215,0x00413BC6,sub_413AF0,,,unclassified,0.00,,,false,,Attested IDA 1.50a initial candidate; boundary unreviewed,,
0x00413BE0,600,0x00413E37,sub_413BE0,,,unclassified,0.00,,,false,,Attested IDA 1.50a initial candidate; boundary unreviewed,,
0x00413E40,598,0x00414095,sub_413E40,,,unclassified,0.00,,,false,,Attested IDA 1.50a initial candidate; boundary unreviewed,,
0x00414180,52,0x004141B3,sub_414180,,,unclassified,0.00,,,false,,Attested IDA 1.50a initial candidate; boundary unreviewed,,
0x004141C0,1236,0x00414693,sub_4141C0,,,unclassified,0.00,,,false,,Attested IDA 1.50a initial candidate; boundary unreviewed,,
0x004146F0,2195,0x00414F82,sub_4146F0,,,unclassified,0.00,,,false,,Attested IDA 1.50a initial candidate; boundary unreviewed,,
0x00414FA0,56,0x00414FD7,sub_414FA0,,,unclassified,0.00,,,false,,Attested IDA 1.50a initial candidate; boundary unreviewed,,
0x00414FE0,58,0x00415019,sub_414FE0,,,unclassified,0.00,,,false,,Attested IDA 1.50a initial candidate; boundary unreviewed,,
0x00415020,34,0x00415041,sub_415020,,,unclassified,0.00,,,false,,Attested IDA 1.50a initial candidate; boundary unreviewed,,
0x00415050,121,0x004150C8,sub_415050,,,unclassified,0.00,,,false,,Attested IDA 1.50a initial candidate; boundary unreviewed,,
0x004150D0,283,0x004151EA,sub_4150D0,,,unclassified,0.00,,,false,,Attested IDA 1.50a initial candidate; boundary unreviewed,,
0x004151F0,321,0x00415330,sub_4151F0,,,unclassified,0.00,,,false,,Attested IDA 1.50a initial candidate; boundary unreviewed,,
0x00415340,279,0x00415456,sub_415340,,,unclassified,0.00,,,false,,Attested IDA 1.50a initial candidate; boundary unreviewed,,
0x00415460,286,0x0041557D,sub_415460,,,unclassified,0.00,,,false,,Attested IDA 1.50a initial candidate; boundary unreviewed,,
0x00415580,193,0x00415640,sub_415580,,,unclassified,0.00,,,false,,Attested IDA 1.50a initial candidate; boundary unreviewed,,
0x00415650,70,0x00415695,sub_415650,,,unclassified,0.00,,,false,,Attested IDA 1.50a initial candidate; boundary unreviewed,,
0x004156A0,66,0x004156E1,sub_4156A0,,,unclassified,0.00,,,false,,Attested IDA 1.50a initial candidate; boundary unreviewed,,
0x004156F0,88,0x00415747,sub_4156F0,,,unclassified,0.00,,,false,,Attested IDA 1.50a initial candidate; boundary unreviewed,,
0x00415750,66,0x00415791,sub_415750,,,unclassified,0.00,,,false,,Attested IDA 1.50a initial candidate; boundary unreviewed,,
0x004157A0,15,0x004157AE,sub_4157A0,,,unclassified,0.00,,,false,,Attested IDA 1.50a initial candidate; boundary unreviewed,,
0x004157B0,28,0x004157CB,sub_4157B0,,,unclassified,0.00,,,false,,Attested IDA 1.50a initial candidate; boundary unreviewed,,
0x004157D0,264,0x004158D7,sub_4157D0,,,unclassified,0.00,,,false,,Attested IDA 1.50a initial candidate; boundary unreviewed,,
0x004158E0,33,0x00415900,sub_4158E0,,,unclassified,0.00,,,false,,Attested IDA 1.50a initial candidate; boundary unreviewed,,
0x00415910,799,0x00415C2E,sub_415910,,,unclassified,0.00,,,false,,Attested IDA 1.50a initial candidate; boundary unreviewed,,
0x00415C30,24,0x00415C47,sub_415C30,,,unclassified,0.00,,,false,,Attested IDA 1.50a initial candidate; boundary unreviewed,,
0x00415C50,14,0x00415C5D,sub_415C50,,,unclassified,0.00,,,false,,Attested IDA 1.50a initial candidate; boundary unreviewed,,
0x00415C60,39,0x00415C86,sub_415C60,,,unclassified,0.00,,,false,,Attested IDA 1.50a initial candidate; boundary unreviewed,,
0x00415C90,23,0x00415CA6,sub_415C90,,,unclassified,0.00,,,false,,Attested IDA 1.50a initial candidate; boundary unreviewed,,
0x00415CB0,18,0x00415CC1,sub_415CB0,,,unclassified,0.00,,,false,,Attested IDA 1.50a initial candidate; boundary unreviewed,,
0x00415CD0,18,0x00415CE1,sub_415CD0,,,unclassified,0.00,,,false,,Attested IDA 1.50a initial candidate; boundary unreviewed,,
0x00415CF0,6,0x00415CF5,sub_415CF0,,,unclassified,0.00,,,false,,Attested IDA 1.50a initial candidate; boundary unreviewed,,
0x00415D00,8,0x00415D07,sub_415D00,,,unclassified,0.00,,,false,,Attested IDA 1.50a initial candidate; boundary unreviewed,,
0x00415D10,8,0x00415D17,sub_415D10,,,unclassified,0.00,,,false,,Attested IDA 1.50a initial candidate; boundary unreviewed,,
0x00415D20,13,0x00415D2C,sub_415D20,,,unclassified,0.00,,,false,,Attested IDA 1.50a initial candidate; boundary unreviewed,,
0x00415D30,15,0x00415D3E,sub_415D30,,,unclassified,0.00,,,false,,Attested IDA 1.50a initial candidate; boundary unreviewed,,
0x00415D40,14,0x00415D4D,sub_415D40,,,unclassified,0.00,,,false,,Attested IDA 1.50a initial candidate; boundary unreviewed,,
0x00415D50,24,0x00415D67,sub_415D50,,,unclassified,0.00,,,false,,Attested IDA 1.50a initial candidate; boundary unreviewed,,
0x00415D70,222,0x00415E4D,sub_415D70,,,unclassified,0.00,,,false,,Attested IDA 1.50a initial candidate; boundary unreviewed,,
0x00415E50,553,0x00416078,sub_415E50,,,unclassified,0.00,,,false,,Attested IDA 1.50a initial candidate; boundary unreviewed,,
0x00416080,213,0x00416154,sub_416080,,,unclassified,0.00,,,false,,Attested IDA 1.50a initial candidate; boundary unreviewed,,
0x00416160,357,0x004162C4,sub_416160,,,unclassified,0.00,,,false,,Attested IDA 1.50a initial candidate; boundary unreviewed,,
0x004162D0,693,0x00416584,sub_4162D0,,,unclassified,0.00,,,false,,Attested IDA 1.50a initial candidate; boundary unreviewed,,
0x00416590,2852,0x004170B3,sub_416590,,,unclassified,0.00,,,false,,Attested IDA 1.50a initial candidate; boundary unreviewed,,
0x00417130,995,0x00417512,sub_417130,,,unclassified,0.00,,,false,,Attested IDA 1.50a initial candidate; boundary unreviewed,,
0x00417520,271,0x0041762E,sub_417520,,,unclassified,0.00,,,false,,Attested IDA 1.50a initial candidate; boundary unreviewed,,
0x00417630,1491,0x00417C02,sub_417630,,,unclassified,0.00,,,false,,Attested IDA 1.50a initial candidate; boundary unreviewed,,
0x00417C10,1474,0x004181D1,sub_417C10,,,unclassified,0.00,,,false,,Attested IDA 1.50a initial candidate; boundary unreviewed,,
0x004181E0,133,0x00418264,sub_4181E0,,,unclassified,0.00,,,false,,Attested IDA 1.50a initial candidate; boundary unreviewed,,
0x00418270,34,0x00418291,sub_418270,,,unclassified,0.00,,,false,,Attested IDA 1.50a initial candidate; boundary unreviewed,,
0x004182A0,50,0x004182D1,sub_4182A0,,,unclassified,0.00,,,false,,Attested IDA 1.50a initial candidate; boundary unreviewed,,
0x004182E0,405,0x00418474,sub_4182E0,,,unclassified,0.00,,,false,,Attested IDA 1.50a initial candidate; boundary unreviewed,,
0x00418480,706,0x00418741,sub_418480,,,unclassified,0.00,,,false,,Attested IDA 1.50a initial candidate; boundary unreviewed,,
0x00418750,85,0x004187A4,sub_418750,,,unclassified,0.00,,,false,,Attested IDA 1.50a initial candidate; boundary unreviewed,,
0x004187B0,143,0x0041883E,sub_4187B0,,,unclassified,0.00,,,false,,Attested IDA 1.50a initial candidate; boundary unreviewed,,
0x00418840,220,0x0041891B,sub_418840,,,unclassified,0.00,,,false,,Attested IDA 1.50a initial candidate; boundary unreviewed,,
0x00418920,14,0x0041892D,sub_418920,,,unclassified,0.00,,,false,,Attested IDA 1.50a initial candidate; boundary unreviewed,,
0x00418930,26,0x00418949,sub_418930,,,unclassified,0.00,,,false,,Attested IDA 1.50a initial candidate; boundary unreviewed,,
0x00418950,319,0x00418A8E,sub_418950,,,unclassified,0.00,,,false,,Attested IDA 1.50a initial candidate; boundary unreviewed,,
0x00418A90,2381,0x004193DC,sub_418A90,,,unclassified,0.00,,,false,,Attested IDA 1.50a initial candidate; boundary unreviewed,,
0x004193E0,3094,0x00419FF5,sub_4193E0,,,unclassified,0.00,,,false,,Attested IDA 1.50a initial candidate; boundary unreviewed,,
0x0041A000,460,0x0041A1CB,sub_41A000,,,unclassified,0.00,,,false,,Attested IDA 1.50a initial candidate; boundary unreviewed,,
0x0041A1D0,59,0x0041A20A,sub_41A1D0,,,unclassified,0.00,,,false,,Attested IDA 1.50a initial candidate; boundary unreviewed,,
0x0041A210,21,0x0041A224,sub_41A210,,,unclassified,0.00,,,false,,Attested IDA 1.50a initial candidate; boundary unreviewed,,
0x0041A230,51,0x0041A262,sub_41A230,,,unclassified,0.00,,,false,,Attested IDA 1.50a initial candidate; boundary unreviewed,,
0x0041A270,95,0x0041A2CE,sub_41A270,,,unclassified,0.00,,,false,,Attested IDA 1.50a initial candidate; boundary unreviewed,,
0x0041A2D0,67,0x0041A312,sub_41A2D0,,,unclassified,0.00,,,false,,Attested IDA 1.50a initial candidate; boundary unreviewed,,
0x0041A320,92,0x0041A37B,sub_41A320,,,unclassified,0.00,,,false,,Attested IDA 1.50a initial candidate; boundary unreviewed,,
0x0041A380,56,0x0041A3B7,sub_41A380,,,unclassified,0.00,,,false,,Attested IDA 1.50a initial candidate; boundary unreviewed,,
0x0041A3C0,21,0x0041A3D4,sub_41A3C0,,,unclassified,0.00,,,false,,Attested IDA 1.50a initial candidate; boundary unreviewed,,
0x0041A3E0,142,0x0041A46D,sub_41A3E0,,,unclassified,0.00,,,false,,Attested IDA 1.50a initial candidate; boundary unreviewed,,
0x0041A470,28,0x0041A48B,sub_41A470,,,unclassified,0.00,,,false,,Attested IDA 1.50a initial candidate; boundary unreviewed,,
0x0041A490,307,0x0041A5C2,sub_41A490,,,unclassified,0.00,,,false,,Attested IDA 1.50a initial candidate; boundary unreviewed,,
0x0041A5D0,283,0x0041A6EA,sub_41A5D0,,,unclassified,0.00,,,false,,Attested IDA 1.50a initial candidate; boundary unreviewed,,
0x0041A6EB,116,0x0041A75E,sub_41A6EB,,,unclassified,0.00,,,false,,Attested IDA 1.50a initial candidate; boundary unreviewed,,
0x0041A75F,55,0x0041A795,sub_41A75F,GameManagerSetupLayout::OnDraw,GameManager,matching,100.00,__fastcall,int GameManagerSetupLayout::OnDraw(GameManagerSetupLayout *gameManager),false,src/GameManagerSetup.cpp,Two repeatable pinned-VC7.1 canonical replays: 55/55 bytes exact with one reviewed DIR32 relocation to g_Supervisor @ 0x004B3100; exact RegisterChain installs this routine as the GameManager draw callback,authored,"Reviewed extent 0x0041A75F-0x0041A795; advances nonzero menu state +0x13C to 2, returns Chain BREAK when Supervisor +0x590 is not 2 or GameManager flags +0x134 transition bits equal 0x20, otherwise returns BREAK while gameplaySetupState +0x124 is nonzero and CONTINUE when it is zero; independent 0x0041A796 begins at the next byte"
0x0041A796,45,0x0041A7C2,sub_41A796,,,unclassified,0.00,,,false,,Attested IDA 1.50a initial candidate; boundary unreviewed,,
0x0041A7C3,100,0x0041A826,sub_41A7C3,,,unclassified,0.00,,,false,,Attested IDA 1.50a initial candidate; boundary unreviewed,,
0x0041A827,98,0x0041A888,sub_41A827,,,unclassified,0.00,,,false,,Attested IDA 1.50a initial candidate; boundary unreviewed,,
0x0041A889,21,0x0041A89D,sub_41A889,ChainElem::SetCallback,Chain,matching,100.00,__thiscall,void ChainElem::SetCallback(ChainCallback callback),false,src/ChainElemCallback.cpp,Canonical VC7.1 comparison: 21/21 bytes exact with no relocations,authored,Sets callback at +0x4 and clears added/deleted callbacks at +0x8/+0xC; reviewed extent ends 0x0041A89D and the separate 0x0041A89E candidate begins immediately; /O1 /Ob1 /Oy- is exact while tested /O2 variants are same-size mismatches
0x0041A89E,4,0x0041A8A1,sub_41A89E,,,unclassified,0.00,,,false,,Attested IDA 1.50a initial candidate; boundary unreviewed,,
0x0041A8A2,233,0x0041A98A,sub_41A8A2,GameConfiguration::Initialize,GameConfiguration,matching,100.00,__thiscall,,false,src/GameConfiguration.cpp,"Two repeatable relocation-aware VC7.1 canonical replays: 233/233 bytes exact with 6 relocations; callers include the adjacent constructor-shaped wrapper, a 0xCC allocation path, a large-object embedded configuration, and Supervisor::LoadConfig",authored,"Initializes a 0xCC GameConfiguration, zeroes the complete object, applies TH09 defaults, and copies six 0x12 controller bindings from one 0xC4 controller layout rooted at 0x004ACE70; maintained source uses void Initialize(), but the target return contract is intentionally unresolved because all observed callers ignore EAX and decompiler return inference is not ABI proof; /O2 alone produces a 444-byte body while /O2 /Os and /O1 reproduce the 233-byte target, so original TU partition/local optimization remains unknown"
0x0041A98B,12,0x0041A996,sub_41A98B,GameConfiguration::GameConfiguration,GameConfiguration,matching,100.00,__thiscall,GameConfiguration::GameConfiguration(),false,src/GameConfiguration.cpp,"Two repeatable relocation-aware VC7.1 canonical replays: 12/12 bytes exact with one REL32 relocation to 0x0041A8A2; target body saves this, calls the initializer, returns this in EAX, and is immediately followed by an independent function at 0x0041A997",authored,Constructor-shaped wrapper for the 0xCC GameConfiguration object; logical extent is 0x0041A98B-0x0041A996 with no padding before 0x0041A997
0x0041A997,21,0x0041A9AB,sub_41A997,,,unclassified,0.00,,,false,,Attested IDA 1.50a initial candidate; boundary unreviewed,,
0x0041A9AC,12,0x0041A9B7,sub_41A9AC,,,unclassified,0.00,,,false,,Attested IDA 1.50a initial candidate; boundary unreviewed,,
0x0041A9B8,79,0x0041AA06,sub_41A9B8,,,unclassified,0.00,,,false,,Attested IDA 1.50a initial candidate; boundary unreviewed,,
0x0041AA07,88,0x0041AA5E,sub_41AA07,GameManagerSetupLayout::AdvanceTimedState,GameManager,matching,100.00,__thiscall,void GameManagerSetupLayout::AdvanceTimedState(),false,src/GameManagerSetup.cpp,Two repeatable pinned-VC7.1 canonical replays: 88/88 bytes exact with 8 relocation targets; all four target callers pass the GameManager base in ECX and ignore EAX,authored,"Reads side-0 state at +0x1C; while value00 < 7.0f adds 1.0f and emits event 0x1C/0 through object 0x004DC698; increments signed phase10 at state +0x10; mode 1 clamps at 8, other modes at 5, by storing 99999. Target JL proves signed comparison. Reviewed extent 0x0041AA07-0x0041AA5E; 0x0041AA5F is independent."
0x0041AA5F,1230,0x0041AF2C,sub_41AA5F,GameManagerSetupLayout::OnUpdate,GameManager,unclassified,0.00,__fastcall,int GameManagerSetupLayout::OnUpdate(GameManagerSetupLayout *gameManager),false,src/GameManagerSetup.cpp,"Attested TH09 exact RegisterChain ownership plus reviewed boundary/control flow/callback ABI and maintained natural source; packet-68 fresh live-HEAD pinned VC7.1 /O2 /Os /Ob1 /Oy- /Gr replay repeats 1236 bytes versus target 1230. Natural copy/layout probes emit 1239/1235/1164/1236/1235/1235 bytes and none is exact; target keeps GameManager in EBX and reuses ESI as zero. Target input-state bases 0x004ACE18/0x004ACEA6/0x004ACF34 participate in 0x8E-strided state logic, while full C++ physical ownership remains unknown",authored,"Reviewed extent 0x0041AA5F-0x0041AF2C; exact RegisterChain installs this as the GameManager calc callback with g_GameManager as arg. Returns Chain states 1/3/4 and owns setup wait, stage-startup cleanup, pause/demo handling, gameplay counters/spawn logic, two-side score smoothing, and exact AdvanceTimedState calls. Packet 68 revalidated source presence and the persistent compiler-shape blocker; no canonical match."
0x0041AF2D,1689,0x0041B5C5,sub_41AF2D,GameplaySetupThread,GameManager,unclassified,0.00,__fastcall,void GameplaySetupThread(void *unused),false,src/GameManagerSetup.cpp,"Exact GameManager AddedCallback registers this 1689-byte entry as the gameplay setup thread with NULL parameter; target-local body owns GameManager configuration, two-side state allocation, subsystem setup, success/failure state transitions, and exact SupervisorCalculateFps(0) dependency. Fresh stock VC7.1 /O2 /Os and /O1 builds remain 1689 bytes but non-exact at 402/1005 comparable bytes.",authored,"Reviewed extent 0x0041AF2D-0x0041B5C5 with immediate independent 0x0041B5C6 start. Authored-game/GameManager origin is now high-confidence from exact AddedCallback registration and game-specific state ownership, independently of exactness. Current codegen first diverges at +0x1DB because the object caches g_GameManager in ESI across the reuse path, while target reloads ECX and later rebases ESI to side flags +0x34. Target/object prologue and sole 4-byte x87 conversion temp match. Source presence only; no canonical match. Original source/object TU and exact source shape remain unresolved."
0x0041B5C6,425,0x0041B76E,sub_41B5C6,GameManagerSetupLayout::CleanupGameplayState,GameManager,unclassified,0.00,,,false,src/GameManagerSetup.cpp,"Attested TH09 boundary/callers/callees plus maintained natural source; pinned VC7.1 /O2 /Os emits 399 bytes for the provisional void shape, while a natural int-return probe emits 412 bytes and restores the target independent gameMode==2 clamp topology; return contract remains unresolved and no canonical match exists",authored,"Reviewed extent 0x0041B5C6-0x0041B76E. Both callers ignore EAX, which does not determine the source return type. The target preserves a coherent pre-clamp integer result in EAX through ret on special and normal paths. Maintained source remains provisional void/source-present only; natural int-return codegen is closer but still non-exact. Resets AsciiManager, releases global and two-side gameplay subsystems, rebalances setup parameters, clears valueB0/value348, and clamps valueCC after subtracting 1000."
0x0041B76F,187,0x0041B829,sub_41B76F,GameManagerSetupLayout::AddedCallback,GameManager,matching,100.00,__fastcall,int GameManagerSetupLayout::AddedCallback(GameManagerSetupLayout *gameManager),false,src/GameManagerSetup.cpp,Two repeatable pinned-VC7.1 canonical replays: 187/187 bytes exact with 13 reviewed relocation targets; target-local ChainElem registration stores this routine as addedCallback with g_GameManager as arg,authored,"Reviewed extent 0x0041B76F-0x0041B829 with immediate independent 0x0041B82A start; updates Supervisor initial-load flag, starts loading VMs/effect, normalizes GameManager transition bits, launches GameplaySetupThread, then updates game/play time"
0x0041B82A,422,0x0041B9CF,sub_41B82A,GameManagerSetupLayout::DeletedCallback,GameManager,matching,100.00,__fastcall,int GameManagerSetupLayout::DeletedCallback(GameManagerSetupLayout *gameManager),false,src/GameManagerSetup.cpp,Two repeatable pinned-VC7.1 canonical replays: 422/422 bytes exact with 41 reviewed relocations; target-local GameManager chain registration stores this routine as deletedCallback,authored,"Reviewed extent 0x0041B82A-0x0041B9CF; snapshots GameManager state, builds the observed 0x2C HSCR record, conditionally releases the stage object, tears down both 0x38-byte subsystem sides and shared/game/secondary objects, frees +0xE8, drains SoundPlayer queues, and clears 0x004A80D8; 0x0041B9D0 begins independently at the next byte"
0x0041B9D0,127,0x0041BA4E,sub_41B9D0,GameManagerSetupLayout::RegisterChain,GameManager,matching,100.00,__fastcall,int GameManagerSetupLayout::RegisterChain(),false,src/GameManagerSetup.cpp,"Two repeatable pinned-VC7.1 canonical replays: 127/127 bytes exact with 19 reviewed relocation targets; TH09 target-local registration binds calc/draw ChainElems, callbacks, g_GameManager argument, and priorities 2/5",authored,"Reviewed extent 0x0041B9D0-0x0041BA4E; resets GameManager +0x348, registers calc callback 0x0041AA5F plus exact added/deleted callbacks at priority 2, returns -1 if calc insertion fails, then registers draw callback 0x0041A75F at priority 5 and ignores the draw insertion result; 0x0041BA4F begins independently at the next byte"
0x0041BA4F,47,0x0041BA7D,sub_41BA4F,,,unclassified,0.00,,,false,,Attested IDA 1.50a initial candidate; boundary unreviewed,,
0x0041BA80,121,0x0041BAF8,sub_41BA80,,,unclassified,0.00,,,false,,Attested IDA 1.50a initial candidate; boundary unreviewed,,
0x0041BB00,101,0x0041BB64,sub_41BB00,,,unclassified,0.00,,,false,,Attested IDA 1.50a initial candidate; boundary unreviewed,,
0x0041BB70,101,0x0041BBD4,sub_41BB70,,,unclassified,0.00,,,false,,Attested IDA 1.50a initial candidate; boundary unreviewed,,
0x0041BBE0,172,0x0041BC8B,sub_41BBE0,,,unclassified,0.00,,,false,,Attested IDA 1.50a initial candidate; boundary unreviewed,,
0x0041BC90,162,0x0041BD31,sub_41BC90,,,unclassified,0.00,,,false,,Attested IDA 1.50a initial candidate; boundary unreviewed,,
0x0041BD40,19,0x0041BD52,sub_41BD40,,,unclassified,0.00,,,false,,Attested IDA 1.50a initial candidate; boundary unreviewed,,
0x0041BD60,8,0x0041BD67,sub_41BD60,,,unclassified,0.00,,,false,,Attested IDA 1.50a initial candidate; boundary unreviewed,,
0x0041BD70,19,0x0041BD82,sub_41BD70,,,unclassified,0.00,,,false,,Attested IDA 1.50a initial candidate; boundary unreviewed,,
0x0041BD90,5,0x0041BD94,sub_41BD90,,,unclassified,0.00,,,false,,Attested IDA 1.50a initial candidate; boundary unreviewed,,
0x0041BDA0,23,0x0041BDB6,sub_41BDA0,,,unclassified,0.00,,,false,,Attested IDA 1.50a initial candidate; boundary unreviewed,,
0x0041BDC0,29,0x0041BDDC,sub_41BDC0,,,unclassified,0.00,,,false,,Attested IDA 1.50a initial candidate; boundary unreviewed,,
0x0041BDE0,13,0x0041BDEC,sub_41BDE0,,,unclassified,0.00,,,false,,Attested IDA 1.50a initial candidate; boundary unreviewed,,
0x0041BDF0,121,0x0041BE68,sub_41BDF0,,,unclassified,0.00,,,false,,Attested IDA 1.50a initial candidate; boundary unreviewed,,
0x0041BE70,106,0x0041BED9,sub_41BE70,,,unclassified,0.00,,,false,,Attested IDA 1.50a initial candidate; boundary unreviewed,,
0x0041BEE0,209,0x0041BFB0,sub_41BEE0,,,unclassified,0.00,,,false,,Attested IDA 1.50a initial candidate; boundary unreviewed,,
0x0041BFC0,422,0x0041C165,sub_41BFC0,,,unclassified,0.00,,,false,,Attested IDA 1.50a initial candidate; boundary unreviewed,,
0x0041C170,1835,0x0041C89A,sub_41C170,,,unclassified,0.00,,,false,,Attested IDA 1.50a initial candidate; boundary unreviewed,,
0x0041C8E0,273,0x0041C9F0,sub_41C8E0,,,unclassified,0.00,,,false,,Attested IDA 1.50a initial candidate; boundary unreviewed,,
0x0041CA00,335,0x0041CB4E,sub_41CA00,,,unclassified,0.00,,,false,,Attested IDA 1.50a initial candidate; boundary unreviewed,,
0x0041CB50,293,0x0041CC74,sub_41CB50,,,unclassified,0.00,,,false,,Attested IDA 1.50a initial candidate; boundary unreviewed,,
0x0041CC80,320,0x0041CDBF,sub_41CC80,,,unclassified,0.00,,,false,,Attested IDA 1.50a initial candidate; boundary unreviewed,,
0x0041CDC0,31,0x0041CDDE,sub_41CDC0,,,unclassified,0.00,,,false,,Attested IDA 1.50a initial candidate; boundary unreviewed,,
0x0041CDE0,114,0x0041CE51,sub_41CDE0,,,unclassified,0.00,,,false,,Attested IDA 1.50a initial candidate; boundary unreviewed,,
0x0041CE60,75,0x0041CEAA,sub_41CE60,,,unclassified,0.00,,,false,,Attested IDA 1.50a initial candidate; boundary unreviewed,,
0x0041CEB0,28,0x0041CECB,sub_41CEB0,,,unclassified,0.00,,,false,,Attested IDA 1.50a initial candidate; boundary unreviewed,,
0x0041CED0,86,0x0041CF25,sub_41CED0,,,unclassified,0.00,,,false,,Attested IDA 1.50a initial candidate; boundary unreviewed,,
0x0041CF30,110,0x0041CF9D,sub_41CF30,,,unclassified,0.00,,,false,,Attested IDA 1.50a initial candidate; boundary unreviewed,,
0x0041CFA0,55,0x0041CFD6,sub_41CFA0,,,unclassified,0.00,,,false,,Attested IDA 1.50a initial candidate; boundary unreviewed,,
0x0041CFE0,43,0x0041D00A,sub_41CFE0,,,unclassified,0.00,,,false,,Attested IDA 1.50a initial candidate; boundary unreviewed,,
0x0041D010,61,0x0041D04C,sub_41D010,,,unclassified,0.00,,,false,,Attested IDA 1.50a initial candidate; boundary unreviewed,,
0x0041D050,49,0x0041D080,sub_41D050,,,unclassified,0.00,,,false,,Attested IDA 1.50a initial candidate; boundary unreviewed,,
0x0041D090,61,0x0041D0CC,sub_41D090,,,unclassified,0.00,,,false,,Attested IDA 1.50a initial candidate; boundary unreviewed,,
0x0041D0D0,49,0x0041D100,sub_41D0D0,,,unclassified,0.00,,,false,,Attested IDA 1.50a initial candidate; boundary unreviewed,,
0x0041D110,49,0x0041D140,sub_41D110,,,unclassified,0.00,,,false,,Attested IDA 1.50a initial candidate; boundary unreviewed,,
0x0041D150,1519,0x0041D73E,sub_41D150,,,unclassified,0.00,,,false,,Attested IDA 1.50a initial candidate; boundary unreviewed,,
0x0041D760,126,0x0041D7DD,sub_41D760,,,unclassified,0.00,,,false,,Attested IDA 1.50a initial candidate; boundary unreviewed,,
0x0041D7E0,41,0x0041D808,sub_41D7E0,,,unclassified,0.00,,,false,,Attested IDA 1.50a initial candidate; boundary unreviewed,,
0x0041D810,602,0x0041DA69,sub_41D810,,,unclassified,0.00,,,false,,Attested IDA 1.50a initial candidate; boundary unreviewed,,
0x0041DA70,279,0x0041DB86,sub_41DA70,,,unclassified,0.00,,,false,,Attested IDA 1.50a initial candidate; boundary unreviewed,,
0x0041DB90,138,0x0041DC19,sub_41DB90,,,unclassified,0.00,,,false,,Attested IDA 1.50a initial candidate; boundary unreviewed,,
0x0041DC20,814,0x0041DF4D,sub_41DC20,,,unclassified,0.00,,,false,,Attested IDA 1.50a initial candidate; boundary unreviewed,,
0x0041DF80,99,0x0041DFE2,sub_41DF80,,,unclassified,0.00,,,false,,Attested IDA 1.50a initial candidate; boundary unreviewed,,
0x0041DFF0,862,0x0041E34D,sub_41DFF0,,,unclassified,0.00,,,false,,Attested IDA 1.50a initial candidate; boundary unreviewed,,
0x0041E350,204,0x0041E41B,sub_41E350,,,unclassified,0.00,,,false,,Attested IDA 1.50a initial candidate; boundary unreviewed,,
0x0041E420,753,0x0041E710,sub_41E420,,,unclassified,0.00,,,false,,Attested IDA 1.50a initial candidate; boundary unreviewed,,
0x0041E720,400,0x0041E8AF,sub_41E720,,,unclassified,0.00,,,false,,Attested IDA 1.50a initial candidate; boundary unreviewed,,
0x0041E8B0,74,0x0041E8F9,sub_41E8B0,,,unclassified,0.00,,,false,,Attested IDA 1.50a initial candidate; boundary unreviewed,,
0x0041E900,522,0x0041EB09,sub_41E900,,,unclassified,0.00,,,false,,Attested IDA 1.50a initial candidate; boundary unreviewed,,
0x0041EB10,166,0x0041EBB5,sub_41EB10,,,unclassified,0.00,,,false,,Attested IDA 1.50a initial candidate; boundary unreviewed,,
0x0041EBC0,552,0x0041EDE7,sub_41EBC0,,,unclassified,0.00,,,false,,Attested IDA 1.50a initial candidate; boundary unreviewed,,
0x0041EE00,28,0x0041EE1B,sub_41EE00,,,unclassified,0.00,,,false,,Attested IDA 1.50a initial candidate; boundary unreviewed,,
0x0041EE20,12,0x0041EE2B,sub_41EE20,,,unclassified,0.00,,,false,,Attested IDA 1.50a initial candidate; boundary unreviewed,,
0x0041EE30,23,0x0041EE46,sub_41EE30,,,unclassified,0.00,,,false,,Attested IDA 1.50a initial candidate; boundary unreviewed,,
0x0041EE50,438,0x0041F005,sub_41EE50,,,unclassified,0.00,,,false,,Attested IDA 1.50a initial candidate; boundary unreviewed,,
0x0041F010,23,0x0041F026,sub_41F010,,,unclassified,0.00,,,false,,Attested IDA 1.50a initial candidate; boundary unreviewed,,
0x0041F030,44,0x0041F05B,sub_41F030,,,unclassified,0.00,,,false,,Attested IDA 1.50a initial candidate; boundary unreviewed,,
0x0041F070,243,0x0041F162,sub_41F070,,,unclassified,0.00,,,false,,Attested IDA 1.50a initial candidate; boundary unreviewed,,
0x0041F170,328,0x0041F2B7,sub_41F170,,,unclassified,0.00,,,false,,Attested IDA 1.50a initial candidate; boundary unreviewed,,
0x0041F2C0,55,0x0041F2F6,sub_41F2C0,,,unclassified,0.00,,,false,,Attested IDA 1.50a initial candidate; boundary unreviewed,,
0x0041F300,9,0x0041F308,sub_41F300,,,unclassified,0.00,,,false,,Attested IDA 1.50a initial candidate; boundary unreviewed,,
0x0041F310,51,0x0041F342,sub_41F310,,,unclassified,0.00,,,false,,Attested IDA 1.50a initial candidate; boundary unreviewed,,
0x0041F350,309,0x0041F484,sub_41F350,,,unclassified,0.00,,,false,,Attested IDA 1.50a initial candidate; boundary unreviewed,,
0x0041F490,37,0x0041F4B4,sub_41F490,,,unclassified,0.00,,,false,,Attested IDA 1.50a initial candidate; boundary unreviewed,,
0x0041F4C0,190,0x0041F57D,sub_41F4C0,,,unclassified,0.00,,,false,,Attested IDA 1.50a initial candidate; boundary unreviewed,,
0x0041F580,251,0x0041F67A,sub_41F580,,,unclassified,0.00,,,false,,Attested IDA 1.50a initial candidate; boundary unreviewed,,
0x0041F680,211,0x0041F752,sub_41F680,,,unclassified,0.00,,,false,,Attested IDA 1.50a initial candidate; boundary unreviewed,,
0x0041F760,164,0x0041F803,sub_41F760,,,unclassified,0.00,,,false,,Attested IDA 1.50a initial candidate; boundary unreviewed,,
0x0041F810,1210,0x0041FCC9,sub_41F810,,,unclassified,0.00,,,false,,Attested IDA 1.50a initial candidate; boundary unreviewed,,
0x0041FCD0,996,0x004200B3,sub_41FCD0,,,unclassified,0.00,,,false,,Attested IDA 1.50a initial candidate; boundary unreviewed,,
0x004200C0,45,0x004200EC,sub_4200C0,AppendReplayFormat,ReplayManager,matching,100.00,__cdecl,"char *AppendReplayFormat(char *buffer, const char *format, ...)",false,src/ReplayInput.cpp,Two byte-identical repository-defined pinned-VC7.1 /O2 /Ob1 /Oy- /Gr replays reproduce 45/45 bytes with the sole reviewed relocation to vsprintf @ 0x0047C335; all eight target callers are inside the reviewed ReplayManager SaveReplay extent.,authored,Reviewed extent 0x004200C0-0x004200EC ends in ret; 0x004200ED-0x004200EF are three unowned CC bytes before exact ReplayInputState::Update at 0x004200F0. Maintained file-static varargs spelling is neutral reconstruction source; original helper name and TU ownership remain unresolved.
0x004200F0,111,0x0042015E,sub_4200F0,ReplayInputState::Update,Input,matching,100.00,,,false,src/ReplayInput.cpp,"Two byte-identical repository-defined pinned-VC7.1 /O2 /Ob1 /Oy- /Gr replays reproduce 111/111 bytes with zero relocations; TH09 target dataflow fixes the 0x2C/0x2E history words, 0x30 repeat bits, 0x32/0x34 edge words, and sixteen 16-bit held counters at +0x38",authored,Reviewed extent 0x004200F0-0x0042015E; 0x0042015F is one unowned CC byte before independent candidate 0x00420160. Maintained ReplayInputState is a neutral reconstruction type; original type and TU spelling remain unresolved. Machine code does not distinguish original member/__thiscall spelling from an equivalent one-pointer register ABI; maintained source uses a neutral member view only for natural C++ codegen.
0x00420160,14,0x0042016D,sub_420160,,,unclassified,0.00,,,false,,Attested IDA 1.50a initial candidate; boundary unreviewed,,
0x00420170,8,0x00420177,sub_420170,,,unclassified,0.00,,,false,,Attested IDA 1.50a initial candidate; boundary unreviewed,,
0x00420180,13,0x0042018C,sub_420180,,,unclassified,0.00,,,false,,Attested IDA 1.50a initial candidate; boundary unreviewed,,
0x00420190,257,0x00420290,sub_420190,ReplayManagerView::CaptureFrameSyncState,ReplayManager,unclassified,0.00,__fastcall,int ReplayManagerView::CaptureFrameSyncState(ReplayManagerView *replayManager),false,src/ReplayInput.cpp,"TH09 ReplayManager registration at 0x00421670 installs this callback with the 0x164 replay object and immediately invokes it in record mode; maintained pinned-VC7.1 /O2 /Ob1 /Oy- /Gr source emits the exact 257-byte extent, solves all 28 relocation destinations, and matches 144/145 comparable bytes. The sole residual is one commutative SIB byte at +0xBD: object [EDI+EBX+0xB4] versus target [EBX+EDI+0xB4].",authored,"Reviewed extent 0x00420190-0x00420290 followed by fifteen CC bytes through 0x0042029F before independent candidate 0x004202A0. Captures replay RNG/event state, rolls three 0x8E input histories, calls exact ReplayInputState::Update three times, and maintains two side auxiliary counters. Source presence only; no canonical match. Original member/free spelling and TU ownership remain unresolved."
0x004202A0,460,0x0042046B,sub_4202A0,ReplayManagerView::RecordInputAndFps,ReplayManager,matching,100.00,__fastcall,int ReplayManagerView::RecordInputAndFps(ReplayManagerView *replayManager),false,src/ReplayInput.cpp,"Two byte-identical repository-defined pinned-VC7.1 /O2 /Ob1 /Oy- /Gr replays reproduce 460/460 bytes including all 25 reviewed relocations; TH09 target dataflow and registration at 0x00421670 establish the ReplayManager record callback role, three input streams, FPS sampling, and rollover allocation path",authored,"Reviewed extent 0x004202A0-0x0042046B; 0x0042046C-0x0042046F is four unowned CC bytes before independent code at 0x00420470. Record mode registers this callback at calc priority 26. It snapshots GameManager flags, conditionally writes three 0x8E input histories, samples Supervisor +0x5C8 every 30 frames, and rolls a 0x18 linked buffer after 3598 frames into three 0x1C20 streams plus one 0x79 FPS stream. Maintained ReplayManagerView is a neutral reconstruction type; original class/TU spelling and data-definition ownership remain unresolved."
0x004204B0,299,0x004205DA,sub_4204B0,ReplayManagerView::PlaybackInputAndFps,ReplayManager,matching,100.00,__fastcall,int ReplayManagerView::PlaybackInputAndFps(ReplayManagerView *replayManager),false,src/ReplayInput.cpp,Two byte-identical repository-defined pinned-VC7.1 /O2 /Ob1 /Oy- /Gr replays reproduce 299/299 bytes with all 22 reviewed relocations; TH09 playback registration at 0x00421670 installs this routine as the priority-6 main calc callback and target dataflow restores three replay-input states plus recorded FPS state,authored,"Reviewed extent 0x004204B0-0x004205DA; 0x004205DB-0x004205DF are five unowned CC bytes before the independent replay loader at 0x004205E0. Playback advances three u16 input cursors, updates the three 0x8E ReplayInputState records, uses the GameManager +0xE8 side-mode bytes without a null guard, restores Supervisor recordedFps +0x5C8 and playbackFpsWarning +0x780 every 30 frames, and returns Chain continue=1. Original class/member spelling, TU partition, and static-data ownership remain unresolved."
0x004205E0,591,0x0042082E,sub_4205E0,ReplayManagerView::LoadReplayData,ReplayManager,unclassified,0.00,__fastcall,"ReplayDataView *ReplayManagerView::LoadReplayData(ReplayDataView *data, int fileSize)",false,src/ReplayInput.cpp,"TH09 replay loader validates PR9T/version/header state, deobfuscates and checksums the wire payload, allocates/decodes the 0xC0-header image, preserves trailing bytes, checks the target version, and rebases four ten-entry pointer tables. Maintained pinned-VC7.1 /O2 /Ob1 /Oy- /Gr source emits the complete 591-byte extent with all 14 relocation destinations and matches 530/535 comparable bytes.",authored,"Reviewed extent 0x004205E0-0x0042082E; 0x0042082F is one unowned CC byte before independent 0x00420830. Source presence only: five residual non-relocation bytes are two commutative register/SIB lowering choices at allocation-size and trailing-copy expressions; natural operand reordering does not alter them and semantic-local variants worsen the match. No canonical exact claim. Header fields directly observed here include fileSize +0x0C, checksum +0x10, obfuscationKey +0x15, compressedSize +0x18, decompressedSize +0x1C; original type/TU/data ownership remains unresolved."
0x00420830,15,0x0042083E,sub_420830,,,unclassified,0.00,,,false,,Attested IDA 1.50a initial candidate; boundary unreviewed,,
0x00420840,540,0x00420A5B,sub_420840,ReplayManagerView::BeginPlaybackStage,ReplayManager,unclassified,0.00,__fastcall,int ReplayManagerView::BeginPlaybackStage(ReplayManagerView *replayManager),false,src/ReplayInput.cpp,"TH09 playback registration installs this 540-byte routine as the added callback for the priority-6 PlaybackInputAndFps Chain element. Maintained pinned-VC7.1 /O2 /Ob1 /Oy- /Gr source restores the target stage-address check, prior-stage marker loop, replay-start state/global/config/cursor restoration and RNG seed path but emits 538 bytes; /G6 and /GB remain 538 while /G7 reaches 540 with broad mismatches.",authored,"Reviewed extent 0x00420840-0x00420A5B; 0x00420A5C-0x00420A5F are four unowned CC bytes before independent 0x00420A60. Loads the replay through exact FileSystem::OpenFile and source-present LoadReplayData when needed, restores four stage pointer-table selections and 0xCC config snapshot, then resets input delay. Target notably tests the computed frameStart0 + stage*10 table address rather than dereferencing frameStart0[stage]; maintained source preserves that behavior. Source presence only; remaining net two-byte blocker is target xor EDX / mov DX seed zero-extension versus stock VC7.1 movzx lowering. Original member spelling/TU ownership remains unresolved."
0x00420A60,104,0x00420AC7,sub_420A60,ReleaseReplayManagerCore,ReplayManager,matching,100.00,,,false,src/ReplayInput.cpp,"Two byte-identical repository-defined pinned-VC7.1 /O2 /Ob1 /Oy- /Gr replays reproduce 104/104 bytes with all 8 reviewed relocations. Natural file-static C++ source emits the target compiler-internal EAX argument convention without asm, register hints, volatile forcing, or ABI annotations.",authored,"Reviewed extent 0x00420A60-0x00420AC7 ends in ret; 0x00420AC8-0x00420ACF are eight unowned CC bytes before ReplayManagerView::Release. Fresh target xrefs show this shared cleanup core is called by both 0x00420AD0 and independent 0x00420C10. It cuts playback-control/frame-sync chains, frees replayData and optional +0x110 storage, and returns zero. Original name, source ABI spelling, and TU ownership remain unresolved."
0x00420AD0,318,0x00420C0D,sub_420AD0,ReplayManagerView::Release,ReplayManager,matching,100.00,,,false,src/ReplayInput.cpp,"Two byte-identical repository-defined pinned-VC7.1 /O2 /Ob1 /Oy- /Gr replays reproduce 318/318 bytes with all 20 reviewed relocations. TH09 setup, Supervisor shutdown, and title/UI-transition callers independently pass the published ReplayManager in ECX and clear the global slot afterward.",authored,"Reviewed extent 0x00420AD0-0x00420C0D ends in ret; 0x00420C0E-0x00420C0F are two unowned CC bytes before independent 0x00420C10. The exact body walks ten embedded/linked 0x18 stage-buffer chains, frees four per-link buffers, conditionally frees and clears three 10-entry replay frame-start tables plus the FPS table, invokes exact ReleaseReplayManagerCore, cuts mainChain +0x150, and CRT-frees the manager. Maintained source uses frameStart[3][10] because that natural layout alone reproduces the target three-stream loop. Original class/member spelling and TU ownership remain unresolved."
0x00420C10,42,0x00420C39,sub_420C10,,,unclassified,0.00,,,false,,Attested IDA 1.50a initial candidate; boundary unreviewed,,
0x00420C40,18,0x00420C51,sub_420C40,,,unclassified,0.00,,,false,,Attested IDA 1.50a initial candidate; boundary unreviewed,,
0x00420C60,1238,0x00421135,sub_420C60,ReplayManagerView::SaveReplay,ReplayManager,unclassified,0.00,__fastcall,"int ReplayManagerView::SaveReplay(ReplayManagerView *replayManager, const char *replayPath, const char *replayName)",false,src/ReplayInput.cpp,"TH09 callers pass the published ReplayManager in ECX, replay path in EDX, and replay name on the stack. Maintained natural pinned-VC7.1 /O2 /Ob1 /Oy- /Gr source emits the complete 1238-byte target extent with 53 COFF relocation records and matches 793/1026 comparable non-relocation bytes; no exact claim is made.",authored,"Reviewed extent 0x00420C60-0x00421135 ends in ret 4; 0x00421136-0x0042113F are ten unowned CC bytes before independent BeginRecordingStage at 0x00421140. Serializes three replay input streams plus FPS data, appends USER metadata through exact AppendReplayFormat, LZSS-encodes, checksums/obfuscates, then writes four file segments through Win32. Target visibly pre-scans the stack replay-copy pointer table before copying manager replayData into that local; maintained source preserves this apparent original uninitialized read. Source presence only; original member/static spelling, TU partition, and data-definition ownership remain unresolved."
0x00421140,1323,0x0042166A,sub_421140,ReplayManagerView::BeginRecordingStage,ReplayManager,unclassified,0.00,__fastcall,int ReplayManagerView::BeginRecordingStage(ReplayManagerView *replayManager),false,src/ReplayInput.cpp,"TH09 record-mode registration at 0x00421670 installs this 1323-byte routine as the added callback for the exact RecordInputAndFps Chain element. Maintained pinned VC7.1 /O2 /Ob1 /Oy- /Gr source with EH-disabled lowering emits the complete target extent, resolves all 82 relocation fields to target-local destinations, and matches 991/995 comparable bytes; the only residual is equivalent cursor copy/test scheduling at +0x42A..+0x42D.",authored,"Reviewed extent 0x00421140-0x0042166A; 0x0042166B-0x0042166F are five unowned CC bytes before the independent ReplayManager creation routine at 0x00421670. Initializes a 0x1EC replay header when absent, four ten-entry per-stage pointer tables, three 0x20 frame-start records, one one-byte FPS start record, three 0x1C20 input streams, one 0x79 FPS stream, and the 0x18 linked-buffer chain used by exact RecordInputAndFps. Source presence only; no canonical match. Original member/static spelling, translation-unit partition, and global data-definition ownership remain unresolved."
0x00421670,361,0x004217D8,sub_421670,ReplayManagerView::Create,ReplayManager,matching,100.00,__fastcall,"ReplayManagerView *ReplayManagerView::Create(int replayMode, const char *replayPath)",false,src/ReplayInput.cpp,"Two byte-identical repository-defined pinned-VC7.1 /O2 /Ob1 /Oy- /Gr EH-disabled replays reproduce all 361 bytes with all 28 reviewed relocations; TH09 callers independently pass record mode as ECX=0/EDX=0 and playback mode as ECX=1/EDX=replay path, while the exact body allocates and zeroes the 0x164 ReplayManager and installs the target record/playback Chain topology.",authored,Reviewed extent 0x00421670-0x004217D8 ends in a plain ret; 0x004217D9-0x004217DF are seven unowned CC bytes before independent candidate 0x004217E0. Record mode installs RecordInputAndFps at priority 26 plus CaptureFrameSyncState at priority 7 and invokes the sync callback immediately; playback mode installs PlaybackInputAndFps at priority 6 plus ControlPlaybackFrameAdvance at priority 27. A nonzero main AddToCalcChain result returns NULL without local cleanup. EH-disabled lowering is function-local compiler evidence only: the same natural source under /EHsc emits 435 bytes because of constructor exception cleanup. Original class/member spelling and TU partition remain unresolved.
0x004217E0,21,0x004217F4,sub_4217E0,,,unclassified,0.00,,,false,,Attested IDA 1.50a initial candidate; boundary unreviewed,,
0x00421800,216,0x004218D7,sub_421800,,,unclassified,0.00,,,false,,Attested IDA 1.50a initial candidate; boundary unreviewed,,
0x004218E0,441,0x00421A98,sub_4218E0,,,unclassified,0.00,,,false,,Attested IDA 1.50a initial candidate; boundary unreviewed,,
0x00421AA0,215,0x00421B76,sub_421AA0,,,unclassified,0.00,,,false,,Attested IDA 1.50a initial candidate; boundary unreviewed,,
0x00421B80,178,0x00421C31,sub_421B80,,,unclassified,0.00,,,false,,Attested IDA 1.50a initial candidate; boundary unreviewed,,
0x00421C40,24,0x00421C57,sub_421C40,,,unclassified,0.00,,,false,,Attested IDA 1.50a initial candidate; boundary unreviewed,,
0x00421C60,18,0x00421C71,sub_421C60,,,unclassified,0.00,,,false,,Attested IDA 1.50a initial candidate; boundary unreviewed,,
0x00421C80,523,0x00421E8A,sub_421C80,,,unclassified,0.00,,,false,,Attested IDA 1.50a initial candidate; boundary unreviewed,,
0x00421E90,12,0x00421E9B,sub_421E90,,,unclassified,0.00,,,false,,Attested IDA 1.50a initial candidate; boundary unreviewed,,
0x00421EA0,98,0x00421F01,sub_421EA0,,,unclassified,0.00,,,false,,Attested IDA 1.50a initial candidate; boundary unreviewed,,
0x00421F10,745,0x004221F8,sub_421F10,,,unclassified,0.00,,,false,,Attested IDA 1.50a initial candidate; boundary unreviewed,,
0x00422200,139,0x0042228A,sub_422200,,,unclassified,0.00,,,false,,Attested IDA 1.50a initial candidate; boundary unreviewed,,
0x00422290,38,0x004222B5,sub_422290,,,unclassified,0.00,,,false,,Attested IDA 1.50a initial candidate; boundary unreviewed,,
0x004222C0,103,0x00422326,sub_4222C0,,,unclassified,0.00,,,false,,Attested IDA 1.50a initial candidate; boundary unreviewed,,
0x00422330,318,0x0042246D,sub_422330,,,unclassified,0.00,,,false,,Attested IDA 1.50a initial candidate; boundary unreviewed,,
0x00422470,123,0x004224EA,sub_422470,,,unclassified,0.00,,,false,,Attested IDA 1.50a initial candidate; boundary unreviewed,,
0x004224F0,186,0x004225A9,sub_4224F0,,,unclassified,0.00,,,false,,Attested IDA 1.50a initial candidate; boundary unreviewed,,
0x004225B0,163,0x00422652,sub_4225B0,,,unclassified,0.00,,,false,,Attested IDA 1.50a initial candidate; boundary unreviewed,,
0x00422660,316,0x0042279B,sub_422660,,,unclassified,0.00,,,false,,Attested IDA 1.50a initial candidate; boundary unreviewed,,
0x004227A0,336,0x004228EF,sub_4227A0,,,unclassified,0.00,,,false,,Attested IDA 1.50a initial candidate; boundary unreviewed,,
0x004228F0,13,0x004228FC,sub_4228F0,,,unclassified,0.00,,,false,,Attested IDA 1.50a initial candidate; boundary unreviewed,,
0x00422930,18,0x00422941,sub_422930,,,unclassified,0.00,,,false,,Attested IDA 1.50a initial candidate; boundary unreviewed,,
0x00422950,15,0x0042295E,sub_422950,,,unclassified,0.00,,,false,,Attested IDA 1.50a initial candidate; boundary unreviewed,,
0x00422960,527,0x00422B6E,sub_422960,,,unclassified,0.00,,,false,,Attested IDA 1.50a initial candidate; boundary unreviewed,,
0x00422B70,89,0x00422BC8,sub_422B70,,,unclassified,0.00,,,false,,Attested IDA 1.50a initial candidate; boundary unreviewed,,
0x00422BD0,62,0x00422C0D,sub_422BD0,,,unclassified,0.00,,,false,,Attested IDA 1.50a initial candidate; boundary unreviewed,,
0x00422C10,62,0x00422C4D,sub_422C10,,,unclassified,0.00,,,false,,Attested IDA 1.50a initial candidate; boundary unreviewed,,
0x00422C50,113,0x00422CC0,sub_422C50,,,unclassified,0.00,,,false,,Attested IDA 1.50a initial candidate; boundary unreviewed,,
0x00422CD0,68,0x00422D13,sub_422CD0,,,unclassified,0.00,,,false,,Attested IDA 1.50a initial candidate; boundary unreviewed,,
0x00422D20,447,0x00422EDE,sub_422D20,,,unclassified,0.00,,,false,,Attested IDA 1.50a initial candidate; boundary unreviewed,,
0x00422F17,34,0x00422F38,sub_422F17,,,unclassified,0.00,,,false,,Attested IDA 1.50a initial candidate; boundary unreviewed,,
0x00422F39,46,0x00422F66,sub_422F39,,,unclassified,0.00,,,false,,Attested IDA 1.50a initial candidate; boundary unreviewed,,
0x00422F67,106,0x00422FD0,sub_422F67,,,unclassified,0.00,,,false,,Attested IDA 1.50a initial candidate; boundary unreviewed,,
0x00422FD1,124,0x0042304C,sub_422FD1,,,unclassified,0.00,,,false,,Attested IDA 1.50a initial candidate; boundary unreviewed,,
0x0042304D,89,0x004230A5,sub_42304D,,,unclassified,0.00,,,false,,Attested IDA 1.50a initial candidate; boundary unreviewed,,
0x004230A6,89,0x004230FE,sub_4230A6,,,unclassified,0.00,,,false,,Attested IDA 1.50a initial candidate; boundary unreviewed,,
0x004230FF,89,0x00423157,sub_4230FF,,,unclassified,0.00,,,false,,Attested IDA 1.50a initial candidate; boundary unreviewed,,
0x00423158,42,0x00423181,sub_423158,,,unclassified,0.00,,,false,,Attested IDA 1.50a initial candidate; boundary unreviewed,,
0x00423182,479,0x00423360,sub_423182,,,unclassified,0.00,,,false,,Attested IDA 1.50a initial candidate; boundary unreviewed,,
0x00423361,33,0x00423381,sub_423361,,,unclassified,0.00,,,false,,Attested IDA 1.50a initial candidate; boundary unreviewed,,
0x00423382,33,0x004233A2,sub_423382,,,unclassified,0.00,,,false,,Attested IDA 1.50a initial candidate; boundary unreviewed,,
0x004233A3,81,0x004233F3,sub_4233A3,,,unclassified,0.00,,,false,,Attested IDA 1.50a initial candidate; boundary unreviewed,,
0x004233F4,117,0x00423468,sub_4233F4,,,unclassified,0.00,,,false,,Attested IDA 1.50a initial candidate; boundary unreviewed,,
0x00423469,47,0x00423497,sub_423469,,,unclassified,0.00,,,false,,Attested IDA 1.50a initial candidate; boundary unreviewed,,
0x00423498,15,0x004234A6,sub_423498,,,unclassified,0.00,,,false,,Attested IDA 1.50a initial candidate; boundary unreviewed,,
0x004234A7,54,0x004234DC,sub_4234A7,,,unclassified,0.00,,,false,,Attested IDA 1.50a initial candidate; boundary unreviewed,,
0x004234DD,25,0x004234F5,sub_4234DD,,,unclassified,0.00,,,false,,Attested IDA 1.50a initial candidate; boundary unreviewed,,
0x004234F6,1280,0x004239F5,sub_4234F6,,,unclassified,0.00,,,false,,Attested IDA 1.50a initial candidate; boundary unreviewed,,
0x004239F6,800,0x00423D15,sub_4239F6,,,unclassified,0.00,,,false,,Attested IDA 1.50a initial candidate; boundary unreviewed,,
0x00423D16,1939,0x004244A8,sub_423D16,,,unclassified,0.00,,,false,,Attested IDA 1.50a initial candidate; boundary unreviewed,,
0x004244A9,209,0x00424579,sub_4244A9,,,unclassified,0.00,,,false,,Attested IDA 1.50a initial candidate; boundary unreviewed,,
0x0042457A,135,0x00424600,sub_42457A,,,unclassified,0.00,,,false,,Attested IDA 1.50a initial candidate; boundary unreviewed,,
0x00424601,112,0x00424670,sub_424601,,,unclassified,0.00,,,false,,Attested IDA 1.50a initial candidate; boundary unreviewed,,
0x00424671,217,0x00424749,sub_424671,,,unclassified,0.00,,,false,,Attested IDA 1.50a initial candidate; boundary unreviewed,,
0x0042474A,167,0x004247F0,sub_42474A,,,unclassified,0.00,,,false,,Attested IDA 1.50a initial candidate; boundary unreviewed,,
0x004247F1,167,0x00424897,sub_4247F1,,,unclassified,0.00,,,false,,Attested IDA 1.50a initial candidate; boundary unreviewed,,
0x00424898,329,0x004249E0,sub_424898,,,unclassified,0.00,,,false,,Attested IDA 1.50a initial candidate; boundary unreviewed,,
0x004249E1,534,0x00424BF6,sub_4249E1,,,unclassified,0.00,,,false,,Attested IDA 1.50a initial candidate; boundary unreviewed,,
0x00424BF7,335,0x00424D45,sub_424BF7,,,unclassified,0.00,,,false,,Attested IDA 1.50a initial candidate; boundary unreviewed,,
0x00424D46,5,0x00424D4A,sub_424D46,,,unclassified,0.00,,,false,,Attested IDA 1.50a initial candidate; boundary unreviewed,,
0x00424D4B,84,0x00424D9E,sub_424D4B,,,unclassified,0.00,,,false,,Attested IDA 1.50a initial candidate; boundary unreviewed,,
0x00424DFF,150,0x00424E94,sub_424DFF,,,unclassified,0.00,,,false,,Attested IDA 1.50a initial candidate; boundary unreviewed,,
0x00424E95,72,0x00424EDC,sub_424E95,,,unclassified,0.00,,,false,,Attested IDA 1.50a initial candidate; boundary unreviewed,,
0x00424EDD,211,0x00424FAF,sub_424EDD,,,unclassified,0.00,,,false,,Attested IDA 1.50a initial candidate; boundary unreviewed,,
0x00424FB0,175,0x0042505E,sub_424FB0,,,unclassified,0.00,,,false,,Attested IDA 1.50a initial candidate; boundary unreviewed,,
0x0042505F,175,0x0042510D,sub_42505F,,,unclassified,0.00,,,false,,Attested IDA 1.50a initial candidate; boundary unreviewed,,
0x0042510E,85,0x00425162,sub_42510E,,,unclassified,0.00,,,false,,Attested IDA 1.50a initial candidate; boundary unreviewed,,
0x00425163,168,0x0042520A,sub_425163,,,unclassified,0.00,,,false,,Attested IDA 1.50a initial candidate; boundary unreviewed,,
0x0042520B,40,0x00425232,sub_42520B,,,unclassified,0.00,,,false,,Attested IDA 1.50a initial candidate; boundary unreviewed,,
0x00425233,349,0x0042538F,sub_425233,,,unclassified,0.00,,,false,,Attested IDA 1.50a initial candidate; boundary unreviewed,,
0x00425390,279,0x004254A6,sub_425390,,,unclassified,0.00,,,false,,Attested IDA 1.50a initial candidate; boundary unreviewed,,
0x004254A7,1572,0x00425ACA,sub_4254A7,,,unclassified,0.00,,,false,,Attested IDA 1.50a initial candidate; boundary unreviewed,,
0x00425ACB,2153,0x00426333,sub_425ACB,,,unclassified,0.00,,,false,,Attested IDA 1.50a initial candidate; boundary unreviewed,,
0x00426334,897,0x004266B4,sub_426334,,,unclassified,0.00,,,false,,Attested IDA 1.50a initial candidate; boundary unreviewed,,
0x004266B5,485,0x00426899,sub_4266B5,,,unclassified,0.00,,,false,,Attested IDA 1.50a initial candidate; boundary unreviewed,,
0x0042689A,1387,0x00426E04,sub_42689A,,,unclassified,0.00,,,false,,Attested IDA 1.50a initial candidate; boundary unreviewed,,
0x00426E05,2258,0x004276D6,sub_426E05,,,unclassified,0.00,,,false,,Attested IDA 1.50a initial candidate; boundary unreviewed,,
0x004276D7,20,0x004276EA,sub_4276D7,,,unclassified,0.00,,,false,,Attested IDA 1.50a initial candidate; boundary unreviewed,,
0x004276EB,2045,0x00427EE7,sub_4276EB,,,unclassified,0.00,,,false,,Attested IDA 1.50a initial candidate; boundary unreviewed,,
0x00427EE8,2803,0x004289DA,sub_427EE8,,,unclassified,0.00,,,false,,Attested IDA 1.50a initial candidate; boundary unreviewed,,
0x004289DB,2241,0x0042929B,sub_4289DB,,,unclassified,0.00,,,false,,Attested IDA 1.50a initial candidate; boundary unreviewed,,
0x0042929C,966,0x00429661,sub_42929C,,,unclassified,0.00,,,false,,Attested IDA 1.50a initial candidate; boundary unreviewed,,
0x00429662,1825,0x00429D82,sub_429662,TitleScreenView::UpdateReplaySave,TitleScreen,unclassified,0.00,__thiscall,int TitleScreenView::UpdateReplaySave(),false,src/TitleScreen.cpp,TH09 TitleScreen registration allocates a 0x1B388 object and installs sub_42A9CB as its calc dispatcher; dispatcher case 0xF calls this reviewed replay-flow routine. Maintained natural pinned-VC7.1 /O1 /Ob1 /Oy- source without /Oi reproducibly emits the complete 1825-byte code extent with 100 COFF relocations and matches 1066/1425 comparable bytes; no exact claim is made.,authored,Owner correction: the prior ResultScreen label was provisional. TH09 title/title00.png lifecycle and sub_42AB13 registration prove TitleScreen ownership. Reviewed extent 0x00429662-0x00429D82 ends in ret and is followed immediately by independent 0x00429D83 with no padding. Source presence only; exactness remains false.
0x00429D83,160,0x00429E22,sub_429D83,,,unclassified,0.00,,,false,,Attested IDA 1.50a initial candidate; boundary unreviewed,,
0x00429E23,1560,0x0042A43A,sub_429E23,TitleScreenView::OnUpdateStartMenu,TitleScreen,unclassified,0.00,__thiscall,int TitleScreenView::OnUpdateStartMenu(),false,src/TitleScreen.cpp,TH09 TitleScreen calc dispatcher mode 1 and sub_4276EB call this start-menu state machine on the same 0x1B388 object. Maintained natural pinned-VC7.1 /O1 /Ob1 /Oy- source without /Oi reproduces the complete 1592-byte physical owner extent (1560 code + 32-byte eight-entry switch table) with 107 COFF relocations and matches 1131/1164 comparable non-relocation bytes; no exact claim is made.,authored,"Reviewed code extent 0x00429E23-0x0042A43A ends in ret. The immediately following 0x0042A43B-0x0042A45A eight-dword jump table is compiler-owned by this switch; independent sub_42A45B begins at 0x0042A45B. Implements TitleScreen start-menu init/ready/exit/changing states, idle demo launch, eight menu choices, options handoff, and dynamic 223-entry 0x2A4 VM storage. Source presence only; residual mismatch is case-1 physical basic-block ordering, not boundary/profile uncertainty."
0x0042A45B,886,0x0042A7D0,sub_42A45B,TitleScreenView::OnUpdateDifficultySelect,TitleScreen,unclassified,0.00,__thiscall,int TitleScreenView::OnUpdateDifficultySelect(),false,src/TitleScreen.cpp,TH09 TitleScreen dispatcher routes currentScreen 2/4/7 to this reviewed difficulty-select state machine. Natural pinned-VC7.1 /O1 /Ob1 /Oy- source reproduces the complete control/data protocol but emits 884 bytes versus the 886-byte target with 45 COFF relocations; no exact claim is made.,authored,"Reviewed extent 0x0042A45B-0x0042A7D0 ends in ret and independent sub_42A7D1 begins at 0x0042A7D1 with no padding. Handles Init/Ready/Changing states, title/select00.png, four difficulty choices plus screen-4 fixed selection, screen-7 resume flow, and transitions to character/mode-specific handlers. /O2 emits 996 bytes; /O1 with /Oi remains byte-identical to the 884-byte best source, so the residual is not explained by those profile changes."
0x0042A7D1,506,0x0042A9CA,sub_42A7D1,,,unclassified,0.00,,,false,,Attested IDA 1.50a initial candidate; boundary unreviewed,,
0x0042AB13,201,0x0042ABDB,sub_42AB13,,,unclassified,0.00,,,false,,Attested IDA 1.50a initial candidate; boundary unreviewed,,
0x0042ABE0,30,0x0042ABFD,sub_42ABE0,ChainElem::ChainElem,Chain,matching,100.00,__thiscall,ChainElem::ChainElem(),false,src/Chain.cpp,Canonical VC7.1 comparison: 30/30 bytes exact with no relocations,authored,Initializes the target-observed 0x20-byte ChainElem layout including releaseTarget=this and bit0 clear at +0x2; reviewed extent ends RET at 0x0042ABFD; 0x0042ABFE-0x0042ABFF padding remains separately unowned
0x0042AC00,36,0x0042AC23,sub_42AC00,ChainElem::~ChainElem,Chain,matching,100.00,__thiscall,ChainElem::~ChainElem(),false,src/Chain.cpp,Canonical VC7.1 comparison: 36/36 bytes exact with no relocations,authored,"Calls deletedCallback at +0xC with arg +0x1C when non-null, then clears prev/next and callback fields; reviewed extent ends RET at 0x0042AC23; 0x0042AC24-0x0042AC2F padding remains separately unowned"
0x0042AC30,18,0x0042AC41,sub_42AC30,Chain::Chain,Chain,unclassified,0.00,__thiscall,Chain::Chain(),false,src/Chain.cpp,Repeatable target-bound VC7.1 codegen: 18/18 bytes with two ChainElem constructor relocations under /O2 /Ob0 or /Ob1 /Oy-; canonical promotion withheld because explicit-authored versus implicit-compiler-generated origin is unresolved,,Reviewed primary extent ends RET at 0x0042AC41; 0x0042AC42-0x0042AC4F is unowned CC padding; tested /Ob2 inlines member constructors and mismatches
0x0042AC50,33,0x0042AC70,sub_42AC50,ChainElem::scalar deleting destructor,Chain,excluded,0.00,__thiscall,void *ChainElem::scalar deleting destructor(unsigned int flags),false,,Pinned VC7.1 compiler probe emits ??_GChainElem@@QAEPAXI@Z with the same 33-byte shape; all 25 non-relocation bytes match and its two relocations resolve to ChainElem::~ChainElem and operator delete,,Compiler-generated scalar deleting destructor; excluded from authored reconstruction and no codegen-exact claim is made; reviewed extent ends RET 4 at 0x0042AC70; 0x0042AC71-0x0042AC7F padding remains separately unowned before 0x0042AC80
0x0042AC80,37,0x0042ACA4,sub_42AC80,,,unclassified,0.00,,,false,,Attested IDA 1.50a initial candidate; boundary unreviewed,,
0x0042ACB0,47,0x0042ACDE,sub_42ACB0,,,unclassified,0.00,,,false,,Attested IDA 1.50a initial candidate; boundary unreviewed,,
0x0042ACE0,131,0x0042AD62,sub_42ACE0,,,unclassified,0.00,,,false,,Attested IDA 1.50a initial candidate; boundary unreviewed,,
0x0042AD70,65,0x0042ADB0,sub_42AD70,,,unclassified,0.00,,,false,,Attested IDA 1.50a initial candidate; boundary unreviewed,,
0x0042ADC0,90,0x0042AE19,sub_42ADC0,FileSystem::ResolvePath,FileSystem,matching,100.00,__stdcall,char *FileSystem::ResolvePath(const char *path),false,src/FilePath.cpp,Canonical relocation-aware VC7.1 comparison: 90/90 bytes exact including four replayed data relocations,authored,Copies executable-directory storage at 0x004ACD08 into shared resolved-path storage at 0x004ACC00 and appends path; storage definition/TU ownership remains unresolved; reviewed extent ends 0x0042AE19; 0x0042AE1A-0x0042AE1F padding remains separately unowned
0x0042AE20,39,0x0042AE46,sub_42AE20,,,unclassified,0.00,,,false,,Attested IDA 1.50a initial candidate; boundary unreviewed,,
0x0042AE50,24,0x0042AE67,sub_42AE50,,,unclassified,0.00,,,false,,Attested IDA 1.50a initial candidate; boundary unreviewed,,
0x0042AE70,35,0x0042AE92,sub_42AE70,,,unclassified,0.00,,,false,,Attested IDA 1.50a initial candidate; boundary unreviewed,,
0x0042AEA0,41,0x0042AEC8,sub_42AEA0,,,unclassified,0.00,,,false,,Attested IDA 1.50a initial candidate; boundary unreviewed,,
0x0042AED0,111,0x0042AF3E,sub_42AED0,,,unclassified,0.00,,,false,,Attested IDA 1.50a initial candidate; boundary unreviewed,,
0x0042AF40,62,0x0042AF7D,sub_42AF40,,,unclassified,0.00,,,false,,Attested IDA 1.50a initial candidate; boundary unreviewed,,
0x0042AF80,142,0x0042B00D,sub_42AF80,,,unclassified,0.00,,,false,,Attested IDA 1.50a initial candidate; boundary unreviewed,,
0x0042B010,182,0x0042B0C5,sub_42B010,,,unclassified,0.00,,,false,,Attested IDA 1.50a initial candidate; boundary unreviewed,,
0x0042B0D0,13,0x0042B0DC,sub_42B0D0,,,unclassified,0.00,,,false,,Attested IDA 1.50a initial candidate; boundary unreviewed,,
0x0042B110,19,0x0042B122,sub_42B110,,,unclassified,0.00,,,false,,Attested IDA 1.50a initial candidate; boundary unreviewed,,
0x0042B130,40,0x0042B157,sub_42B130,Supervisor::EnterCriticalSectionWrapper,Supervisor,matching,100.00,__thiscall,void Supervisor::EnterCriticalSectionWrapper(int id),false,src/Supervisor.cpp,Canonical relocation-aware VC7.1 comparison: 40/40 bytes exact including EnterCriticalSection IAT relocation,authored,CRITICAL_SECTION base +0x6C0 with 0x18 stride; lockCounts base +0x738; reviewed extent ends with RET 4 at 0x0042B155-0x0042B157; 0x0042B158-0x0042B15F padding remains separately unowned; earlier Supervisor fields remain unknown
0x0042B160,40,0x0042B187,sub_42B160,Supervisor::LeaveCriticalSectionWrapper,Supervisor,matching,100.00,__thiscall,void Supervisor::LeaveCriticalSectionWrapper(int id),false,src/Supervisor.cpp,Canonical relocation-aware VC7.1 comparison: 40/40 bytes exact including LeaveCriticalSection IAT relocation,authored,CRITICAL_SECTION base +0x6C0 with 0x18 stride; lockCounts base +0x738; reviewed extent ends with RET 4 at 0x0042B185-0x0042B187; 0x0042B188-0x0042B18F padding remains separately unowned; earlier Supervisor fields remain unknown
0x0042B190,75,0x0042B1DA,sub_42B190,Chain::~Chain,Chain,unclassified,0.00,__thiscall,Chain::~Chain(),false,src/Chain.cpp,Repeatable target-bound VC7.1 codegen: 75/75 primary bytes with six relocations under /O2 /Ob0 or /Ob1 /Oy-; associated .text$x 18/18 and .xdata$x 36/36 also replay exactly; canonical promotion withheld because explicit-authored versus implicit-compiler-generated origin is unresolved,,"Destroys drawChain then calcChain; compiler EH cleanup at 0x0048D340 and handler at 0x0048D348 with xdata at 0x0049DC08 are associated artifacts, not additional authored function extents; reviewed primary extent ends RET at 0x0042B1DA; 0x0042B1DB-0x0042B1DF is unowned CC padding"
0x0042B1E0,143,0x0042B26E,sub_42B1E0,Chain::AddToCalcChain,Chain,matching,100.00,__thiscall,"int Chain::AddToCalcChain(ChainElem *elem, int priority)",false,src/Chain.cpp,Canonical relocation-aware VC7.1 comparison: 143/143 bytes exact including four replayed Supervisor relocations,authored,"First embedded 0x20-byte ChainElem root; invokes and clears elem added callback at +0x8 with arg +0x1C, inserts by signed 16-bit priority using prev/next +0x10/+0x14 under Supervisor lock 0; reviewed RET 8 extent ends 0x0042B26E; 0x0042B26F padding remains separately unowned"
0x0042B270,143,0x0042B2FE,sub_42B270,Chain::AddToDrawChain,Chain,matching,100.00,__thiscall,"int Chain::AddToDrawChain(ChainElem *elem, int priority)",false,src/Chain.cpp,Canonical relocation-aware VC7.1 comparison: 143/143 bytes exact including four replayed Supervisor relocations,authored,Second embedded root at this+0x20; otherwise same insertion semantics as AddToCalcChain under Supervisor lock 0; reviewed RET 8 extent ends 0x0042B2FE; 0x0042B2FF padding remains separately unowned; next candidate begins 0x0042B300
0x0042B300,71,0x0042B346,sub_42B300,Chain::CreateElem,Chain,matching,100.00,__thiscall,ChainElem *Chain::CreateElem(ChainCallback callback),false,src/ChainCreate.cpp,Canonical relocation-aware VC7.1 comparison: 71/71 bytes exact including six replayed relocations,authored,"Allocates and constructs a 0x20-byte ChainElem, passes it through the release-build ZunMemory registry hook with funcChainInf, sets callback and heap-allocation bit; reviewed extent ends 0x0042B346; 0x0042B347-0x0042B34F padding remains separately unowned; exact-producing probe keeps SetCallback definition outside the TU and uses local /GX-"
0x0042B350,188,0x0042B40B,sub_42B350,Chain::CutImpl,Chain,matching,100.00,__thiscall,void Chain::CutImpl(ChainElem *toRemove),false,src/ChainCut.cpp,Canonical relocation-aware VC7.1 comparison: 188/188 bytes exact including nine replayed relocations,authored,"Searches both embedded chain roots for the node, unlinks only when prev is non-null, clears callback/linkage, and temporarily releases Supervisor lock 0 around heap deletion or deletedCallback; reviewed extent ends 0x0042B40B; 0x0042B40C-0x0042B40F padding remains separately unowned; target cannot decide whether a release-only no-op registry cleanup existed in original source"
0x0042B410,808,0x0042B737,sub_42B410,,,unclassified,0.00,,,false,,Attested IDA 1.50a initial candidate; boundary unreviewed,,
0x0042B740,259,0x0042B842,sub_42B740,,,unclassified,0.00,,,false,,Attested IDA 1.50a initial candidate; boundary unreviewed,,
0x0042B850,1507,0x0042BE32,sub_42B850,,,unclassified,0.00,,,false,,Attested IDA 1.50a initial candidate; boundary unreviewed,,
0x0042BE40,819,0x0042C172,sub_42BE40,,,unclassified,0.00,,,false,,Attested IDA 1.50a initial candidate; boundary unreviewed,,
0x0042C180,259,0x0042C282,sub_42C180,FileSystem::Decrypt,FileSystem,matching,100.00,__fastcall,"unsigned char *FileSystem::Decrypt(unsigned char *inData, int size, unsigned char xorValue, unsigned char xorValueInc, int chunkSize, int maxBytes)",false,src/FileDecrypt.cpp,Canonical relocation-aware VC7.1 comparison: 259/259 bytes exact including three replayed relocations,authored,"ECX=inData, EDX=size, four stack arguments with RET 0x10; allocates an output buffer through g_ZunMemory, decrypts alternating bytes in reversed chunk order while advancing the XOR value, copies any undecrypted tail, and returns the allocation or original input on allocation failure; reviewed extent ends 0x0042C282; 0x0042C283-0x0042C28F remains unowned CC padding"
0x0042C290,220,0x0042C36B,sub_42C290,,,unclassified,0.00,,,false,,Attested IDA 1.50a initial candidate; boundary unreviewed,,
0x0042C370,267,0x0042C47A,sub_42C370,FileSystem::Encrypt,FileSystem,matching,100.00,__fastcall,"unsigned char *FileSystem::Encrypt(unsigned char *inData, int size, unsigned char xorValue, unsigned char xorValueInc, int chunkSize, int maxBytes)",false,src/FileEncrypt.cpp,Canonical relocation-aware VC7.1 comparison: 267/267 bytes exact including three replayed relocations,authored,"ECX=inData, EDX=size, four stack arguments with RET 0x10; allocates through g_ZunMemory and performs the inverse alternating-position XOR transform before copying any unencrypted tail; reviewed extent ends 0x0042C47A; 0x0042C47B-0x0042C47F remains unowned CC padding"
0x0042C480,92,0x0042C4DB,sub_42C480,FileSystem::CheckIfFileAlreadyExists,FileSystem,matching,100.00,__fastcall,int FileSystem::CheckIfFileAlreadyExists(const char *path),false,src/FileCheck.cpp,Canonical relocation-aware VC7.1 comparison: 92/92 bytes exact including nine replayed relocations,authored,ECX carries path under /Gr; target resolves path inside CreateFileA argument evaluation; returns 1 for a valid handle and 0 for INVALID_HANDLE_VALUE; reviewed extent ends 0x0042C4DB; 0x0042C4DC-0x0042C4DF padding remains separately unowned
0x0042C4E0,210,0x0042C5B1,sub_42C4E0,FileSystem::WriteDataToFile,FileSystem,matching,100.00,__fastcall,"int FileSystem::WriteDataToFile(const char *path, void *data, size_t size)",false,src/FileWrite.cpp,Canonical relocation-aware VC7.1 comparison: 210/210 bytes exact including sixteen replayed relocations,authored,"ECX=path, EDX=data, stack size with RET 4; failure returns -1, short write -2, success 0; reviewed extent ends 0x0042C5B1; 0x0042C5B2-0x0042C5BF padding remains separately unowned; callee 0x0042ADC0 remains unresolved"
0x0042C5C0,153,0x0042C658,sub_42C5C0,GameErrorContext::Log,GameErrorContext,matching,100.00,__cdecl,"const char *GameErrorContext::Log(const char *fmt, ...)",false,src/GameErrorContext.cpp,Canonical relocation-aware VC7.1 comparison: 153/153 bytes exact including six replayed relocations,authored,Variadic member passes reconstructed this on stack with caller cleanup; reviewed extent ends at RET 0x0042C658; 0x0042C659-0x0042C65F padding remains separately unowned
0x0042C660,153,0x0042C6F8,sub_42C660,GameErrorContext::Fatal,GameErrorContext,matching,100.00,__cdecl,"const char *GameErrorContext::Fatal(const char *fmt, ...)",false,src/GameErrorContext.cpp,Canonical relocation-aware VC7.1 comparison: 153/153 bytes exact including five replayed relocations,authored,Variadic member passes reconstructed this on stack with caller cleanup; sets showMessageBox at +0x2004; reviewed extent ends at RET 0x0042C6F8; 0x0042C6F9-0x0042C6FF padding remains separately unowned
0x0042C700,182,0x0042C7B5,sub_42C700,Chain::RunCalcChain,Chain,matching,100.00,__thiscall,int Chain::RunCalcChain(),false,src/ChainRun.cpp,Canonical VC7.1 owned-extent comparison: 212/212 bytes exact including 21 relocations; logical function body is 182 bytes and the remaining 30 bytes are same-COMDAT alignment plus a seven-entry jump table,authored,"Runs the calc-chain root at this+0x0 under Supervisor lock 0; callback result 0 removes via exact CutImpl, 2 repeats, 3 returns 1, 4 returns 0, 5 returns -1, 6 restarts from the calc root; logical RET ends 0x0042C7B5; 0x0042C7B6-0x0042C7D3 is exact associated compiler codegen tail, while 0x0042C7D4-0x0042C7DF remains unowned CC padding"
0x0042C7E0,186,0x0042C899,sub_42C7E0,Chain::RunDrawChain,Chain,matching,100.00,__thiscall,int Chain::RunDrawChain(),false,src/ChainRun.cpp,Canonical VC7.1 owned-extent comparison: 212/212 bytes exact including 20 relocations; logical function body is 186 bytes and the remaining 26 bytes are same-COMDAT alignment plus a six-entry jump table,authored,"Runs the draw-chain root at this+0x20 under Supervisor lock 0; callback results 0-5 mirror calc removal/repeat/return handling but result 6 is not a restart case; logical RET ends 0x0042C899; 0x0042C89A-0x0042C8B3 is exact associated compiler codegen tail, while 0x0042C8B4-0x0042C8BF remains unowned CC padding"
0x0042C8C0,46,0x0042C8ED,sub_42C8C0,Chain::Cut,Chain,matching,100.00,__thiscall,void Chain::Cut(ChainElem *toRemove),false,src/ChainCut.cpp,Canonical relocation-aware VC7.1 comparison: 46/46 bytes exact including five replayed relocations,authored,"Public lock wrapper: acquires Supervisor lock 0, calls exact CutImpl, releases lock 0; reviewed extent ends 0x0042C8ED; 0x0042C8EE-0x0042C8EF padding remains separately unowned"
0x0042C8F0,120,0x0042C967,sub_42C8F0,Controller::GetJoystickCaps,Controller,matching,100.00,__fastcall,unsigned short Controller::GetJoystickCaps(),false,src/ControllerJoystick.cpp,Canonical relocation-aware VC7.1 comparison: 120/120 bytes exact including seven replayed relocations,authored,"Probes joystick IDs 0 and 1 with JOY_RETURNALL; logs and returns 1 only when both probes fail, otherwise fills two contiguous JOYCAPSA records at 0x004AC8D8 and +0x194 and returns 0; data definitions/TU ownership remain unresolved; reviewed extent ends 0x0042C967; 0x0042C968-0x0042C96F padding remains separately unowned"
0x0042C970,355,0x0042CAD2,sub_42C970,FileSystem::OpenFile,FileSystem,matching,100.00,__fastcall,"unsigned char *FileSystem::OpenFile(const char *path, int *fileSize, int isExternalResource)",false,src/FileOpen.cpp,Canonical relocation-aware VC7.1 comparison: 355/355 bytes exact including twenty-eight replayed relocations,authored,"ECX=path, EDX=fileSize, sole stack flag with RET 4; archive path resolves basename, queries/decompresses g_PbgArchive and post-processes data; external path uses exact ResolvePath plus Win32 read path; unresolved callees 0x00401340/0x0042C290/0x004331C0/0x00433290 are ABI declarations only and are not promoted; reviewed extent ends 0x0042CAD2; 0x0042CAD3-0x0042CADF padding remains separately unowned"
0x0042CAE0,241,0x0042CBD0,sub_42CAE0,,,unclassified,0.00,,,false,,Attested IDA 1.50a initial candidate; boundary unreviewed,,
0x0042CBE0,34,0x0042CC01,sub_42CBE0,,,unclassified,0.00,,,false,,Attested IDA 1.50a initial candidate; boundary unreviewed,,
0x0042CC10,25,0x0042CC28,sub_42CC10,,,unclassified,0.00,,,false,,Attested IDA 1.50a initial candidate; boundary unreviewed,,
0x0042CC30,33,0x0042CC50,sub_42CC30,,,unclassified,0.00,,,false,,Attested IDA 1.50a initial candidate; boundary unreviewed,,
0x0042CC60,33,0x0042CC80,sub_42CC60,,,unclassified,0.00,,,false,,Attested IDA 1.50a initial candidate; boundary unreviewed,,
0x0042CC90,123,0x0042CD0A,sub_42CC90,,,unclassified,0.00,,,false,,Attested IDA 1.50a initial candidate; boundary unreviewed,,
0x0042CD10,46,0x0042CD3D,sub_42CD10,,,unclassified,0.00,,,false,,Attested IDA 1.50a initial candidate; boundary unreviewed,,
0x0042CD40,74,0x0042CD89,sub_42CD40,,,unclassified,0.00,,,false,,Attested IDA 1.50a initial candidate; boundary unreviewed,,
0x0042CD90,809,0x0042D0B8,sub_42CD90,,,unclassified,0.00,,,false,,Attested IDA 1.50a initial candidate; boundary unreviewed,,
0x0042D0C0,124,0x0042D13B,sub_42D0C0,,,unclassified,0.00,,,false,,Attested IDA 1.50a initial candidate; boundary unreviewed,,
0x0042D140,225,0x0042D220,sub_42D140,,,unclassified,0.00,,,false,,Attested IDA 1.50a initial candidate; boundary unreviewed,,
0x0042D230,10,0x0042D239,sub_42D230,GameErrorContext::ResetContext,GameErrorContext,matching,100.00,__thiscall,void GameErrorContext::ResetContext(),false,src/GameErrorContext.cpp,Canonical relocation-aware VC7.1 comparison: 10/10 bytes exact,authored,Reviewed 10-byte extent ends at RET 0x0042D239; 0x0042D23A-0x0042D23F padding remains separately unowned
0x0042D240,80,0x0042D28F,sub_42D240,GameErrorContext::Flush,GameErrorContext,matching,100.00,__thiscall,void GameErrorContext::Flush(),false,src/GameErrorContext.cpp,Canonical relocation-aware VC7.1 comparison: 80/80 bytes exact including six replayed relocations,authored,Reviewed extent ends at RET 0x0042D28F; code beginning at 0x0042D290 remains separate unknown ownership
0x0042D2B0,10,0x0042D2B9,sub_42D2B0,,,unclassified,0.00,,,false,,Attested IDA 1.50a initial candidate; boundary unreviewed,,
0x0042D2C0,12,0x0042D2CB,sub_42D2C0,,,unclassified,0.00,,,false,,Attested IDA 1.50a initial candidate; boundary unreviewed,,
0x0042D2D0,8,0x0042D2D7,sub_42D2D0,,,unclassified,0.00,,,false,,Attested IDA 1.50a initial candidate; boundary unreviewed,,
0x0042D2E0,8,0x0042D2E7,sub_42D2E0,,,unclassified,0.00,,,false,,Attested IDA 1.50a initial candidate; boundary unreviewed,,
0x0042D2F0,43,0x0042D31A,sub_42D2F0,,,unclassified,0.00,,,false,,Attested IDA 1.50a initial candidate; boundary unreviewed,,
0x0042D320,167,0x0042D3C6,sub_42D320,,,unclassified,0.00,,,false,,Attested IDA 1.50a initial candidate; boundary unreviewed,,
0x0042D3D0,249,0x0042D4C8,sub_42D3D0,,,unclassified,0.00,,,false,,Attested IDA 1.50a initial candidate; boundary unreviewed,,
0x0042D4D0,285,0x0042D5EC,sub_42D4D0,,,unclassified,0.00,,,false,,Attested IDA 1.50a initial candidate; boundary unreviewed,,
0x0042D5F0,783,0x0042D8FE,sub_42D5F0,,,unclassified,0.00,,,false,,Attested IDA 1.50a initial candidate; boundary unreviewed,,
0x0042D900,394,0x0042DA89,sub_42D900,,,unclassified,0.00,,,false,,Attested IDA 1.50a initial candidate; boundary unreviewed,,
0x0042DA90,192,0x0042DB4F,sub_42DA90,,,unclassified,0.00,,,false,,Attested IDA 1.50a initial candidate; boundary unreviewed,,
0x0042DB50,232,0x0042DC37,sub_42DB50,,,unclassified,0.00,,,false,,Attested IDA 1.50a initial candidate; boundary unreviewed,,
0x0042DC40,326,0x0042DD85,sub_42DC40,,,unclassified,0.00,,,false,,Attested IDA 1.50a initial candidate; boundary unreviewed,,
0x0042DD90,1561,0x0042E3A8,sub_42DD90,,,unclassified,0.00,,,false,,Attested IDA 1.50a initial candidate; boundary unreviewed,,
0x0042E3B0,1351,0x0042E8F6,_WinMain@16,,,unclassified,0.00,,,false,,Attested IDA 1.50a initial candidate; boundary unreviewed,,
0x0042E900,14,0x0042E90D,sub_42E900,,,unclassified,0.00,,,false,,Attested IDA 1.50a initial candidate; boundary unreviewed,,
0x0042E910,14,0x0042E91D,sub_42E910,,,unclassified,0.00,,,false,,Attested IDA 1.50a initial candidate; boundary unreviewed,,
0x0042E920,83,0x0042E972,sub_42E920,,,unclassified,0.00,,,false,,Attested IDA 1.50a initial candidate; boundary unreviewed,,
0x0042E980,17,0x0042E990,sub_42E980,,,unclassified,0.00,,,false,,Attested IDA 1.50a initial candidate; boundary unreviewed,,
0x0042E9A0,11,0x0042E9AA,sub_42E9A0,,,unclassified,0.00,,,false,,Attested IDA 1.50a initial candidate; boundary unreviewed,,
0x0042E9B0,11,0x0042E9BA,sub_42E9B0,,,unclassified,0.00,,,false,,Attested IDA 1.50a initial candidate; boundary unreviewed,,
0x0042E9C0,27,0x0042E9DA,sub_42E9C0,,,unclassified,0.00,,,false,,Attested IDA 1.50a initial candidate; boundary unreviewed,,
0x0042E9E0,213,0x0042EAB4,sub_42E9E0,,,unclassified,0.00,,,false,,Attested IDA 1.50a initial candidate; boundary unreviewed,,
0x0042EAC0,191,0x0042EB7E,sub_42EAC0,,,unclassified,0.00,,,false,,Attested IDA 1.50a initial candidate; boundary unreviewed,,
0x0042EB80,119,0x0042EBF6,sub_42EB80,,,unclassified,0.00,,,false,,Attested IDA 1.50a initial candidate; boundary unreviewed,,
0x0042EC00,34,0x0042EC21,sub_42EC00,,,unclassified,0.00,,,false,,Attested IDA 1.50a initial candidate; boundary unreviewed,,
0x0042EC30,177,0x0042ECE0,sub_42EC30,,,unclassified,0.00,,,false,,Attested IDA 1.50a initial candidate; boundary unreviewed,,
0x0042ECF0,49,0x0042ED20,sub_42ECF0,,,unclassified,0.00,,,false,,Attested IDA 1.50a initial candidate; boundary unreviewed,,
0x0042ED30,13,0x0042ED3C,sub_42ED30,,,unclassified,0.00,,,false,,Attested IDA 1.50a initial candidate; boundary unreviewed,,
0x0042ED40,13,0x0042ED4C,sub_42ED40,,,unclassified,0.00,,,false,,Attested IDA 1.50a initial candidate; boundary unreviewed,,
0x0042ED50,13,0x0042ED5C,sub_42ED50,,,unclassified,0.00,,,false,,Attested IDA 1.50a initial candidate; boundary unreviewed,,
0x0042ED60,13,0x0042ED6C,sub_42ED60,,,unclassified,0.00,,,false,,Attested IDA 1.50a initial candidate; boundary unreviewed,,
0x0042ED70,14,0x0042ED7D,sub_42ED70,,,unclassified,0.00,,,false,,Attested IDA 1.50a initial candidate; boundary unreviewed,,
0x0042ED80,71,0x0042EDC6,sub_42ED80,SupervisorDrawLoading,Supervisor,matching,100.00,__fastcall,int SupervisorDrawLoading(Supervisor *unused),false,src/SupervisorDrawLoading.cpp,Two byte-identical pinned-VC7.1 canonical replays reproduce 71/71 bytes with five reviewed relocations; exact SupervisorRegisterChain installs this callback at draw priority 2 with g_Supervisor as its ChainElem argument,authored,"Reviewed extent 0x0042ED80-0x0042EDC6; loops over three 0x2A4 loading VMs rooted at 0x004B38B0, temporarily adds each VM +0x288 offset to +0x208 position, draws through target AnmManager seam 0x0043AB50, restores the position, and returns Chain CONTINUE=1. The callback argument is unused by this body; original static-member/free spelling remains unresolved. Helper callees and loading-VM data/TU ownership remain independent; 0x0042EDC7-0x0042EDCF are nine unowned CC bytes before independent 0x0042EDD0."
0x0042EDD0,93,0x0042EE2C,sub_42EDD0,StartupEnumControllers,Supervisor,matching,100.00,__stdcall,"BOOL StartupEnumControllers(const DIDEVICEINSTANCEA *instance, void *unused)",false,src/SupervisorEnumControllers.cpp,Two byte-identical pinned-VC7.1 canonical replays reproduce 93/93 bytes with six reviewed g_Supervisor relocations; exact SupervisorSetupDInputInternal passes this callback to IDirectInput8::EnumDevices,authored,"Reviewed extent 0x0042EDD0-0x0042EE2C; BOOL __stdcall callback ignores context, fills global g_Supervisor controller0 +0x14 first and always continues, then fills controller1 +0x18 and stops only after successful second-device creation. Uses global DirectInput interface +0x0C. Original static-member/free spelling and source TU remain unresolved; 0x0042EE2D-0x0042EE2F are three unowned CC bytes before independent 0x0042EE30."
0x0042EE30,94,0x0042EE8D,sub_42EE30,StartupEnumObjects0,Supervisor,matching,100.00,__stdcall,"BOOL StartupEnumObjects0(const DIDEVICEOBJECTINSTANCEA *instance, void *unused)",false,src/SupervisorEnumControllers.cpp,Two byte-identical pinned-VC7.1 canonical replays reproduce 94/94 bytes with one reviewed g_Supervisor relocation; exact SupervisorSetupDInputInternal passes this callback to controller0 EnumObjects,authored,"Reviewed extent 0x0042EE30-0x0042EE8D; BOOL __stdcall callback ignores context, filters DIDEVICEOBJECTINSTANCEA::dwType by DIDFT_AXIS, applies DIPROPRANGE [-1000,1000] with DIPH_BYID through global g_Supervisor controller0 +0x14, and continues unless SetProperty fails. Original static-member/free spelling and source TU remain unresolved; 0x0042EE8E-0x0042EE8F are two unowned CC bytes before the independent 0x0042EE90 callback."
0x0042EE90,94,0x0042EEED,sub_42EE90,StartupEnumObjects1,Supervisor,matching,100.00,__stdcall,"BOOL StartupEnumObjects1(const DIDEVICEOBJECTINSTANCEA *instance, void *unused)",false,src/SupervisorEnumControllers.cpp,Two byte-identical pinned-VC7.1 canonical replays reproduce 94/94 bytes with one reviewed g_Supervisor relocation; exact SupervisorSetupDInputInternal passes this callback to controller1 EnumObjects,authored,"Reviewed extent 0x0042EE90-0x0042EEED; BOOL __stdcall callback ignores context, filters DIDEVICEOBJECTINSTANCEA::dwType by DIDFT_AXIS, applies DIPROPRANGE [-1000,1000] with DIPH_BYID through global g_Supervisor controller1 +0x18, and continues unless SetProperty fails. Original static-member/free spelling and source TU remain unresolved; 0x0042EEEE-0x0042EEEF are two unowned CC bytes before exact SupervisorSetupDInputInternal at 0x0042EEF0."
0x0042EEF0,517,0x0042F0F4,sub_42EEF0,SupervisorSetupDInputInternal,Supervisor,matching,100.00,,static int SupervisorSetupDInputInternal(Supervisor *supervisor),false,src/SupervisorStartup.cpp,Two byte-identical pinned-VC7.1 canonical replays reproduce 517/517 bytes with 33 reviewed relocations; exact Supervisor::StartupThread remains 882/882 exact and supplies g_Supervisor through the compiler-private EAX internal-call ABI,authored,"Reviewed extent 0x0042EEF0-0x0042F0F4; initializes DirectInput interface, keyboard, and two controllers. Device/window fields use the input Supervisor, while DIDEVCAPS outputs are target-observed absolute g_Supervisor storage at +0x1C/+0x48. Natural duplicated create-error blocks plus a conditional release/null scope reproduce target scheduling. Original member/static spelling and DirectInput data/callback TU ownership remain unresolved."
0x0042F100,145,0x0042F190,sub_42F100,,,unclassified,0.00,,,false,,Attested IDA 1.50a initial candidate; boundary unreviewed,,
0x0042F1A0,517,0x0042F3A4,sub_42F1A0,SupervisorCheckFps,Supervisor,matching,100.00,,int SupervisorCheckFps(),false,src/SupervisorCheckFps.cpp,Two repeatable pinned-VC7.1 canonical replays reproduce 517/517 bytes with 34 reviewed relocations; the sole code xref is exact Supervisor::AddedCallback and target behavior measures presentation FPS before selecting the runtime disableVsync fallback,authored,"Reviewed extent 0x0042F1A0-0x0042F3A4; 0x0042F3A5-0x0042F3AF are eleven unowned CC bytes before independent 0x0042F3B0. Measures up to four accepted >=57 FPS windows over at most 600 rendered frames using Direct3D8 BeginScene/EndScene/Present/Reset and AnmManager surface 8, bypasses validation when exact Supervisor::IsVsyncDisabled is set, returns -2 and sets runtime disableVsync +0x5AC when samples are insufficient or the average is >=65, otherwise returns 0. TH08/TH095 support Supervisor::CheckFps only as a naming hypothesis; original member/free spelling and no-argument calling convention are not independently observable in TH09."
0x0042F3B0,18,0x0042F3C1,sub_42F3B0,,,unclassified,0.00,,,false,,Attested IDA 1.50a initial candidate; boundary unreviewed,,
0x0042F3D0,31,0x0042F3EE,sub_42F3D0,,,unclassified,0.00,,,false,,Attested IDA 1.50a initial candidate; boundary unreviewed,,
0x0042F3F0,5,0x0042F3F4,sub_42F3F0,,,unclassified,0.00,,,false,,Attested IDA 1.50a initial candidate; boundary unreviewed,,
0x0042F400,17,0x0042F410,sub_42F400,,,unclassified,0.00,,,false,,Attested IDA 1.50a initial candidate; boundary unreviewed,,
0x0042F420,101,0x0042F484,sub_42F420,,,unclassified,0.00,,,false,,Attested IDA 1.50a initial candidate; boundary unreviewed,,
0x0042F490,93,0x0042F4EC,sub_42F490,,,unclassified,0.00,,,false,,Attested IDA 1.50a initial candidate; boundary unreviewed,,
0x0042F4F0,71,0x0042F536,sub_42F4F0,Supervisor::TickTimer,Supervisor,matching,100.00,__thiscall,"void Supervisor::TickTimer(int *current, float *subFrame)",false,src/SupervisorTimer.cpp,Canonical relocation-aware VC7.1 comparison: 71/71 bytes exact including three replayed relocations,authored,TickTimer updates current/subFrame from Supervisor speed at +0x5B8: speed <= 0.99f accumulates subFrame and writes current=(int)subFrame; otherwise increments current and adds 1.0f to subFrame; reviewed extent ends 0x0042F536; 0x0042F537-0x0042F53F is unowned CC padding; public Supervisor layout and original TU remain unknown
0x0042F540,543,0x0042F75E,sub_42F540,Supervisor::TakeSnapshot,Supervisor,matching,100.00,__thiscall,int Supervisor::TakeSnapshot(const char *filePath),false,src/SupervisorSnapshot.cpp,Canonical relocation-aware VC7.1 comparison: 543/543 bytes exact including twenty-three replayed relocations,authored,"Captures a 640x480 D3DFMT_X8R8G8B8 backbuffer into a 24-bit BMP, rejects D3DFMT_R5G6B5, allocates through g_ZunMemory, logs through g_GameErrorContext, and writes through CreateFileA/WriteFile; target-local Supervisor fields observed only at +0x08 (D3D device) and +0x358 (back-buffer format); reviewed extent ends 0x0042F75E; 0x0042F75F is one unowned CC byte before 0x0042F760; exact codegen requires target-evidenced reuse of the filePath parameter slot as WriteFile lpNumberOfBytesWritten; public Supervisor layout and original TU remain unknown"
0x0042F760,15,0x0042F76E,sub_42F760,,AnmManager,unclassified,0.00,,,false,,Attested TH09 caller/callee evidence: 0x0043115B passes g_AnmManager @ 0x004DC550 as ECX to 0x0042F770; 0x0042F770 directly calls 0x0042F760; reviewed logical boundaries and adjacent CC padding,,"AnmManager ownership seam is target-supported, but exact method name, authored origin, ABI beyond observed ECX object flow, maintained source, and exactness remain unknown; logical extent 0x0042F760-0x0042F76E; 0x0042F76F is unowned CC padding"
0x0042F770,74,0x0042F7B9,sub_42F770,,AnmManager,unclassified,0.00,,,false,,Attested TH09 caller/callee evidence: 0x0043115B passes g_AnmManager @ 0x004DC550 as ECX to 0x0042F770; 0x0042F770 directly calls 0x0042F760; reviewed logical boundaries and adjacent CC padding,,"AnmManager ownership seam is target-supported, but exact method name, authored origin, maintained source, and exactness remain unknown; this wrapper calls eight same-object helpers plus 0x0042F760; logical extent 0x0042F770-0x0042F7B9; 0x0042F7BA-0x0042F7BF is unowned CC padding"
0x0042F7C0,1054,0x0042FBDD,sub_42F7C0,Supervisor::LoadConfig,Supervisor,matching,100.00,__thiscall,int Supervisor::LoadConfig(char *configFile),false,src/SupervisorConfig.cpp,Canonical relocation-aware VC7.1 comparison: 1054/1054 bytes exact including 131 replayed relocations,authored,"Loads the 0xCC-byte TH09 configuration at Supervisor +0x388, validates version 0x90003 and bounded option bytes, copies six 0x12-byte serialized controller bindings into one 0xC4 controller layout rooted at 0x004ACE70 on valid input, falls back through GameConfiguration::Initialize, validates ./thbgm.dat header values 0x5641575A/1/0x900, logs option diagnostics, writes config through FileSystem::WriteDataToFile, and returns -1 on BGM/config-write fatal paths; reviewed logical extent ends 0x0042FBDD with two unowned CC bytes before 0x0042FBE0; message-data ownership, the original controller identifier, full Supervisor layout, original TU, and whole-build link placement remain unknown"
0x0042FBE0,54,0x0042FC15,sub_42FBE0,,,unclassified,0.00,,,false,,Attested IDA 1.50a initial candidate; boundary unreviewed,,
0x0042FC20,207,0x0042FCEE,sub_42FC20,,,unclassified,0.00,,,false,,Attested IDA 1.50a initial candidate; boundary unreviewed,,
0x0042FCF0,53,0x0042FD24,sub_42FCF0,,,unclassified,0.00,,,false,,Attested IDA 1.50a initial candidate; boundary unreviewed,,
0x0042FD30,81,0x0042FD80,sub_42FD30,,,unclassified,0.00,,,false,,Attested IDA 1.50a initial candidate; boundary unreviewed,,
0x0042FD90,130,0x0042FE11,sub_42FD90,,,unclassified,0.00,,,false,,Attested IDA 1.50a initial candidate; boundary unreviewed,,
0x0042FE20,148,0x0042FEB3,sub_42FE20,,,unclassified,0.00,,,false,,Attested IDA 1.50a initial candidate; boundary unreviewed,,
0x0042FEC0,56,0x0042FEF7,sub_42FEC0,,,unclassified,0.00,,,false,,Attested IDA 1.50a initial candidate; boundary unreviewed,,
0x0042FF00,56,0x0042FF37,sub_42FF00,,,unclassified,0.00,,,false,,Attested IDA 1.50a initial candidate; boundary unreviewed,,
0x0042FF40,42,0x0042FF69,sub_42FF40,,,unclassified,0.00,,,false,,Attested IDA 1.50a initial candidate; boundary unreviewed,,
0x0042FF70,233,0x00430058,sub_42FF70,,,unclassified,0.00,,,false,,Attested IDA 1.50a initial candidate; boundary unreviewed,,
0x00430060,237,0x0043014C,sub_430060,,,unclassified,0.00,,,false,,Attested IDA 1.50a initial candidate; boundary unreviewed,,
0x00430150,199,0x00430216,sub_430150,,,unclassified,0.00,,,false,,Attested IDA 1.50a initial candidate; boundary unreviewed,,
0x00430220,11,0x0043022A,sub_430220,,,unclassified,0.00,,,false,,Attested IDA 1.50a initial candidate; boundary unreviewed,,
0x00430230,108,0x0043029B,sub_430230,,,unclassified,0.00,,,false,,Attested IDA 1.50a initial candidate; boundary unreviewed,,
0x004302A0,16,0x004302AF,sub_4302A0,,,unclassified,0.00,,,false,,Attested IDA 1.50a initial candidate; boundary unreviewed,,
0x004302B0,173,0x0043035C,sub_4302B0,,,unclassified,0.00,,,false,,Attested IDA 1.50a initial candidate; boundary unreviewed,,
0x00430360,85,0x004303B4,sub_430360,,,unclassified,0.00,,,false,,Attested IDA 1.50a initial candidate; boundary unreviewed,,
0x004303C0,214,0x00430495,sub_4303C0,,,unclassified,0.00,,,false,,Attested IDA 1.50a initial candidate; boundary unreviewed,,
0x004304A0,85,0x004304F4,sub_4304A0,,,unclassified,0.00,,,false,,Attested IDA 1.50a initial candidate; boundary unreviewed,,
0x00430500,47,0x0043052E,sub_430500,,,unclassified,0.00,,,false,,Attested IDA 1.50a initial candidate; boundary unreviewed,,
0x00430530,33,0x00430550,sub_430530,,,unclassified,0.00,,,false,,Attested IDA 1.50a initial candidate; boundary unreviewed,,
0x00430560,33,0x00430580,sub_430560,,,unclassified,0.00,,,false,,Attested IDA 1.50a initial candidate; boundary unreviewed,,
0x00430590,285,0x004306AC,sub_430590,,,unclassified,0.00,,,false,,Attested IDA 1.50a initial candidate; boundary unreviewed,,
0x004306B0,257,0x004307B0,sub_4306B0,,,unclassified,0.00,,,false,,Attested IDA 1.50a initial candidate; boundary unreviewed,,
0x004307C0,736,0x00430A9F,sub_4307C0,,,unclassified,0.00,,,false,,Attested IDA 1.50a initial candidate; boundary unreviewed,,
0x00430AA0,1633,0x00431100,sub_430AA0,,,unclassified,0.00,,,false,,Attested IDA 1.50a initial candidate; boundary unreviewed,,
0x00431110,844,0x0043145B,sub_431110,Supervisor::OnUpdate,Supervisor,unclassified,0.00,__fastcall,int Supervisor::OnUpdate(Supervisor *supervisor),false,src/SupervisorUpdate.cpp,"Attested TH09 calc-chain registration binds this 844-byte callback to g_Supervisor; maintained natural VC7.1 source now preserves the target-observed separate 10/13 CutChain+RegisterChain path by sharing only the final state-2 write. Two cold source compiles produce identical 980-byte .text sections: 828 bytes of code before the first switch artifact at +0x33C versus target +0x34C, leaving a repeatable 16-byte code deficit; all 0x98 switch artifacts and the 12-byte case-index/alignment sequence match physically.",authored,"Reviewed logical code extent 0x00431110-0x0043145B with compiler switch artifacts 0x0043145C-0x004314F3 and 12 CC bytes 0x004314F4-0x004314FF. Current source emits all six target GameManager_CutChain calls and all three GameManager_RegisterChain calls, but VC7.1 still places/shares mode-registration tails differently: target has one physical RegisterStateObject call while the best maintained source has three. Code remains 16 bytes short before identical switch artifacts. Source presence only; no canonical match or exactness claim."
0x00431500,62,0x0043153D,,Supervisor::Supervisor,Supervisor,unclassified,0.00,__thiscall,Supervisor::Supervisor(),false,src/SupervisorLifecycle.cpp,"Attested TH09 static-initializer thunk 0x0048D8F0 loads g_Supervisor @ 0x004B3100 into ECX and tail-jumps here; target member-construction sequence uses the generic vector-constructor helper for three 0xF0 elements at +0x78, exact GameConfiguration::GameConfiguration at +0x388, then clears 0x7B0 bytes and sets Supervisor flags +0x5D4. Maintained natural source emits 61 bytes versus target 62 under size-oriented pinned VC7.1 because it narrows the final 0x140 OR to WORD while target uses DWORD.",authored,"Reviewed extent 0x00431500-0x0043153D; returns this in EAX. The three relocation destinations in the 61-byte near-match solve to ctor-shaped dependency 0x004343D0, VC7.1 vector constructor helper 0x00401470, and exact GameConfiguration constructor 0x0041A98B. Source presence only; no canonical match or exactness claim."
0x00431540,312,0x00431677,sub_431540,SupervisorDrawMain,Supervisor,matching,100.00,__fastcall,int SupervisorDrawMain(Supervisor *supervisor),false,src/SupervisorDrawMain.cpp,Two byte-identical pinned-VC7.1 canonical replays reproduce 312/312 bytes with 21 reviewed relocations; exact SupervisorRegisterChain installs this ECX-consuming callback at draw priority 0 with g_Supervisor as arg,authored,"Reviewed extent 0x00431540-0x00431677; resets the target AnmManager draw-state seam, advances Supervisor +0x740, renders Press Shot Button through exact Float3/AsciiManager text routines with target-observed fade arithmetic, copies surface 8 while state is nonzero, otherwise releases it when present, and always returns Chain CONTINUE=1. Original static-member spelling remains unresolved; helper callees retain independent review states; 0x00431678-0x0043167F are eight unowned CC bytes."
0x00431680,33,0x004316A0,sub_431680,,,unclassified,0.00,,,false,,Attested IDA 1.50a initial candidate; boundary unreviewed,,
0x004316B0,633,0x00431928,sub_4316B0,SupervisorCalculateFps,Supervisor,matching,100.00,__fastcall,void SupervisorCalculateFps(int shouldDraw),false,src/SupervisorCalculateFps.cpp,"Two byte-identical pinned-VC7.1 canonical replays reproduce 633/633 bytes with 65 reviewed relocations; exact SupervisorDrawFps calls with ECX=1 and source-present GameplaySetupThread calls with ECX=0, establishing the draw-gate ABI and shared FPS role",authored,"Reviewed extent 0x004316B0-0x00431928; maintains FPS frame count through WinMM or QPC timing, formats %.02ffps, updates Supervisor +0x5C0/+0x5C4 weighted/nominal accumulators and replay-sampled signed short +0x5C8 when GameManager flag 0x4 and shouldDraw are active, and queues the FPS string at Float3(280,466,0) when suppressFpsDisplay +0x5A8 is clear. Original static-member/free spelling and physical/TU ownership of the FPS timing globals/buffers remain unresolved; 0x00431929-0x0043192F are seven unowned CC bytes before independent 0x00431930."
0x00431930,254,0x00431A2D,sub_431930,,,unclassified,0.00,,,false,,Attested IDA 1.50a initial candidate; boundary unreviewed,,
0x00431A30,169,0x00431AD8,sub_431A30,,,unclassified,0.00,,,false,,Attested IDA 1.50a initial candidate; boundary unreviewed,,
0x00431AE0,69,0x00431B24,sub_431AE0,,,unclassified,0.00,,,false,,Attested IDA 1.50a initial candidate; boundary unreviewed,,
0x00431B30,59,0x00431B6A,sub_431B30,SupervisorDrawFps,Supervisor,matching,100.00,__fastcall,int SupervisorDrawFps(Supervisor *supervisor),false,src/SupervisorDrawFps.cpp,Two byte-identical pinned-VC7.1 canonical replays reproduce 59/59 bytes with six reviewed relocations; exact SupervisorRegisterChain installs this ECX-consuming callback at draw priority 31 with g_Supervisor as arg; its FPS-update dependency is now canonical exact SupervisorCalculateFps @ 0x004316B0,authored,"Reviewed extent 0x00431B30-0x00431B6A; always invokes the FPS update helper with ECX=1, conditionally configures gameplay viewport 2 and draws the global VM at 0x004B3684 when Supervisor +0x478 is nonzero, then returns Chain CONTINUE=1. Original static-member spelling and the global VM data owner remain unresolved; 0x00431B6B-0x00431B6F are five unowned CC bytes before exact SupervisorDeletedCallback."
0x00431B70,405,0x00431D04,sub_431B70,SupervisorDeletedCallback,Supervisor,matching,100.00,__fastcall,int SupervisorDeletedCallback(Supervisor *supervisor),false,src/SupervisorDeletedCallback.cpp,Two byte-identical pinned-VC7.1 canonical replays reproduce 405/405 bytes with 44 reviewed relocations; exact SupervisorRegisterChain installs this ECX-consuming routine as the calc ChainElem deleted callback with g_Supervisor as arg,authored,"Reviewed extent 0x00431B70-0x00431D04; closes Supervisor subthread, frees version/game/startup allocations, releases ANM/audio/replay/text/archive/DirectInput/dummy-MIDI and trailing subsystem resources, returns 0. Original static-member versus free/TU spelling remains unresolved; 0x00431D05-0x00431D0F are eleven unowned CC bytes before exact Supervisor::StartupThread."
0x00431D10,882,0x00432081,sub_431D10,Supervisor::StartupThread,Supervisor,matching,100.00,,static void Supervisor::StartupThread(Supervisor *unused),false,src/SupervisorStartup.cpp,Two repeatable pinned-VC7.1 canonical replays reproduce 882/882 logical function bytes with 106 reviewed relocations; associated 43-byte .text$x cleanup/handler code and 52-byte .xdata$x frame data independently normalize exactly to the target.,authored,"Reviewed logical extent 0x00431D10-0x00432081; registered as a CreateThread start routine at 0x00432090 through wrapper 0x00431AE0. The supplied thread parameter is not read and the target ends in a plain RET, so the original callback declaration/calling convention is not independently asserted. Initializes DirectInput/MIDI/sound/text resources, three gameplay preload seams, BGM state, optional dummy MIDI timer, startup state/flags, and GameManager side values; 0x00432082-0x0043208F is unowned CC padding."
0x00432090,238,0x0043217D,sub_432090,Supervisor::AddedCallback,Supervisor,matching,100.00,__fastcall,int Supervisor::AddedCallback(Supervisor *supervisor),false,src/SupervisorAddedCallback.cpp,Two repeatable pinned-VC7.1 canonical replays reproduce 238/238 bytes with 27 reviewed relocations; exact Supervisor chain registration stores this routine as the calc ChainElem added callback with g_Supervisor as arg,authored,"Reviewed extent 0x00432090-0x0043217D; initializes the Supervisor startup path, loads title/th09logo.jpg and nowloading.anm, applies disable-vsync/FPS validation, initializes render/text/loading resources, sets startup state 1, and starts exact Supervisor::StartupThread with the callback Supervisor pointer; 0x0043217E-0x0043217F are two unowned CC bytes before independent 0x00432180."
0x00432180,182,0x00432235,sub_432180,SupervisorRegisterChain,Supervisor,matching,100.00,,int SupervisorRegisterChain(),false,src/SupervisorRegisterChain.cpp,Two byte-identical pinned-VC7.1 canonical replays reproduce 182/182 bytes with 26 reviewed relocations; sole _WinMain@16 caller and exact Chain APIs establish Supervisor lifecycle registration; all three draw callback dependencies are now independently canonical exact,authored,"Reviewed extent 0x00432180-0x00432235; resets Supervisor +0x58C/+0x590/+0x454, registers calc OnUpdate with exact AddedCallback and exact SupervisorDeletedCallback at 0x00431B70, then registers exact SupervisorDrawFps / SupervisorDrawMain / SupervisorDrawLoading at draw priorities 31 / 0 / 2. Original static-member versus free/TU spelling and no-argument calling convention remain unresolved; 0x00432236-0x0043223F are ten unowned CC bytes before independent 0x00432240."
0x00432240,243,0x00432332,sub_432240,,,unclassified,0.00,,,false,,Attested IDA 1.50a initial candidate; boundary unreviewed,,
0x00432340,97,0x004323A0,sub_432340,,,unclassified,0.00,,,false,,Attested IDA 1.50a initial candidate; boundary unreviewed,,
0x004323B0,95,0x0043240E,sub_4323B0,,,unclassified,0.00,,,false,,Attested IDA 1.50a initial candidate; boundary unreviewed,,
0x00432410,164,0x004324B3,sub_432410,,,unclassified,0.00,,,false,,Attested IDA 1.50a initial candidate; boundary unreviewed,,
0x004324C0,679,0x00432766,sub_4324C0,,,unclassified,0.00,,,false,,Attested IDA 1.50a initial candidate; boundary unreviewed,,
0x00432770,199,0x00432836,sub_432770,,,unclassified,0.00,,,false,,Attested IDA 1.50a initial candidate; boundary unreviewed,,
0x00432840,165,0x004328E4,sub_432840,,,unclassified,0.00,,,false,,Attested IDA 1.50a initial candidate; boundary unreviewed,,
0x004328F0,276,0x00432A03,sub_4328F0,,,unclassified,0.00,,,false,,Attested IDA 1.50a initial candidate; boundary unreviewed,,
0x00432A10,167,0x00432AB6,sub_432A10,,,unclassified,0.00,,,false,,Attested IDA 1.50a initial candidate; boundary unreviewed,,
0x00432AC0,168,0x00432B67,sub_432AC0,,,unclassified,0.00,,,false,,Attested IDA 1.50a initial candidate; boundary unreviewed,,
0x00432B70,768,0x00432E6F,sub_432B70,,,unclassified,0.00,,,false,,Attested IDA 1.50a initial candidate; boundary unreviewed,,
0x00432EA0,15,0x00432EAE,sub_432EA0,,,unclassified,0.00,,,false,,Attested IDA 1.50a initial candidate; boundary unreviewed,,
0x00432EB0,183,0x00432F66,sub_432EB0,,,unclassified,0.00,,,false,,Attested IDA 1.50a initial candidate; boundary unreviewed,,
0x00432F70,200,0x00433037,sub_432F70,,,unclassified,0.00,,,false,,Attested IDA 1.50a initial candidate; boundary unreviewed,,
0x00433040,16,0x0043304F,sub_433040,,,unclassified,0.00,,,false,,Attested IDA 1.50a initial candidate; boundary unreviewed,,
0x00433050,74,0x00433099,sub_433050,PbgArchive::FindEntry,PbgArchive,matching,100.00,__thiscall,PbgArchiveEntry *PbgArchive::FindEntry(const char *filename),false,src/PbgArchiveQuery.cpp,Canonical relocation-aware VC7.1 comparison: 74/74 bytes exact including the _stricmp relocation,authored,Uses target-proven archive prefix entries@+0 and entryCount@+4; walks 0x10-byte entry records comparing filename@+0 case-insensitively; returns matching entry or NULL; reviewed extent ends 0x00433099; 0x0043309A-0x0043309F remains unowned CC padding; full PbgArchive layout/source ownership remains unresolved
0x004330A0,64,0x004330DF,sub_4330A0,,,unclassified,0.00,,,false,,Attested IDA 1.50a initial candidate; boundary unreviewed,,
0x004330E0,18,0x004330F1,sub_4330E0,,,unclassified,0.00,,,false,,Attested IDA 1.50a initial candidate; boundary unreviewed,,
0x00433100,12,0x0043310B,sub_433100,,,unclassified,0.00,,,false,,Attested IDA 1.50a initial candidate; boundary unreviewed,,
0x00433110,26,0x00433129,sub_433110,,,unclassified,0.00,,,false,,Attested IDA 1.50a initial candidate; boundary unreviewed,,
0x00433130,9,0x00433138,unknown_libname_2,,,unclassified,0.00,,,false,,Attested IDA 1.50a initial candidate; boundary unreviewed,,
0x00433140,24,0x00433157,sub_433140,,,unclassified,0.00,,,false,,Attested IDA 1.50a initial candidate; boundary unreviewed,,
0x00433160,88,0x004331B7,sub_433160,,,unclassified,0.00,,,false,,Attested IDA 1.50a initial candidate; boundary unreviewed,,
0x004331C0,193,0x00433280,sub_4331C0,PbgArchive::ReadDecompressEntry,PbgArchive,matching,100.00,__thiscall,"unsigned char *PbgArchive::ReadDecompressEntry(const char *filename, unsigned char *outBuffer)",false,src/PbgArchiveRead.cpp,Canonical relocation-aware VC7.1 comparison: 193/193 bytes exact including seven replayed relocations,authored,"Uses only a target-proven archive state prefix: archiveFilename@+8 and backend@+0xC in addition to the query fields at +0/+4; entry dataOffset@+4, decompressedSize@+8 and next-entry dataOffset determine compressed range; backend virtual calls are Open slot +0, Read +8, Seek +0x18; temporary compressed data uses GlobalAlloc/GlobalFree and success calls Lzss::Decode@0x00433AA0; backend implementation/full archive layout/LZSS exactness remain unresolved; reviewed extent ends 0x00433280; 0x00433281-0x0043328F remains unowned CC padding"
0x00433290,29,0x004332AC,sub_433290,PbgArchive::GetEntryDecompressedSize,PbgArchive,matching,100.00,__thiscall,DWORD PbgArchive::GetEntryDecompressedSize(const char *filename),false,src/PbgArchiveQuery.cpp,Canonical relocation-aware VC7.1 comparison: 29/29 bytes exact including the FindEntry relocation,authored,"Calls exact FindEntry on the same this object, returns entry DWORD at +0x8 when non-NULL, otherwise 0; reviewed extent ends 0x004332AC; 0x004332AD-0x004332AF remains unowned CC padding; prior 27-byte handoff estimate was corrected from target bytes"
0x004332B0,254,0x004333AD,sub_4332B0,,,unclassified,0.00,,,false,,Attested IDA 1.50a initial candidate; boundary unreviewed,,
0x004333B0,61,0x004333EC,sub_4333B0,,,unclassified,0.00,,,false,,Attested IDA 1.50a initial candidate; boundary unreviewed,,
0x004333F0,467,0x004335C2,sub_4333F0,,,unclassified,0.00,,,false,,Attested IDA 1.50a initial candidate; boundary unreviewed,,
0x004335D0,5,0x004335D4,sub_4335D0,,,unclassified,0.00,,,false,,Attested IDA 1.50a initial candidate; boundary unreviewed,,
0x004335E0,179,0x00433692,sub_4335E0,,,unclassified,0.00,,,false,,Attested IDA 1.50a initial candidate; boundary unreviewed,,
0x004336A0,34,0x004336C1,sub_4336A0,,,unclassified,0.00,,,false,,Attested IDA 1.50a initial candidate; boundary unreviewed,,
0x004336D0,61,0x0043370C,sub_4336D0,,,unclassified,0.00,,,false,,Attested IDA 1.50a initial candidate; boundary unreviewed,,
0x00433710,66,0x00433751,sub_433710,,,unclassified,0.00,,,false,,Attested IDA 1.50a initial candidate; boundary unreviewed,,
0x00433760,25,0x00433778,sub_433760,,,unclassified,0.00,,,false,,Attested IDA 1.50a initial candidate; boundary unreviewed,,
0x00433780,21,0x00433794,sub_433780,,,unclassified,0.00,,,false,,Attested IDA 1.50a initial candidate; boundary unreviewed,,
0x004337A0,40,0x004337C7,sub_4337A0,,,unclassified,0.00,,,false,,Attested IDA 1.50a initial candidate; boundary unreviewed,,
0x004337D0,146,0x00433861,sub_4337D0,,,unclassified,0.00,,,false,,Attested IDA 1.50a initial candidate; boundary unreviewed,,
0x00433870,121,0x004338E8,sub_433870,,,unclassified,0.00,,,false,,Attested IDA 1.50a initial candidate; boundary unreviewed,,
0x004338F0,9,0x004338F8,sub_4338F0,,,unclassified,0.00,,,false,,Attested IDA 1.50a initial candidate; boundary unreviewed,,
0x00433900,7,0x00433906,sub_433900,,,unclassified,0.00,,,false,,Attested IDA 1.50a initial candidate; boundary unreviewed,,
0x00433910,33,0x00433930,sub_433910,,,unclassified,0.00,,,false,,Attested IDA 1.50a initial candidate; boundary unreviewed,,
0x00433940,32,0x0043395F,sub_433940,,,unclassified,0.00,,,false,,Attested IDA 1.50a initial candidate; boundary unreviewed,,
0x00433960,22,0x00433975,sub_433960,,,unclassified,0.00,,,false,,Attested IDA 1.50a initial candidate; boundary unreviewed,,
0x00433980,226,0x00433A61,sub_433980,,,unclassified,0.00,,,false,,Attested IDA 1.50a initial candidate; boundary unreviewed,,
0x00433A70,33,0x00433A90,sub_433A70,,,unclassified,0.00,,,false,,Attested IDA 1.50a initial candidate; boundary unreviewed,,
0x00433AA0,470,0x00433C75,sub_433AA0,Lzss::Decode,Lzss,unclassified,0.00,__fastcall,"unsigned char *Lzss::Decode(unsigned char *in, int inSize, unsigned char *out, int outSize)",false,src/LzssDecode.cpp,"Repeatable target-bound VC7.1 codegen: 470/470 bytes with GlobalAlloc and three dictionary relocations under /O2 /Ob0, /Ob1, /Ob2, and /Ox /Ob1; canonical authored promotion withheld because origin remains unresolved",,"ECX=in and EDX=inSize under /Gr; out and outSize are stack arguments consumed by RET 8; allocates output with GlobalAlloc(0, outSize) only when out is NULL; uses the shared 0x2000-byte ring at 0x004CC430 but does not own its definition; reviewed extent ends 0x00433C75; 0x00433C76-0x00433C7F is unowned CC padding; reconstructed name is not an original target symbol"
0x00433C80,37,0x00433CA4,sub_433C80,Lzss::InitTree,Lzss,unclassified,0.00,__fastcall,void Lzss::InitTree(int root),false,src/LzssInit.cpp,"Repeatable target-bound VC7.1 codegen: 37/37 bytes with four tree relocations under /O2 /Ob0, /Ob1, and /Ox /Ob1; canonical authored promotion withheld because LZSS origin remains unresolved",,ECX carries root under /Gr; establishes a 12-byte tree-node view and sentinel node index 0x2000 at tree base 0x004B4420; reviewed extent ends RET at 0x00433CA4; 0x00433CA5-0x00433CAF is unowned CC padding; tree data/source/TU ownership remains unknown
0x00433CB0,42,0x00433CD9,sub_433CB0,Lzss::InitEncoderState,Lzss,unclassified,0.00,__fastcall,void Lzss::InitEncoderState(),false,src/LzssInit.cpp,"Repeatable target-bound VC7.1 codegen: 42/42 bytes with one dictionary and two tree relocations under /O2 /Ob0, /Ob1, /Ox /Ob1, and /O1 /Ob1; canonical authored promotion withheld because LZSS origin remains unresolved",,Clears exactly 0x2000 dictionary bytes at 0x004CC430 and 0x2001 12-byte tree nodes rooted at 0x004B4420; reviewed extent ends RET at 0x00433CD9; 0x00433CDA-0x00433CDF is unowned CC padding before a separate function chunk at 0x00433CE0; data/source/TU ownership remains unknown
0x00433CE0,83,0x00433D32,loc_433CE0,Lzss::ContractNode,Lzss,unclassified,0.00,__fastcall,"void Lzss::ContractNode(int oldNode, int newNode)",false,src/LzssTree.cpp,"Boundary-corrected candidate split from the IDA DeleteString chunk: a separate VC7.1 ContractNode symbol replays 83/83 target bytes with eight tree relocations, and DeleteString carries a REL32 tail-call relocation to 0x00433CE0",,"ECX=oldNode and EDX=newNode under /Gr; reparents newNode to oldNode.parent, replaces oldNode in its parent left/right link, clears oldNode.parent, and returns; target extent is 0x00433CE0-0x00433D32 followed by 0x00433D33-0x00433D3F unowned CC padding; native IDA currently associates this extent as a DeleteString chunk because its sole code xref is a DeleteString tail call"
0x00433D40,115,0x00433DB2,sub_433D40,Lzss::ReplaceNode,Lzss,unclassified,0.00,__fastcall,"void Lzss::ReplaceNode(int oldNode, int newNode)",false,src/LzssTree.cpp,Repeatable target-bound VC7.1 codegen: 115/115 bytes exact with nine tree relocations under /O2; canonical authored promotion withheld because LZSS origin remains unresolved,,"ECX=oldNode and EDX=newNode under /Gr; relinks the parent, copies the complete 12-byte old tree node into newNode, repairs both child parent links, then clears oldNode.parent; reviewed extent ends 0x00433DB2; 0x00433DB3-0x00433DBF is unowned CC padding"
0x00433DC0,49,0x00433DF0,sub_433DC0,Lzss::FindNextNode,Lzss,unclassified,0.00,__fastcall,int Lzss::FindNextNode(int node),false,src/LzssTree.cpp,Repeatable target-bound VC7.1 codegen: 49/49 bytes exact with three tree relocations under /O2; canonical authored promotion withheld because LZSS origin remains unresolved,,"ECX=node under /Gr; begins at node.left and follows right links until zero, returning the last node index in EAX; reviewed extent ends 0x00433DF0; 0x00433DF1-0x00433DFF is unowned CC padding"
0x00433E00,438,0x00433FB5,sub_433E00,Lzss::AddString,Lzss,unclassified,0.00,__fastcall,"int Lzss::AddString(int newNode, int *matchPosition)",false,src/LzssTree.cpp,Repeatable target-bound VC7.1 codegen: 438/438 bytes exact with nineteen relocations under /O2; canonical authored promotion withheld because LZSS origin remains unresolved,,"ECX=newNode and EDX=matchPosition under /Gr; compares up to 18 circular dictionary bytes against the current tree candidate, updates the best match and inserts/replaces the node; calls reconstructed ReplaceNode; reviewed extent ends 0x00433FB5; 0x00433FB6-0x00433FBF is unowned CC padding"
0x00433FC0,83,0x00434012,sub_433FC0,Lzss::DeleteString,Lzss,unclassified,0.00,__fastcall,void Lzss::DeleteString(int p),false,src/LzssTree.cpp,Repeatable target-bound VC7.1 codegen: 83/83 bytes exact with eight relocations including calls/tail-calls to the separated tree helpers under /O2; canonical authored promotion withheld because LZSS origin remains unresolved,,"ECX=p under /Gr; ignores detached nodes, contracts single-child nodes through the separately recovered ContractNode at 0x00433CE0, otherwise finds and recursively deletes a successor then tail-calls ReplaceNode; reviewed main extent is 0x00433FC0-0x00434012; IDA currently mis-associates ContractNode 0x00433CE0-0x00433D32 as a chunk because of the tail-call; 0x00434013-0x0043401F is unowned CC padding"
0x00434020,571,0x0043425A,sub_434020,Lzss::Encode,Lzss,unclassified,0.00,__fastcall,"unsigned char *Lzss::Encode(unsigned char *in, int inSize, int *outSize)",false,src/LzssEncode.cpp,"Target-local ABI/callee/dataflow plus maintained natural source; pinned stock VC7.1 optimized builds remain non-exact at 570 bytes versus target 571 because register allocation/stack homes differ, so no match unit or canonical promotion is claimed",,"ECX=in, EDX=inSize, outSize is one stack argument consumed by RET 4; allocates up to inSize*2 with GlobalAlloc, initializes LZSS state, packs literal or offset/length tokens, emits a zero-offset terminator, and stores output byte count; reviewed target extent 0x00434020-0x0043425A followed by 0x0043425B-0x0043425F unowned CC padding; /O2 and /Ox profile family stays 570 bytes; textual declaration reordering and removal of the dead checksum do not change codegen; TH08 var_order is a reconstruction-specific C1XX wrapper and was not used"
0x00434260,29,0x0043427C,sub_434260,AsciiManager::DeletedCallback,AsciiManager,matching,100.00,__fastcall,int AsciiManager::DeletedCallback(AsciiManager *ascii),false,src/AsciiManagerLifecycle.cpp,Canonical relocation-aware VC7.1 comparison: 29/29 bytes exact including four replayed relocations,authored,Assigned as the deleted callback of the AsciiManager calc ChainElem; releases AnmManager slots 1 and 3 corresponding to TH09 ascii.anm and capture.anm; reviewed extent ends 0x0043427C; 0x0043427D-0x0043427F is unowned CC padding
0x00434280,31,0x0043429E,sub_434280,AsciiManager::CutChain,AsciiManager,matching,100.00,__fastcall,void AsciiManager::CutChain(),false,src/AsciiManagerLifecycle.cpp,Canonical relocation-aware VC7.1 comparison: 31/31 bytes exact including six replayed relocations,authored,Cuts the AsciiManager calc ChainElem at 0x004DC504 and low-priority draw ChainElem at 0x004CE438; the high-priority draw ChainElem at 0x004DC524 is not cut here; reviewed extent ends 0x0043429E; 0x0043429F is unowned CC padding
0x004342A0,130,0x00434321,sub_4342A0,AsciiManager::AddString,AsciiManager,matching,100.00,__thiscall,"void AsciiManager::AddString(Float3 *position, const char *string)",false,src/AsciiManagerText.cpp,Canonical pinned-VC7.1 comparison: 130/130 bytes exact with no relocations,authored,"Uses the target-proven AsciiManager text-state view: 256 records at +0x2264, 0x60-byte stride, count at +0x8264, color/scale/isGui at +0x8268/+0x826C/+0x8270/+0x8274; copies text[64] without a length check, position[3], current style, and clears entry isSelected; reviewed extent ends 0x00434321; 0x00434322-0x0043432F is unowned CC padding"
0x00434330,55,0x00434366,sub_434330,AsciiManager::AddFormatText,AsciiManager,matching,100.00,__cdecl,"void AsciiManager::AddFormatText(Float3 *position, const char *fmt, ...)",false,src/AsciiManagerText.cpp,Canonical relocation-aware VC7.1 comparison: 55/55 bytes exact including two replayed relocations,authored,Variadic member lowering places this/position/fmt at stack +8/+0xC/+0x10; formats into a 512-byte stack buffer with vsprintf then calls reconstructed AddString; reviewed extent ends 0x00434366; 0x00434367-0x0043436F is unowned CC padding
0x00434370,10,0x00434379,sub_434370,,,unclassified,0.00,,,false,,Attested IDA 1.50a initial candidate; boundary unreviewed,,
0x00434380,8,0x00434387,sub_434380,,,unclassified,0.00,,,false,,Attested IDA 1.50a initial candidate; boundary unreviewed,,
0x00434390,18,0x004343A1,sub_434390,,,unclassified,0.00,,,false,,Attested IDA 1.50a initial candidate; boundary unreviewed,,
0x004343B0,10,0x004343B9,sub_4343B0,,,unclassified,0.00,,,false,,Attested IDA 1.50a initial candidate; boundary unreviewed,,
0x004343C0,16,0x004343CF,sub_4343C0,AsciiManager::SetSpaceWidth,AsciiManager,matching,100.00,__thiscall,void AsciiManager::SetSpaceWidth(int spaceWidth),false,src/AsciiManagerSetup.cpp,Canonical pinned-VC7.1 comparison: 16/16 bytes exact with no relocations,authored,Stores the sole stack argument at AsciiManager +0x8280 and returns with RET 4; called by the Reset candidate at 0x004343E0 with value 9; reviewed extent is exactly 0x004343C0-0x004343CF with no owned padding before independent candidate 0x004343D0
0x004343D0,3,0x004343D2,sub_4343D0,,,unclassified,0.00,,,false,,"Attested TH09 body is exactly mov eax, ecx; ret. It is passed as the constructor callback for the three 0xF0 Supervisor members by 0x00431500, and has many additional cross-subsystem code/data xrefs; a neutral standalone VC7.1 ctor-shaped probe reproduces all 3 bytes.",,"Constructor-shaped behavior is observed, but the original C++ type name, subsystem owner, authored versus compiler-generated origin, and source mapping remain unknown/review; no exactness promotion."
0x004343E0,251,0x004344DA,sub_4343E0,AsciiManager::Reset,AsciiManager,matching,100.00,__thiscall,void AsciiManager::Reset(),false,src/AsciiManagerReset.cpp,Canonical relocation-aware VC7.1 comparison: 251/251 bytes exact including three replayed relocations,authored,"Clears three 0x2A4 VM states at +0/+0x2A4/+0x548, the 0x6000 text queue at +0x2264, and opaque regions +0x82A0 size 0x1528, +0x97C8 size 0xFE0, +0xB240 size 0x15E0; resets observed style/index fields, sets anchor bits on +0x2A4/+0x548 VMs, calls candidate AnmLoaded::InitializeAndSetSprite @ 0x00412800 for +0x2A4 sprite 97 and +0 sprite 32, writes +0x4B4=0.1f, then exact SetSpaceWidth(9); +0x8298 and untyped gaps remain unknown; reviewed extent ends 0x004344DA"
0x004344E0,89,0x00434538,sub_4344E0,AsciiManager::AddedCallback,AsciiManager,matching,100.00,__fastcall,int AsciiManager::AddedCallback(AsciiManager *ascii),false,src/AsciiManagerSetup.cpp,Canonical relocation-aware VC7.1 comparison: 89/89 bytes exact including seven replayed relocations,authored,"Clears exactly 0xE0AC bytes, preloads ascii.anm slot 1 into +0x8288 and capture.anm slot 3 into +0x828C via candidate 0x0043C7A0, returns -1 on either null result, otherwise calls Reset @ 0x004343E0 and returns 0; reviewed extent ends 0x00434538; 0x00434539-0x0043453F is unowned CC padding"
0x00434540,341,0x00434694,sub_434540,AsciiManager::DrawStrings,AsciiManager,matching,100.00,__thiscall,void AsciiManager::DrawStrings(),false,src/AsciiManagerDrawStrings.cpp,Canonical relocation-aware VC7.1 comparison: 341/341 bytes exact including twelve replayed relocations,authored,"Draws the 256-entry string queue through the largeText VM: visible+anchor3, copies position/scale, switches gameplay viewport 0/2 around isGui transitions with candidate FlushVertexBuffer @0x004396A0 and Supervisor::ConfigureGameplayViewport @0x00401390, uses TH09 line height 14.0f, candidate GetSprite @0x00434390 with unsigned char minus 0x20, copies color, and candidate DrawNoRotation @0x0043A950; callees remain independently unknown/review; reviewed extent ends 0x00434694; 0x00434695-0x0043469F is unowned CC padding"
0x004346A0,154,0x00434739,sub_4346A0,AsciiManager::CreateScorePopup,AsciiManager,matching,100.00,__thiscall,"void AsciiManager::CreateScorePopup(int playerIndex, Float3 *position, int number, unsigned long color)",false,src/AsciiManagerScorePopup.cpp,Canonical relocation-aware VC7.1 comparison: 154/154 bytes exact including one replayed relocation,authored,"CreateScorePopup uses playerIndex to select one of two 100-record 0x38 popup banks at +0xB240, shared ring index +0x8290, reverse decimal digit encoding with sentinel 10 for negative values, color at +0x18, ZunTimer assignment at +0x1C, and Float3 position at +0x0C; caller 0x0041D150 independently ties the method to score changes and treats the index as a binary player selector; reviewed extent ends 0x00434739; 0x0043473A-0x0043473F is unowned CC padding"
0x00434740,1734,0x00434E05,sub_434740,,,unclassified,0.00,,,false,,Attested IDA 1.50a initial candidate; boundary unreviewed,,
0x00434E30,83,0x00434E82,sub_434E30,,,unclassified,0.00,,,false,,Attested IDA 1.50a initial candidate; boundary unreviewed,,
0x00434E90,1213,0x0043534C,sub_434E90,,,unclassified,0.00,,,false,,Attested IDA 1.50a initial candidate; boundary unreviewed,,
0x00435370,117,0x004353E4,sub_435370,,,unclassified,0.00,,,false,,Attested IDA 1.50a initial candidate; boundary unreviewed,,
0x004353F0,503,0x004355E6,sub_4353F0,,,unclassified,0.00,,,false,,Attested IDA 1.50a initial candidate; boundary unreviewed,,
0x004355F0,1144,0x00435A67,sub_4355F0,,,unclassified,0.00,,,false,,Attested IDA 1.50a initial candidate; boundary unreviewed,,
0x00435A90,83,0x00435AE2,sub_435A90,,,unclassified,0.00,,,false,,Attested IDA 1.50a initial candidate; boundary unreviewed,,
0x00435AF0,15,0x00435AFE,sub_435AF0,,,unclassified,0.00,,,false,,Attested IDA 1.50a initial candidate; boundary unreviewed,,
0x00435B00,253,0x00435BFC,sub_435B00,,,unclassified,0.00,,,false,,Attested IDA 1.50a initial candidate; boundary unreviewed,,
0x00435C00,83,0x00435C52,sub_435C00,,,unclassified,0.00,,,false,,Attested IDA 1.50a initial candidate; boundary unreviewed,,
0x00435C60,52,0x00435C93,sub_435C60,,,unclassified,0.00,,,false,,Attested IDA 1.50a initial candidate; boundary unreviewed,,
0x00435CA0,157,0x00435D3C,sub_435CA0,,,unclassified,0.00,,,false,,Attested IDA 1.50a initial candidate; boundary unreviewed,,
0x00435D40,39,0x00435D66,sub_435D40,,,unclassified,0.00,,,false,,Attested IDA 1.50a initial candidate; boundary unreviewed,,
0x00435D70,39,0x00435D96,sub_435D70,,,unclassified,0.00,,,false,,Attested IDA 1.50a initial candidate; boundary unreviewed,,
0x00435DA0,28,0x00435DBB,sub_435DA0,,,unclassified,0.00,,,false,,Attested IDA 1.50a initial candidate; boundary unreviewed,,
0x00435EB0,4,0x00435EB3,sub_435EB0,,,unclassified,0.00,,,false,,Attested IDA 1.50a initial candidate; boundary unreviewed,,
0x00435EC0,3,0x00435EC2,sub_435EC0,,,unclassified,0.00,,,false,,Attested IDA 1.50a initial candidate; boundary unreviewed,,
0x00435ED0,4,0x00435ED3,sub_435ED0,,,unclassified,0.00,,,false,,Attested IDA 1.50a initial candidate; boundary unreviewed,,
0x00435EE0,4,0x00435EE3,sub_435EE0,,,unclassified,0.00,,,false,,Attested IDA 1.50a initial candidate; boundary unreviewed,,
0x00435EF0,4,0x00435EF3,sub_435EF0,,,unclassified,0.00,,,false,,Attested IDA 1.50a initial candidate; boundary unreviewed,,
0x00435F00,4,0x00435F03,sub_435F00,,,unclassified,0.00,,,false,,Attested IDA 1.50a initial candidate; boundary unreviewed,,
0x00435F10,11,0x00435F1A,sub_435F10,,,unclassified,0.00,,,false,,Attested IDA 1.50a initial candidate; boundary unreviewed,,
0x00435F20,29,0x00435F3C,sub_435F20,,,unclassified,0.00,,,false,,Attested IDA 1.50a initial candidate; boundary unreviewed,,
0x00435F40,78,0x00435F8D,sub_435F40,,,unclassified,0.00,,,false,,Attested IDA 1.50a initial candidate; boundary unreviewed,,
0x00435F90,66,0x00435FD1,sub_435F90,,,unclassified,0.00,,,false,,Attested IDA 1.50a initial candidate; boundary unreviewed,,
0x00435FE0,472,0x004361B7,sub_435FE0,,,unclassified,0.00,,,false,,Attested IDA 1.50a initial candidate; boundary unreviewed,,
0x004361C0,242,0x004362B1,sub_4361C0,,,unclassified,0.00,,,false,,Attested IDA 1.50a initial candidate; boundary unreviewed,,
0x004362C0,26,0x004362D9,sub_4362C0,,,unclassified,0.00,,,false,,Attested IDA 1.50a initial candidate; boundary unreviewed,,
0x004362E0,26,0x004362F9,sub_4362E0,,,unclassified,0.00,,,false,,Attested IDA 1.50a initial candidate; boundary unreviewed,,
0x00436300,5,0x00436304,sub_436300,,,unclassified,0.00,,,false,,Attested IDA 1.50a initial candidate; boundary unreviewed,,
0x00436310,315,0x0043644A,sub_436310,,,unclassified,0.00,,,false,,Attested IDA 1.50a initial candidate; boundary unreviewed,,
0x00436450,101,0x004364B4,sub_436450,,,unclassified,0.00,,,false,,Attested IDA 1.50a initial candidate; boundary unreviewed,,
0x004364C0,751,0x004367AE,sub_4364C0,,,unclassified,0.00,,,false,,Attested IDA 1.50a initial candidate; boundary unreviewed,,
0x004367B0,743,0x00436A96,sub_4367B0,,,unclassified,0.00,,,false,,Attested IDA 1.50a initial candidate; boundary unreviewed,,
0x00436AA0,15,0x00436AAE,sub_436AA0,,,unclassified,0.00,,,false,,Attested IDA 1.50a initial candidate; boundary unreviewed,,
0x00436AB0,14,0x00436ABD,sub_436AB0,,,unclassified,0.00,,,false,,Attested IDA 1.50a initial candidate; boundary unreviewed,,
0x00436AC0,189,0x00436B7C,sub_436AC0,,,unclassified,0.00,,,false,,Attested IDA 1.50a initial candidate; boundary unreviewed,,
0x00436B80,144,0x00436C0F,sub_436B80,,,unclassified,0.00,,,false,,Attested IDA 1.50a initial candidate; boundary unreviewed,,
0x00436C40,116,0x00436CB3,sub_436C40,,,unclassified,0.00,,,false,,Attested IDA 1.50a initial candidate; boundary unreviewed,,
0x00436CD0,106,0x00436D39,sub_436CD0,,,unclassified,0.00,,,false,,Attested IDA 1.50a initial candidate; boundary unreviewed,,
0x00436D70,84,0x00436DC3,sub_436D70,,,unclassified,0.00,,,false,,Attested IDA 1.50a initial candidate; boundary unreviewed,,
0x00436DE0,72,0x00436E27,sub_436DE0,,,unclassified,0.00,,,false,,Attested IDA 1.50a initial candidate; boundary unreviewed,,
0x00436E30,203,0x00436EFA,sub_436E30,,,unclassified,0.00,,,false,,Attested IDA 1.50a initial candidate; boundary unreviewed,,
0x00436F30,9358,0x004393BD,sub_436F30,,,unclassified,0.00,,,false,,Attested IDA 1.50a initial candidate; boundary unreviewed,,
0x00439560,53,0x00439594,sub_439560,,,unclassified,0.00,,,false,,Attested IDA 1.50a initial candidate; boundary unreviewed,,
0x004395A0,143,0x0043962E,sub_4395A0,,,unclassified,0.00,,,false,,Attested IDA 1.50a initial candidate; boundary unreviewed,,
0x00439630,66,0x00439671,sub_439630,,,unclassified,0.00,,,false,,Attested IDA 1.50a initial candidate; boundary unreviewed,,
0x00439680,29,0x0043969C,sub_439680,,,unclassified,0.00,,,false,,Attested IDA 1.50a initial candidate; boundary unreviewed,,
0x004396A0,137,0x00439728,sub_4396A0,,,unclassified,0.00,,,false,,Attested IDA 1.50a initial candidate; boundary unreviewed,,
0x00439730,165,0x004397D4,sub_439730,,,unclassified,0.00,,,false,,Attested IDA 1.50a initial candidate; boundary unreviewed,,
0x004397E0,49,0x00439810,sub_4397E0,,,unclassified,0.00,,,false,,Attested IDA 1.50a initial candidate; boundary unreviewed,,
0x00439820,622,0x00439A8D,sub_439820,,,unclassified,0.00,,,false,,Attested IDA 1.50a initial candidate; boundary unreviewed,,
0x00439A90,595,0x00439CE2,sub_439A90,,,unclassified,0.00,,,false,,Attested IDA 1.50a initial candidate; boundary unreviewed,,
0x00439CF0,199,0x00439DB6,sub_439CF0,,,unclassified,0.00,,,false,,Attested IDA 1.50a initial candidate; boundary unreviewed,,
0x00439DC0,199,0x00439E86,sub_439DC0,,,unclassified,0.00,,,false,,Attested IDA 1.50a initial candidate; boundary unreviewed,,
0x00439E90,411,0x0043A02A,sub_439E90,,,unclassified,0.00,,,false,,Attested IDA 1.50a initial candidate; boundary unreviewed,,
0x0043A030,188,0x0043A0EB,sub_43A030,,,unclassified,0.00,,,false,,Attested IDA 1.50a initial candidate; boundary unreviewed,,
0x0043A0F0,1067,0x0043A51A,sub_43A0F0,,,unclassified,0.00,,,false,,Attested IDA 1.50a initial candidate; boundary unreviewed,,
0x0043A520,1067,0x0043A94A,sub_43A520,,,unclassified,0.00,,,false,,Attested IDA 1.50a initial candidate; boundary unreviewed,,
0x0043A950,254,0x0043AA4D,sub_43A950,,,unclassified,0.00,,,false,,Attested IDA 1.50a initial candidate; boundary unreviewed,,
0x0043AA50,254,0x0043AB4D,sub_43AA50,,,unclassified,0.00,,,false,,Attested IDA 1.50a initial candidate; boundary unreviewed,,
0x0043AB50,491,0x0043AD3A,sub_43AB50,,,unclassified,0.00,,,false,,Attested IDA 1.50a initial candidate; boundary unreviewed,,
0x0043AD40,658,0x0043AFD1,sub_43AD40,,,unclassified,0.00,,,false,,Attested IDA 1.50a initial candidate; boundary unreviewed,,
0x0043AFE0,254,0x0043B0DD,sub_43AFE0,,,unclassified,0.00,,,false,,Attested IDA 1.50a initial candidate; boundary unreviewed,,
0x0043B0E0,88,0x0043B137,sub_43B0E0,,,unclassified,0.00,,,false,,Attested IDA 1.50a initial candidate; boundary unreviewed,,
0x0043B140,84,0x0043B193,sub_43B140,,,unclassified,0.00,,,false,,Attested IDA 1.50a initial candidate; boundary unreviewed,,
0x0043B1A0,811,0x0043B4CA,sub_43B1A0,,,unclassified,0.00,,,false,,Attested IDA 1.50a initial candidate; boundary unreviewed,,
0x0043B4D0,238,0x0043B5BD,sub_43B4D0,,,unclassified,0.00,,,false,,Attested IDA 1.50a initial candidate; boundary unreviewed,,
0x0043B5C0,163,0x0043B662,sub_43B5C0,,,unclassified,0.00,,,false,,Attested IDA 1.50a initial candidate; boundary unreviewed,,
0x0043B670,318,0x0043B7AD,sub_43B670,,,unclassified,0.00,,,false,,Attested IDA 1.50a initial candidate; boundary unreviewed,,
0x0043B7B0,318,0x0043B8ED,sub_43B7B0,,,unclassified,0.00,,,false,,Attested IDA 1.50a initial candidate; boundary unreviewed,,
0x0043B8F0,200,0x0043B9B7,sub_43B8F0,,,unclassified,0.00,,,false,,Attested IDA 1.50a initial candidate; boundary unreviewed,,
0x0043B9C0,472,0x0043BB97,sub_43B9C0,,,unclassified,0.00,,,false,,Attested IDA 1.50a initial candidate; boundary unreviewed,,
0x0043BBA0,50,0x0043BBD1,sub_43BBA0,,,unclassified,0.00,,,false,,Attested IDA 1.50a initial candidate; boundary unreviewed,,
0x0043BBE0,150,0x0043BC75,sub_43BBE0,,,unclassified,0.00,,,false,,Attested IDA 1.50a initial candidate; boundary unreviewed,,
0x0043BC80,48,0x0043BCAF,sub_43BC80,,,unclassified,0.00,,,false,,Attested IDA 1.50a initial candidate; boundary unreviewed,,
0x0043BCB0,138,0x0043BD39,sub_43BCB0,,,unclassified,0.00,,,false,,Attested IDA 1.50a initial candidate; boundary unreviewed,,
0x0043BD40,127,0x0043BDBE,sub_43BD40,,,unclassified,0.00,,,false,,Attested IDA 1.50a initial candidate; boundary unreviewed,,
0x0043BDC0,139,0x0043BE4A,sub_43BDC0,,,unclassified,0.00,,,false,,Attested IDA 1.50a initial candidate; boundary unreviewed,,
0x0043BE50,217,0x0043BF28,sub_43BE50,,,unclassified,0.00,,,false,,Attested IDA 1.50a initial candidate; boundary unreviewed,,
0x0043BF30,97,0x0043BF90,sub_43BF30,,,unclassified,0.00,,,false,,Attested IDA 1.50a initial candidate; boundary unreviewed,,
0x0043BFA0,304,0x0043C0CF,sub_43BFA0,,,unclassified,0.00,,,false,,Attested IDA 1.50a initial candidate; boundary unreviewed,,
0x0043C0D0,294,0x0043C1F5,sub_43C0D0,,,unclassified,0.00,,,false,,Attested IDA 1.50a initial candidate; boundary unreviewed,,
0x0043C200,193,0x0043C2C0,sub_43C200,,,unclassified,0.00,,,false,,Attested IDA 1.50a initial candidate; boundary unreviewed,,
0x0043C2D0,352,0x0043C42F,sub_43C2D0,,,unclassified,0.00,,,false,,Attested IDA 1.50a initial candidate; boundary unreviewed,,
0x0043C430,50,0x0043C461,sub_43C430,,,unclassified,0.00,,,false,,Attested IDA 1.50a initial candidate; boundary unreviewed,,
0x0043C470,75,0x0043C4BA,sub_43C470,,,unclassified,0.00,,,false,,Attested IDA 1.50a initial candidate; boundary unreviewed,,
0x0043C4C0,330,0x0043C609,sub_43C4C0,,,unclassified,0.00,,,false,,Attested IDA 1.50a initial candidate; boundary unreviewed,,
0x0043C610,390,0x0043C795,sub_43C610,,,unclassified,0.00,,,false,,Attested IDA 1.50a initial candidate; boundary unreviewed,,
0x0043C7A0,90,0x0043C7F9,sub_43C7A0,,,unclassified,0.00,,,false,,Attested IDA 1.50a initial candidate; boundary unreviewed,,
0x0043C800,558,0x0043CA2D,sub_43C800,,,unclassified,0.00,,,false,,Attested IDA 1.50a initial candidate; boundary unreviewed,,
0x0043CA30,163,0x0043CAD2,sub_43CA30,,,unclassified,0.00,,,false,,Attested IDA 1.50a initial candidate; boundary unreviewed,,
0x0043CAE0,486,0x0043CCC5,sub_43CAE0,,,unclassified,0.00,,,false,,Attested IDA 1.50a initial candidate; boundary unreviewed,,
0x0043CCD0,102,0x0043CD35,sub_43CCD0,,,unclassified,0.00,,,false,,Attested IDA 1.50a initial candidate; boundary unreviewed,,
0x0043CD40,141,0x0043CDCC,sub_43CD40,,,unclassified,0.00,,,false,,Attested IDA 1.50a initial candidate; boundary unreviewed,,
0x0043CDD0,87,0x0043CE26,sub_43CDD0,,,unclassified,0.00,,,false,,Attested IDA 1.50a initial candidate; boundary unreviewed,,
0x0043CE30,341,0x0043CF84,sub_43CE30,,,unclassified,0.00,,,false,,Attested IDA 1.50a initial candidate; boundary unreviewed,,
0x0043CF90,59,0x0043CFCA,sub_43CF90,,,unclassified,0.00,,,false,,Attested IDA 1.50a initial candidate; boundary unreviewed,,
0x0043CFD0,16,0x0043CFDF,??0_ReaderWriterLock@details@Concurrency@@QAE@XZ,,,unclassified,0.00,,,false,,Attested IDA 1.50a initial candidate; boundary unreviewed,,
0x0043CFE0,40,0x0043D007,sub_43CFE0,,,unclassified,0.00,,,false,,Attested IDA 1.50a initial candidate; boundary unreviewed,,
0x0043D010,70,0x0043D055,sub_43D010,,,unclassified,0.00,,,false,,Attested IDA 1.50a initial candidate; boundary unreviewed,,
0x0043D060,52,0x0043D093,sub_43D060,,,unclassified,0.00,,,false,,Attested IDA 1.50a initial candidate; boundary unreviewed,,
0x0043D0A0,32,0x0043D0BF,sub_43D0A0,,,unclassified,0.00,,,false,,Attested IDA 1.50a initial candidate; boundary unreviewed,,
0x0043D0C0,41,0x0043D0E8,sub_43D0C0,,,unclassified,0.00,,,false,,Attested IDA 1.50a initial candidate; boundary unreviewed,,
0x0043D0F0,14,0x0043D0FD,fptc,,,unclassified,0.00,,,false,,Attested IDA 1.50a initial candidate; boundary unreviewed,,
0x0043D100,18,0x0043D111,sub_43D100,,,unclassified,0.00,,,false,,Attested IDA 1.50a initial candidate; boundary unreviewed,,
0x0043D120,38,0x0043D145,sub_43D120,,,unclassified,0.00,,,false,,Attested IDA 1.50a initial candidate; boundary unreviewed,,
0x0043D150,32,0x0043D16F,sub_43D150,,,unclassified,0.00,,,false,,Attested IDA 1.50a initial candidate; boundary unreviewed,,
0x0043D170,110,0x0043D1DD,sub_43D170,,,unclassified,0.00,,,false,,Attested IDA 1.50a initial candidate; boundary unreviewed,,
0x0043D1E0,46,0x0043D20D,sub_43D1E0,,,unclassified,0.00,,,false,,Attested IDA 1.50a initial candidate; boundary unreviewed,,
0x0043D210,117,0x0043D284,sub_43D210,,,unclassified,0.00,,,false,,Attested IDA 1.50a initial candidate; boundary unreviewed,,
0x0043D2A0,5,0x0043D2A4,sub_43D2A0,,,unclassified,0.00,,,false,,Attested IDA 1.50a initial candidate; boundary unreviewed,,
0x0043D2B0,1,0x0043D2B0,nullsub_3,,,unclassified,0.00,,,false,,Attested IDA 1.50a initial candidate; boundary unreviewed,,
0x0043D2C0,5,0x0043D2C4,sub_43D2C0,,,unclassified,0.00,,,false,,Attested IDA 1.50a initial candidate; boundary unreviewed,,
0x0043D2D0,69,0x0043D314,sub_43D2D0,,,unclassified,0.00,,,false,,Attested IDA 1.50a initial candidate; boundary unreviewed,,
0x0043D320,26,0x0043D339,sub_43D320,,,unclassified,0.00,,,false,,Attested IDA 1.50a initial candidate; boundary unreviewed,,
0x0043D340,85,0x0043D394,sub_43D340,,,unclassified,0.00,,,false,,Attested IDA 1.50a initial candidate; boundary unreviewed,,
0x0043D3A0,423,0x0043D546,sub_43D3A0,,,unclassified,0.00,,,false,,Attested IDA 1.50a initial candidate; boundary unreviewed,,
0x0043D550,45,0x0043D57C,sub_43D550,,,unclassified,0.00,,,false,,Attested IDA 1.50a initial candidate; boundary unreviewed,,
0x0043D580,89,0x0043D5D8,sub_43D580,,,unclassified,0.00,,,false,,Attested IDA 1.50a initial candidate; boundary unreviewed,,
0x0043D5E0,358,0x0043D745,sub_43D5E0,,,unclassified,0.00,,,false,,Attested IDA 1.50a initial candidate; boundary unreviewed,,
0x0043D750,55,0x0043D786,sub_43D750,,,unclassified,0.00,,,false,,Attested IDA 1.50a initial candidate; boundary unreviewed,,
0x0043D790,92,0x0043D7EB,sub_43D790,,,unclassified,0.00,,,false,,Attested IDA 1.50a initial candidate; boundary unreviewed,,
0x0043D7F0,1227,0x0043DCBA,sub_43D7F0,,,unclassified,0.00,,,false,,Attested IDA 1.50a initial candidate; boundary unreviewed,,
0x0043DE20,12,0x0043DE2B,sub_43DE20,,,unclassified,0.00,,,false,,Attested IDA 1.50a initial candidate; boundary unreviewed,,
0x0043DE30,83,0x0043DE82,sub_43DE30,,,unclassified,0.00,,,false,,Attested IDA 1.50a initial candidate; boundary unreviewed,,
0x0043DE90,505,0x0043E088,sub_43DE90,,,unclassified,0.00,,,false,,Attested IDA 1.50a initial candidate; boundary unreviewed,,
0x0043E090,58,0x0043E0C9,sub_43E090,,,unclassified,0.00,,,false,,Attested IDA 1.50a initial candidate; boundary unreviewed,,
0x0043E0D0,94,0x0043E12D,sub_43E0D0,,,unclassified,0.00,,,false,,Attested IDA 1.50a initial candidate; boundary unreviewed,,
0x0043E130,54,0x0043E165,sub_43E130,,,unclassified,0.00,,,false,,Attested IDA 1.50a initial candidate; boundary unreviewed,,
0x0043E170,33,0x0043E190,sub_43E170,,,unclassified,0.00,,,false,,Attested IDA 1.50a initial candidate; boundary unreviewed,,
0x0043E1A0,74,0x0043E1E9,sub_43E1A0,,,unclassified,0.00,,,false,,Attested IDA 1.50a initial candidate; boundary unreviewed,,
0x0043E1F0,208,0x0043E2BF,sub_43E1F0,,,unclassified,0.00,,,false,,Attested IDA 1.50a initial candidate; boundary unreviewed,,
0x0043E2C0,39,0x0043E2E6,sub_43E2C0,,,unclassified,0.00,,,false,,Attested IDA 1.50a initial candidate; boundary unreviewed,,
0x0043E2F0,140,0x0043E37B,sub_43E2F0,,,unclassified,0.00,,,false,,Attested IDA 1.50a initial candidate; boundary unreviewed,,
0x0043E380,153,0x0043E418,sub_43E380,,,unclassified,0.00,,,false,,Attested IDA 1.50a initial candidate; boundary unreviewed,,
0x0043E420,7,0x0043E426,?GetMaskId@VirtualProcessor@details@Concurrency@@QBEIXZ,,,unclassified,0.00,,,false,,Attested IDA 1.50a initial candidate; boundary unreviewed,,
0x0043E430,4,0x0043E433,sub_43E430,,,unclassified,0.00,,,false,,Attested IDA 1.50a initial candidate; boundary unreviewed,,
0x0043E440,38,0x0043E465,sub_43E440,,,unclassified,0.00,,,false,,Attested IDA 1.50a initial candidate; boundary unreviewed,,
0x0043E4A0,49,0x0043E4D0,sub_43E4A0,,,unclassified,0.00,,,false,,Attested IDA 1.50a initial candidate; boundary unreviewed,,
0x0043E4E0,23,0x0043E4F6,sub_43E4E0,,,unclassified,0.00,,,false,,Attested IDA 1.50a initial candidate; boundary unreviewed,,
0x0043E500,613,0x0043E764,sub_43E500,,,unclassified,0.00,,,false,,Attested IDA 1.50a initial candidate; boundary unreviewed,,
0x0043E770,614,0x0043E9D5,sub_43E770,,,unclassified,0.00,,,false,,Attested IDA 1.50a initial candidate; boundary unreviewed,,
0x0043E9E0,72,0x0043EA27,sub_43E9E0,,,unclassified,0.00,,,false,,Attested IDA 1.50a initial candidate; boundary unreviewed,,
0x0043EA30,388,0x0043EBB3,sub_43EA30,,,unclassified,0.00,,,false,,Attested IDA 1.50a initial candidate; boundary unreviewed,,
0x0043EBC0,177,0x0043EC70,sub_43EBC0,,,unclassified,0.00,,,false,,Attested IDA 1.50a initial candidate; boundary unreviewed,,
0x0043EC80,245,0x0043ED74,sub_43EC80,,,unclassified,0.00,,,false,,Attested IDA 1.50a initial candidate; boundary unreviewed,,
0x0043ED80,184,0x0043EE37,StartAddress,,,unclassified,0.00,,,false,,Attested IDA 1.50a initial candidate; boundary unreviewed,,
0x0043EE40,105,0x0043EEA8,sub_43EE40,,,unclassified,0.00,,,false,,Attested IDA 1.50a initial candidate; boundary unreviewed,,
0x0043EEB0,232,0x0043EF97,sub_43EEB0,,,unclassified,0.00,,,false,,Attested IDA 1.50a initial candidate; boundary unreviewed,,
0x0043EFA0,252,0x0043F09B,sub_43EFA0,,,unclassified,0.00,,,false,,Attested IDA 1.50a initial candidate; boundary unreviewed,,
0x0043F0A0,327,0x0043F1E6,sub_43F0A0,,,unclassified,0.00,,,false,,Attested IDA 1.50a initial candidate; boundary unreviewed,,
0x0043F1F0,1414,0x0043F775,sub_43F1F0,,,unclassified,0.00,,,false,,Attested IDA 1.50a initial candidate; boundary unreviewed,,
0x0043F7A0,23,0x0043F7B6,sub_43F7A0,,,unclassified,0.00,,,false,,Attested IDA 1.50a initial candidate; boundary unreviewed,,
0x0043F7C0,200,0x0043F887,sub_43F7C0,,,unclassified,0.00,,,false,,Attested IDA 1.50a initial candidate; boundary unreviewed,,
0x0043F890,342,0x0043F9E5,sub_43F890,,,unclassified,0.00,,,false,,Attested IDA 1.50a initial candidate; boundary unreviewed,,
0x0043F9F0,121,0x0043FA68,sub_43F9F0,,,unclassified,0.00,,,false,,Attested IDA 1.50a initial candidate; boundary unreviewed,,
0x0043FA70,116,0x0043FAE3,sub_43FA70,,,unclassified,0.00,,,false,,Attested IDA 1.50a initial candidate; boundary unreviewed,,
0x0043FAF0,31,0x0043FB0E,sub_43FAF0,,,unclassified,0.00,,,false,,Attested IDA 1.50a initial candidate; boundary unreviewed,,
0x0043FB10,107,0x0043FB7A,sub_43FB10,,,unclassified,0.00,,,false,,Attested IDA 1.50a initial candidate; boundary unreviewed,,
0x0043FB80,86,0x0043FBD5,sub_43FB80,,,unclassified,0.00,,,false,,Attested IDA 1.50a initial candidate; boundary unreviewed,,
0x0043FBE0,39,0x0043FC06,sub_43FBE0,,,unclassified,0.00,,,false,,Attested IDA 1.50a initial candidate; boundary unreviewed,,
0x0043FC10,51,0x0043FC42,sub_43FC10,,,unclassified,0.00,,,false,,Attested IDA 1.50a initial candidate; boundary unreviewed,,
0x0043FC50,62,0x0043FC8D,sub_43FC50,,,unclassified,0.00,,,false,,Attested IDA 1.50a initial candidate; boundary unreviewed,,
0x0043FC90,65,0x0043FCD0,sub_43FC90,,,unclassified,0.00,,,false,,Attested IDA 1.50a initial candidate; boundary unreviewed,,
0x0043FCE0,49,0x0043FD10,sub_43FCE0,,,unclassified,0.00,,,false,,Attested IDA 1.50a initial candidate; boundary unreviewed,,
0x0043FD60,54,0x0043FD95,sub_43FD60,,,unclassified,0.00,,,false,,Attested IDA 1.50a initial candidate; boundary unreviewed,,
0x0043FDA0,19,0x0043FDB2,sub_43FDA0,,,unclassified,0.00,,,false,,Attested IDA 1.50a initial candidate; boundary unreviewed,,
0x0043FDC0,60,0x0043FDFB,sub_43FDC0,,,unclassified,0.00,,,false,,Attested IDA 1.50a initial candidate; boundary unreviewed,,
0x0043FE00,4,0x0043FE03,sub_43FE00,,,unclassified,0.00,,,false,,Attested IDA 1.50a initial candidate; boundary unreviewed,,
0x0043FE10,215,0x0043FEE6,sub_43FE10,,,unclassified,0.00,,,false,,Attested IDA 1.50a initial candidate; boundary unreviewed,,
0x0043FEF0,218,0x0043FFC9,sub_43FEF0,,,unclassified,0.00,,,false,,Attested IDA 1.50a initial candidate; boundary unreviewed,,
0x0043FFD0,36,0x0043FFF3,sub_43FFD0,,,unclassified,0.00,,,false,,Attested IDA 1.50a initial candidate; boundary unreviewed,,
0x00440000,84,0x00440053,sub_440000,,,unclassified,0.00,,,false,,Attested IDA 1.50a initial candidate; boundary unreviewed,,
0x00440060,365,0x004401CC,sub_440060,,,unclassified,0.00,,,false,,Attested IDA 1.50a initial candidate; boundary unreviewed,,
0x004401D0,160,0x0044026F,sub_4401D0,,,unclassified,0.00,,,false,,Attested IDA 1.50a initial candidate; boundary unreviewed,,
0x00440270,600,0x004404C7,sub_440270,,,unclassified,0.00,,,false,,Attested IDA 1.50a initial candidate; boundary unreviewed,,
0x004404D0,115,0x00440542,sub_4404D0,,,unclassified,0.00,,,false,,Attested IDA 1.50a initial candidate; boundary unreviewed,,
0x00440550,5,0x00440554,sub_440550,,,unclassified,0.00,,,false,,Attested IDA 1.50a initial candidate; boundary unreviewed,,
0x00440560,118,0x004405D5,sub_440560,,,unclassified,0.00,,,false,,Attested IDA 1.50a initial candidate; boundary unreviewed,,
0x004405E0,63,0x0044061E,sub_4405E0,,,unclassified,0.00,,,false,,Attested IDA 1.50a initial candidate; boundary unreviewed,,
0x00440620,33,0x00440640,sub_440620,,,unclassified,0.00,,,false,,Attested IDA 1.50a initial candidate; boundary unreviewed,,
0x00440650,135,0x004406D6,sub_440650,,,unclassified,0.00,,,false,,Attested IDA 1.50a initial candidate; boundary unreviewed,,
0x004406E0,105,0x00440748,sub_4406E0,,,unclassified,0.00,,,false,,Attested IDA 1.50a initial candidate; boundary unreviewed,,
0x00440750,60,0x0044078B,sub_440750,,,unclassified,0.00,,,false,,Attested IDA 1.50a initial candidate; boundary unreviewed,,
0x00440790,11,0x0044079A,sub_440790,,,unclassified,0.00,,,false,,Attested IDA 1.50a initial candidate; boundary unreviewed,,
0x004407A0,578,0x004409E1,sub_4407A0,,,unclassified,0.00,,,false,,Attested IDA 1.50a initial candidate; boundary unreviewed,,
0x004409F0,546,0x00440C11,sub_4409F0,,,unclassified,0.00,,,false,,Attested IDA 1.50a initial candidate; boundary unreviewed,,
0x00440C20,33,0x00440C40,sub_440C20,,,unclassified,0.00,,,false,,Attested IDA 1.50a initial candidate; boundary unreviewed,,
0x00440C50,33,0x00440C70,sub_440C50,,,unclassified,0.00,,,false,,Attested IDA 1.50a initial candidate; boundary unreviewed,,
0x00440C80,38,0x00440CA5,sub_440C80,,,unclassified,0.00,,,false,,Attested IDA 1.50a initial candidate; boundary unreviewed,,
0x00440CB0,12,0x00440CBB,sub_440CB0,,,unclassified,0.00,,,false,,Attested IDA 1.50a initial candidate; boundary unreviewed,,
0x00440CC0,24,0x00440CD7,sub_440CC0,,,unclassified,0.00,,,false,,Attested IDA 1.50a initial candidate; boundary unreviewed,,
0x00440D30,95,0x00440D8E,sub_440D30,,,unclassified,0.00,,,false,,Attested IDA 1.50a initial candidate; boundary unreviewed,,
0x00440D90,81,0x00440DE0,sub_440D90,,,unclassified,0.00,,,false,,Attested IDA 1.50a initial candidate; boundary unreviewed,,
0x00440DF0,79,0x00440E3E,sub_440DF0,,,unclassified,0.00,,,false,,Attested IDA 1.50a initial candidate; boundary unreviewed,,
0x00440E40,355,0x00440FA2,sub_440E40,,,unclassified,0.00,,,false,,Attested IDA 1.50a initial candidate; boundary unreviewed,,
0x00440FB0,326,0x004410F5,sub_440FB0,,,unclassified,0.00,,,false,,Attested IDA 1.50a initial candidate; boundary unreviewed,,
0x00441100,475,0x004412DA,sub_441100,,,unclassified,0.00,,,false,,Attested IDA 1.50a initial candidate; boundary unreviewed,,
0x00441350,75,0x0044139A,sub_441350,,,unclassified,0.00,,,false,,Attested IDA 1.50a initial candidate; boundary unreviewed,,
0x004413A0,38,0x004413C5,sub_4413A0,,,unclassified,0.00,,,false,,Attested IDA 1.50a initial candidate; boundary unreviewed,,
0x004413D0,75,0x0044141A,sub_4413D0,,,unclassified,0.00,,,false,,Attested IDA 1.50a initial candidate; boundary unreviewed,,
0x00441420,78,0x0044146D,sub_441420,,,unclassified,0.00,,,false,,Attested IDA 1.50a initial candidate; boundary unreviewed,,
0x00441470,38,0x00441495,sub_441470,,,unclassified,0.00,,,false,,Attested IDA 1.50a initial candidate; boundary unreviewed,,
0x004415E0,471,0x004417B6,sub_4415E0,,,unclassified,0.00,,,false,,Attested IDA 1.50a initial candidate; boundary unreviewed,,
0x004417C0,38,0x004417E5,sub_4417C0,,,unclassified,0.00,,,false,,Attested IDA 1.50a initial candidate; boundary unreviewed,,
0x004417F0,129,0x00441870,sub_4417F0,,,unclassified,0.00,,,false,,Attested IDA 1.50a initial candidate; boundary unreviewed,,
0x00441880,11,0x0044188A,sub_441880,,,unclassified,0.00,,,false,,Attested IDA 1.50a initial candidate; boundary unreviewed,,
0x00441890,32,0x004418AF,sub_441890,,,unclassified,0.00,,,false,,Attested IDA 1.50a initial candidate; boundary unreviewed,,
0x004418B0,95,0x0044190E,sub_4418B0,,,unclassified,0.00,,,false,,Attested IDA 1.50a initial candidate; boundary unreviewed,,
0x00441910,344,0x00441A67,sub_441910,,,unclassified,0.00,,,false,,Attested IDA 1.50a initial candidate; boundary unreviewed,,
0x00441A70,137,0x00441AF8,sub_441A70,,,unclassified,0.00,,,false,,Attested IDA 1.50a initial candidate; boundary unreviewed,,
0x00441B00,100,0x00441B63,sub_441B00,,,unclassified,0.00,,,false,,Attested IDA 1.50a initial candidate; boundary unreviewed,,
0x00441B70,75,0x00441BBA,sub_441B70,,,unclassified,0.00,,,false,,Attested IDA 1.50a initial candidate; boundary unreviewed,,
0x00441BC0,23,0x00441BD6,sub_441BC0,,,unclassified,0.00,,,false,,Attested IDA 1.50a initial candidate; boundary unreviewed,,
0x00441BE0,75,0x00441C2A,sub_441BE0,,,unclassified,0.00,,,false,,Attested IDA 1.50a initial candidate; boundary unreviewed,,
0x00441C30,78,0x00441C7D,sub_441C30,,,unclassified,0.00,,,false,,Attested IDA 1.50a initial candidate; boundary unreviewed,,
0x00441EF0,151,0x00441F86,sub_441EF0,,,unclassified,0.00,,,false,,Attested IDA 1.50a initial candidate; boundary unreviewed,,
0x00441F90,643,0x00442212,sub_441F90,,,unclassified,0.00,,,false,,Attested IDA 1.50a initial candidate; boundary unreviewed,,
0x00442220,204,0x004422EB,sub_442220,,,unclassified,0.00,,,false,,Attested IDA 1.50a initial candidate; boundary unreviewed,,
0x004423D0,68,0x00442413,sub_4423D0,,,unclassified,0.00,,,false,,Attested IDA 1.50a initial candidate; boundary unreviewed,,
0x00442420,46,0x0044244D,sub_442420,,,unclassified,0.00,,,false,,Attested IDA 1.50a initial candidate; boundary unreviewed,,
0x00442450,46,0x0044247D,sub_442450,,,unclassified,0.00,,,false,,Attested IDA 1.50a initial candidate; boundary unreviewed,,
0x00442480,193,0x00442540,sub_442480,,,unclassified,0.00,,,false,,Attested IDA 1.50a initial candidate; boundary unreviewed,,
0x00442550,35,0x00442572,sub_442550,,,unclassified,0.00,,,false,,Attested IDA 1.50a initial candidate; boundary unreviewed,,
0x00442580,454,0x00442745,sub_442580,,,unclassified,0.00,,,false,,Attested IDA 1.50a initial candidate; boundary unreviewed,,
0x00442750,780,0x00442A5B,sub_442750,,,unclassified,0.00,,,false,,Attested IDA 1.50a initial candidate; boundary unreviewed,,
0x00442A60,368,0x00442BCF,sub_442A60,,,unclassified,0.00,,,false,,Attested IDA 1.50a initial candidate; boundary unreviewed,,
0x00442BD0,739,0x00442EB2,sub_442BD0,,,unclassified,0.00,,,false,,Attested IDA 1.50a initial candidate; boundary unreviewed,,
0x00442EC0,32,0x00442EDF,sub_442EC0,,,unclassified,0.00,,,false,,Attested IDA 1.50a initial candidate; boundary unreviewed,,
0x00442EE0,97,0x00442F40,sub_442EE0,,,unclassified,0.00,,,false,,Attested IDA 1.50a initial candidate; boundary unreviewed,,
0x00443150,248,0x00443247,sub_443150,,,unclassified,0.00,,,false,,Attested IDA 1.50a initial candidate; boundary unreviewed,,
0x004432A0,86,0x004432F5,sub_4432A0,,,unclassified,0.00,,,false,,Attested IDA 1.50a initial candidate; boundary unreviewed,,
0x00443300,293,0x00443424,sub_443300,,,unclassified,0.00,,,false,,Attested IDA 1.50a initial candidate; boundary unreviewed,,
0x00443430,8,0x00443437,sub_443430,,,unclassified,0.00,,,false,,Attested IDA 1.50a initial candidate; boundary unreviewed,,
0x00443440,403,0x004435D2,sub_443440,,,unclassified,0.00,,,false,,Attested IDA 1.50a initial candidate; boundary unreviewed,,
0x004435E0,422,0x00443785,sub_4435E0,,,unclassified,0.00,,,false,,Attested IDA 1.50a initial candidate; boundary unreviewed,,
0x00443790,85,0x004437E4,sub_443790,,,unclassified,0.00,,,false,,Attested IDA 1.50a initial candidate; boundary unreviewed,,
0x00443930,249,0x00443A28,sub_443930,,,unclassified,0.00,,,false,,Attested IDA 1.50a initial candidate; boundary unreviewed,,
0x00443B10,249,0x00443C08,sub_443B10,,,unclassified,0.00,,,false,,Attested IDA 1.50a initial candidate; boundary unreviewed,,
0x00443C10,95,0x00443C6E,sub_443C10,,,unclassified,0.00,,,false,,Attested IDA 1.50a initial candidate; boundary unreviewed,,
0x00443C70,371,0x00443DE2,sub_443C70,,,unclassified,0.00,,,false,,Attested IDA 1.50a initial candidate; boundary unreviewed,,
0x00443DF0,805,0x00444114,sub_443DF0,,,unclassified,0.00,,,false,,Attested IDA 1.50a initial candidate; boundary unreviewed,,
0x00444130,959,0x004444EE,sub_444130,,,unclassified,0.00,,,false,,Attested IDA 1.50a initial candidate; boundary unreviewed,,
0x004444F0,101,0x00444554,sub_4444F0,,,unclassified,0.00,,,false,,Attested IDA 1.50a initial candidate; boundary unreviewed,,
0x00444560,308,0x00444693,sub_444560,,,unclassified,0.00,,,false,,Attested IDA 1.50a initial candidate; boundary unreviewed,,
0x004446A0,86,0x004446F5,sub_4446A0,,,unclassified,0.00,,,false,,Attested IDA 1.50a initial candidate; boundary unreviewed,,
0x00444F00,322,0x00445041,sub_444F00,,,unclassified,0.00,,,false,,Attested IDA 1.50a initial candidate; boundary unreviewed,,
0x00445050,316,0x0044518B,sub_445050,,,unclassified,0.00,,,false,,Attested IDA 1.50a initial candidate; boundary unreviewed,,
0x00445190,407,0x00445326,sub_445190,,,unclassified,0.00,,,false,,Attested IDA 1.50a initial candidate; boundary unreviewed,,
0x00445330,102,0x00445395,sub_445330,,,unclassified,0.00,,,false,,Attested IDA 1.50a initial candidate; boundary unreviewed,,
0x00445530,44,0x0044555B,sub_445530,,,unclassified,0.00,,,false,,Attested IDA 1.50a initial candidate; boundary unreviewed,,
0x00445560,26,0x00445579,sub_445560,,,unclassified,0.00,,,false,,Attested IDA 1.50a initial candidate; boundary unreviewed,,
0x00445580,71,0x004455C6,sub_445580,,,unclassified,0.00,,,false,,Attested IDA 1.50a initial candidate; boundary unreviewed,,
0x004455D0,361,0x00445738,sub_4455D0,,,unclassified,0.00,,,false,,Attested IDA 1.50a initial candidate; boundary unreviewed,,
0x00445740,481,0x00445920,sub_445740,,,unclassified,0.00,,,false,,Attested IDA 1.50a initial candidate; boundary unreviewed,,
0x00445930,101,0x00445994,sub_445930,,,unclassified,0.00,,,false,,Attested IDA 1.50a initial candidate; boundary unreviewed,,
0x00445A40,491,0x00445C2A,sub_445A40,,,unclassified,0.00,,,false,,Attested IDA 1.50a initial candidate; boundary unreviewed,,
0x00445CB0,72,0x00445CF7,sub_445CB0,,,unclassified,0.00,,,false,,Attested IDA 1.50a initial candidate; boundary unreviewed,,
0x00445D00,119,0x00445D76,sub_445D00,,,unclassified,0.00,,,false,,Attested IDA 1.50a initial candidate; boundary unreviewed,,
0x00445D80,119,0x00445DF6,sub_445D80,,,unclassified,0.00,,,false,,Attested IDA 1.50a initial candidate; boundary unreviewed,,
0x00445E60,91,0x00445EBA,sub_445E60,,,unclassified,0.00,,,false,,Attested IDA 1.50a initial candidate; boundary unreviewed,,
0x00445EC0,407,0x00446056,sub_445EC0,,,unclassified,0.00,,,false,,Attested IDA 1.50a initial candidate; boundary unreviewed,,
0x00446060,698,0x00446319,sub_446060,,,unclassified,0.00,,,false,,Attested IDA 1.50a initial candidate; boundary unreviewed,,
0x00446320,379,0x0044649A,sub_446320,,,unclassified,0.00,,,false,,Attested IDA 1.50a initial candidate; boundary unreviewed,,
0x004464A0,799,0x004467BE,sub_4464A0,,,unclassified,0.00,,,false,,Attested IDA 1.50a initial candidate; boundary unreviewed,,
0x004467C0,352,0x0044691F,sub_4467C0,,,unclassified,0.00,,,false,,Attested IDA 1.50a initial candidate; boundary unreviewed,,
0x00446920,748,0x00446C0B,sub_446920,,,unclassified,0.00,,,false,,Attested IDA 1.50a initial candidate; boundary unreviewed,,
0x00446C10,356,0x00446D73,sub_446C10,,,unclassified,0.00,,,false,,Attested IDA 1.50a initial candidate; boundary unreviewed,,
0x00446D80,343,0x00446ED6,sub_446D80,,,unclassified,0.00,,,false,,Attested IDA 1.50a initial candidate; boundary unreviewed,,
0x00446EE0,713,0x004471A8,sub_446EE0,,,unclassified,0.00,,,false,,Attested IDA 1.50a initial candidate; boundary unreviewed,,
0x004471B0,710,0x00447475,sub_4471B0,,,unclassified,0.00,,,false,,Attested IDA 1.50a initial candidate; boundary unreviewed,,
0x00447620,249,0x00447718,sub_447620,,,unclassified,0.00,,,false,,Attested IDA 1.50a initial candidate; boundary unreviewed,,
0x00447720,355,0x00447882,sub_447720,,,unclassified,0.00,,,false,,Attested IDA 1.50a initial candidate; boundary unreviewed,,
0x00447890,496,0x00447A7F,sub_447890,,,unclassified,0.00,,,false,,Attested IDA 1.50a initial candidate; boundary unreviewed,,
0x00447A80,98,0x00447AE1,sub_447A80,,,unclassified,0.00,,,false,,Attested IDA 1.50a initial candidate; boundary unreviewed,,
0x00447AF0,324,0x00447C33,sub_447AF0,,,unclassified,0.00,,,false,,Attested IDA 1.50a initial candidate; boundary unreviewed,,
0x00447FB0,867,0x00448312,sub_447FB0,,,unclassified,0.00,,,false,,Attested IDA 1.50a initial candidate; boundary unreviewed,,
0x00448320,357,0x00448484,sub_448320,,,unclassified,0.00,,,false,,Attested IDA 1.50a initial candidate; boundary unreviewed,,
0x00448490,420,0x00448633,sub_448490,,,unclassified,0.00,,,false,,Attested IDA 1.50a initial candidate; boundary unreviewed,,
0x00448640,97,0x004486A0,sub_448640,,,unclassified,0.00,,,false,,Attested IDA 1.50a initial candidate; boundary unreviewed,,
0x00449070,358,0x004491D5,sub_449070,,,unclassified,0.00,,,false,,Attested IDA 1.50a initial candidate; boundary unreviewed,,
0x004491E0,1436,0x0044977B,sub_4491E0,,,unclassified,0.00,,,false,,Attested IDA 1.50a initial candidate; boundary unreviewed,,
0x00449780,101,0x004497E4,sub_449780,,,unclassified,0.00,,,false,,Attested IDA 1.50a initial candidate; boundary unreviewed,,
0x004497F0,327,0x00449936,sub_4497F0,,,unclassified,0.00,,,false,,Attested IDA 1.50a initial candidate; boundary unreviewed,,
0x00449B50,71,0x00449B96,sub_449B50,,,unclassified,0.00,,,false,,Attested IDA 1.50a initial candidate; boundary unreviewed,,
0x00449C70,98,0x00449CD1,sub_449C70,,,unclassified,0.00,,,false,,Attested IDA 1.50a initial candidate; boundary unreviewed,,
0x00449CE0,98,0x00449D41,sub_449CE0,,,unclassified,0.00,,,false,,Attested IDA 1.50a initial candidate; boundary unreviewed,,
0x00449D50,732,0x0044A02B,sub_449D50,,,unclassified,0.00,,,false,,Attested IDA 1.50a initial candidate; boundary unreviewed,,
0x0044A030,763,0x0044A32A,sub_44A030,,,unclassified,0.00,,,false,,Attested IDA 1.50a initial candidate; boundary unreviewed,,
0x0044A330,821,0x0044A664,sub_44A330,,,unclassified,0.00,,,false,,Attested IDA 1.50a initial candidate; boundary unreviewed,,
0x0044A670,101,0x0044A6D4,sub_44A670,,,unclassified,0.00,,,false,,Attested IDA 1.50a initial candidate; boundary unreviewed,,
0x0044AB20,3,0x0044AB22,sub_44AB20,,,unclassified,0.00,,,false,,Attested IDA 1.50a initial candidate; boundary unreviewed,,
0x0044AB90,139,0x0044AC1A,sub_44AB90,,,unclassified,0.00,,,false,,Attested IDA 1.50a initial candidate; boundary unreviewed,,
0x0044AC20,436,0x0044ADD3,sub_44AC20,,,unclassified,0.00,,,false,,Attested IDA 1.50a initial candidate; boundary unreviewed,,
0x0044ADE0,405,0x0044AF74,sub_44ADE0,,,unclassified,0.00,,,false,,Attested IDA 1.50a initial candidate; boundary unreviewed,,
0x0044AF80,101,0x0044AFE4,sub_44AF80,,,unclassified,0.00,,,false,,Attested IDA 1.50a initial candidate; boundary unreviewed,,
0x0044B220,727,0x0044B4F6,sub_44B220,,,unclassified,0.00,,,false,,Attested IDA 1.50a initial candidate; boundary unreviewed,,
0x0044B500,1074,0x0044B931,sub_44B500,,,unclassified,0.00,,,false,,Attested IDA 1.50a initial candidate; boundary unreviewed,,
0x0044B940,318,0x0044BA7D,sub_44B940,,,unclassified,0.00,,,false,,Attested IDA 1.50a initial candidate; boundary unreviewed,,
0x0044BA80,101,0x0044BAE4,sub_44BA80,,,unclassified,0.00,,,false,,Attested IDA 1.50a initial candidate; boundary unreviewed,,
0x0044BC80,71,0x0044BCC6,sub_44BC80,,,unclassified,0.00,,,false,,Attested IDA 1.50a initial candidate; boundary unreviewed,,
0x0044BCD0,361,0x0044BE38,sub_44BCD0,,,unclassified,0.00,,,false,,Attested IDA 1.50a initial candidate; boundary unreviewed,,
0x0044BE40,475,0x0044C01A,sub_44BE40,,,unclassified,0.00,,,false,,Attested IDA 1.50a initial candidate; boundary unreviewed,,
0x0044C020,101,0x0044C084,sub_44C020,,,unclassified,0.00,,,false,,Attested IDA 1.50a initial candidate; boundary unreviewed,,
0x0044C090,506,0x0044C289,sub_44C090,,,unclassified,0.00,,,false,,Attested IDA 1.50a initial candidate; boundary unreviewed,,
0x0044C2E0,98,0x0044C341,sub_44C2E0,,,unclassified,0.00,,,false,,Attested IDA 1.50a initial candidate; boundary unreviewed,,
0x0044C350,361,0x0044C4B8,sub_44C350,,,unclassified,0.00,,,false,,Attested IDA 1.50a initial candidate; boundary unreviewed,,
0x0044C4C0,446,0x0044C67D,sub_44C4C0,,,unclassified,0.00,,,false,,Attested IDA 1.50a initial candidate; boundary unreviewed,,
0x0044C680,98,0x0044C6E1,sub_44C680,,,unclassified,0.00,,,false,,Attested IDA 1.50a initial candidate; boundary unreviewed,,
0x0044E1C4,3,0x0044E1C6,nullsub_5,,,unclassified,0.00,,,false,,Attested IDA 1.50a initial candidate; boundary unreviewed,,
0x0044E1D4,1,0x0044E1D4,nullsub_6,,,unclassified,0.00,,,false,,Attested IDA 1.50a initial candidate; boundary unreviewed,,
0x0044E244,3,0x0044E246,nullsub_7,,,unclassified,0.00,,,false,,Attested IDA 1.50a initial candidate; boundary unreviewed,,
0x0044E254,1,0x0044E254,nullsub_8,,,unclassified,0.00,,,false,,Attested IDA 1.50a initial candidate; boundary unreviewed,,
0x0044E5A0,6,0x0044E5A5,DirectInput8Create,,,unclassified,0.00,,,false,,Attested IDA 1.50a initial candidate; boundary unreviewed,,
0x0044E5A6,6,0x0044E5AB,DirectSoundCreate8,,,unclassified,0.00,,,false,,Attested IDA 1.50a initial candidate; boundary unreviewed,,
0x0044E5AC,6,0x0044E5B1,Direct3DCreate8,,,unclassified,0.00,,,false,,Attested IDA 1.50a initial candidate; boundary unreviewed,,
0x0044E5B2,45,0x0044E5DE,sub_44E5B2,,,unclassified,0.00,,,false,,Attested IDA 1.50a initial candidate; boundary unreviewed,,
0x0044E5EC,42,0x0044E615,sub_44E5EC,,,unclassified,0.00,,,false,,Attested IDA 1.50a initial candidate; boundary unreviewed,,
0x0044E616,142,0x0044E6A3,sub_44E616,,,unclassified,0.00,,,false,,Attested IDA 1.50a initial candidate; boundary unreviewed,,
0x0044E6A4,42,0x0044E6CD,sub_44E6A4,,,unclassified,0.00,,,false,,Attested IDA 1.50a initial candidate; boundary unreviewed,,
0x0044E6CE,175,0x0044E77C,sub_44E6CE,,,unclassified,0.00,,,false,,Attested IDA 1.50a initial candidate; boundary unreviewed,,
0x0044E77D,47,0x0044E7AB,sub_44E77D,,,unclassified,0.00,,,false,,Attested IDA 1.50a initial candidate; boundary unreviewed,,
0x0044E7AC,67,0x0044E7EE,sub_44E7AC,,,unclassified,0.00,,,false,,Attested IDA 1.50a initial candidate; boundary unreviewed,,
0x0044E7EF,13,0x0044E7FB,sub_44E7EF,,,unclassified,0.00,,,false,,Attested IDA 1.50a initial candidate; boundary unreviewed,,
0x0044E816,13,0x0044E822,sub_44E816,,,unclassified,0.00,,,false,,Attested IDA 1.50a initial candidate; boundary unreviewed,,
0x0044E823,6,0x0044E828,sub_44E823,,,unclassified,0.00,,,false,,Attested IDA 1.50a initial candidate; boundary unreviewed,,
0x0044E829,42,0x0044E852,sub_44E829,,,unclassified,0.00,,,false,,Attested IDA 1.50a initial candidate; boundary unreviewed,,
0x0044E853,174,0x0044E900,sub_44E853,,,unclassified,0.00,,,false,,Attested IDA 1.50a initial candidate; boundary unreviewed,,
0x0044E901,42,0x0044E92A,sub_44E901,,,unclassified,0.00,,,false,,Attested IDA 1.50a initial candidate; boundary unreviewed,,
0x0044E92B,209,0x0044E9FB,sub_44E92B,,,unclassified,0.00,,,false,,Attested IDA 1.50a initial candidate; boundary unreviewed,,
0x0044E9FC,47,0x0044EA2A,sub_44E9FC,,,unclassified,0.00,,,false,,Attested IDA 1.50a initial candidate; boundary unreviewed,,
0x0044EA2B,93,0x0044EA87,sub_44EA2B,,,unclassified,0.00,,,false,,Attested IDA 1.50a initial candidate; boundary unreviewed,,
0x0044EA95,139,0x0044EB1F,sub_44EA95,,,unclassified,0.00,,,false,,Attested IDA 1.50a initial candidate; boundary unreviewed,,
0x0044EB20,13,0x0044EB2C,sub_44EB20,,,unclassified,0.00,,,false,,Attested IDA 1.50a initial candidate; boundary unreviewed,,
0x0044EB2D,6,0x0044EB32,sub_44EB2D,,,unclassified,0.00,,,false,,Attested IDA 1.50a initial candidate; boundary unreviewed,,
0x0044EB40,102,0x0044EBA5,sub_44EB40,,,unclassified,0.00,,,false,,Attested IDA 1.50a initial candidate; boundary unreviewed,,
0x0044EBA6,17,0x0044EBB6,sub_44EBA6,,,unclassified,0.00,,,false,,Attested IDA 1.50a initial candidate; boundary unreviewed,,
0x0044EBB7,6,0x0044EBBC,sub_44EBB7,,,unclassified,0.00,,,false,,Attested IDA 1.50a initial candidate; boundary unreviewed,,
0x0044EBBD,17,0x0044EBCD,sub_44EBBD,,,unclassified,0.00,,,false,,Attested IDA 1.50a initial candidate; boundary unreviewed,,
0x0044EBDB,240,0x0044ECCA,sub_44EBDB,,,unclassified,0.00,,,false,,Attested IDA 1.50a initial candidate; boundary unreviewed,,
0x0044ECD8,42,0x0044ED01,sub_44ECD8,,,unclassified,0.00,,,false,,Attested IDA 1.50a initial candidate; boundary unreviewed,,
0x0044ED02,209,0x0044EDD2,sub_44ED02,,,unclassified,0.00,,,false,,Attested IDA 1.50a initial candidate; boundary unreviewed,,
0x0044EDD3,42,0x0044EDFC,sub_44EDD3,,,unclassified,0.00,,,false,,Attested IDA 1.50a initial candidate; boundary unreviewed,,
0x0044EDFD,243,0x0044EEEF,sub_44EDFD,,,unclassified,0.00,,,false,,Attested IDA 1.50a initial candidate; boundary unreviewed,,
0x0044EEF0,47,0x0044EF1E,sub_44EEF0,,,unclassified,0.00,,,false,,Attested IDA 1.50a initial candidate; boundary unreviewed,,
0x0044EF1F,119,0x0044EF95,sub_44EF1F,,,unclassified,0.00,,,false,,Attested IDA 1.50a initial candidate; boundary unreviewed,,
0x0044EFA3,159,0x0044F041,sub_44EFA3,,,unclassified,0.00,,,false,,Attested IDA 1.50a initial candidate; boundary unreviewed,,
0x0044F04F,202,0x0044F118,sub_44F04F,,,unclassified,0.00,,,false,,Attested IDA 1.50a initial candidate; boundary unreviewed,,
0x0044F119,13,0x0044F125,sub_44F119,,,unclassified,0.00,,,false,,Attested IDA 1.50a initial candidate; boundary unreviewed,,
0x0044F126,6,0x0044F12B,sub_44F126,,,unclassified,0.00,,,false,,Attested IDA 1.50a initial candidate; boundary unreviewed,,
0x0044F12C,566,0x0044F361,sub_44F12C,,,unclassified,0.00,,,false,,Attested IDA 1.50a initial candidate; boundary unreviewed,,
0x0044F362,13,0x0044F36E,sub_44F362,,,unclassified,0.00,,,false,,Attested IDA 1.50a initial candidate; boundary unreviewed,,
0x0044F36F,6,0x0044F374,sub_44F36F,,,unclassified,0.00,,,false,,Attested IDA 1.50a initial candidate; boundary unreviewed,,
0x0044F375,109,0x0044F3E1,sub_44F375,,,unclassified,0.00,,,false,,Attested IDA 1.50a initial candidate; boundary unreviewed,,
0x0044F3EF,566,0x0044F624,sub_44F3EF,,,unclassified,0.00,,,false,,Attested IDA 1.50a initial candidate; boundary unreviewed,,
0x0044F625,13,0x0044F631,sub_44F625,,,unclassified,0.00,,,false,,Attested IDA 1.50a initial candidate; boundary unreviewed,,
0x0044F632,6,0x0044F637,sub_44F632,,,unclassified,0.00,,,false,,Attested IDA 1.50a initial candidate; boundary unreviewed,,
0x0044F638,909,0x0044F9C4,sub_44F638,,,unclassified,0.00,,,false,,Attested IDA 1.50a initial candidate; boundary unreviewed,,
0x0044F9C5,46,0x0044F9F2,sub_44F9C5,,,unclassified,0.00,,,false,,Attested IDA 1.50a initial candidate; boundary unreviewed,,
0x0044F9F3,92,0x0044FA4E,sub_44F9F3,,,unclassified,0.00,,,false,,Attested IDA 1.50a initial candidate; boundary unreviewed,,
0x0044FA4F,46,0x0044FA7C,sub_44FA4F,,,unclassified,0.00,,,false,,Attested IDA 1.50a initial candidate; boundary unreviewed,,
0x0044FA7D,92,0x0044FAD8,sub_44FA7D,,,unclassified,0.00,,,false,,Attested IDA 1.50a initial candidate; boundary unreviewed,,
0x0044FAD9,28,0x0044FAF4,sub_44FAD9,,,unclassified,0.00,,,false,,Attested IDA 1.50a initial candidate; boundary unreviewed,,
0x0044FAF5,6,0x0044FAFA,sub_44FAF5,,,unclassified,0.00,,,false,,Attested IDA 1.50a initial candidate; boundary unreviewed,,
0x0044FAFB,122,0x0044FB74,sub_44FAFB,,,unclassified,0.00,,,false,,Attested IDA 1.50a initial candidate; boundary unreviewed,,
0x0044FB75,28,0x0044FB90,sub_44FB75,,,unclassified,0.00,,,false,,Attested IDA 1.50a initial candidate; boundary unreviewed,,
0x0044FB91,6,0x0044FB96,sub_44FB91,,,unclassified,0.00,,,false,,Attested IDA 1.50a initial candidate; boundary unreviewed,,
0x0044FB97,123,0x0044FC11,sub_44FB97,,,unclassified,0.00,,,false,,Attested IDA 1.50a initial candidate; boundary unreviewed,,
0x0044FC12,28,0x0044FC2D,sub_44FC12,,,unclassified,0.00,,,false,,Attested IDA 1.50a initial candidate; boundary unreviewed,,
0x0044FC2E,6,0x0044FC33,sub_44FC2E,,,unclassified,0.00,,,false,,Attested IDA 1.50a initial candidate; boundary unreviewed,,
0x0044FC34,124,0x0044FCAF,sub_44FC34,,,unclassified,0.00,,,false,,Attested IDA 1.50a initial candidate; boundary unreviewed,,
0x0044FCB0,32,0x0044FCCF,sub_44FCB0,,,unclassified,0.00,,,false,,Attested IDA 1.50a initial candidate; boundary unreviewed,,
0x0044FCD0,258,0x0044FDD1,sub_44FCD0,,,unclassified,0.00,,,false,,Attested IDA 1.50a initial candidate; boundary unreviewed,,
0x0044FDD2,13,0x0044FDDE,sub_44FDD2,,,unclassified,0.00,,,false,,Attested IDA 1.50a initial candidate; boundary unreviewed,,
0x0044FDDF,6,0x0044FDE4,sub_44FDDF,,,unclassified,0.00,,,false,,Attested IDA 1.50a initial candidate; boundary unreviewed,,
0x0044FDE5,226,0x0044FEC6,sub_44FDE5,,,unclassified,0.00,,,false,,Attested IDA 1.50a initial candidate; boundary unreviewed,,
0x0044FEC7,46,0x0044FEF4,sub_44FEC7,,,unclassified,0.00,,,false,,Attested IDA 1.50a initial candidate; boundary unreviewed,,
0x0044FEF5,17,0x0044FF05,sub_44FEF5,,,unclassified,0.00,,,false,,Attested IDA 1.50a initial candidate; boundary unreviewed,,
0x0044FF06,39,0x0044FF2C,sub_44FF06,,,unclassified,0.00,,,false,,Attested IDA 1.50a initial candidate; boundary unreviewed,,
0x0044FF2D,230,0x00450012,sub_44FF2D,,,unclassified,0.00,,,false,,Attested IDA 1.50a initial candidate; boundary unreviewed,,
0x00450013,328,0x0045015A,sub_450013,,,unclassified,0.00,,,false,,Attested IDA 1.50a initial candidate; boundary unreviewed,,
0x0045015B,148,0x004501EE,sub_45015B,,,unclassified,0.00,,,false,,Attested IDA 1.50a initial candidate; boundary unreviewed,,
0x00450216,157,0x004502B2,sub_450216,,,unclassified,0.00,,,false,,Attested IDA 1.50a initial candidate; boundary unreviewed,,
0x004502C0,308,0x004503F3,sub_4502C0,,,unclassified,0.00,,,false,,Attested IDA 1.50a initial candidate; boundary unreviewed,,
0x004503F4,32,0x00450413,sub_4503F4,,,unclassified,0.00,,,false,,Attested IDA 1.50a initial candidate; boundary unreviewed,,
0x00450414,92,0x0045046F,sub_450414,,,unclassified,0.00,,,false,,Attested IDA 1.50a initial candidate; boundary unreviewed,,
0x00450470,46,0x0045049D,sub_450470,,,unclassified,0.00,,,false,,Attested IDA 1.50a initial candidate; boundary unreviewed,,
0x0045049E,6,0x004504A3,sub_45049E,,,unclassified,0.00,,,false,,Attested IDA 1.50a initial candidate; boundary unreviewed,,
0x004504A4,217,0x0045057C,sub_4504A4,,,unclassified,0.00,,,false,,Attested IDA 1.50a initial candidate; boundary unreviewed,,
0x0045057D,13,0x00450589,sub_45057D,,,unclassified,0.00,,,false,,Attested IDA 1.50a initial candidate; boundary unreviewed,,
0x0045058A,6,0x0045058F,sub_45058A,,,unclassified,0.00,,,false,,Attested IDA 1.50a initial candidate; boundary unreviewed,,
0x00450590,150,0x00450625,sub_450590,,,unclassified,0.00,,,false,,Attested IDA 1.50a initial candidate; boundary unreviewed,,
0x00450633,13,0x0045063F,sub_450633,,,unclassified,0.00,,,false,,Attested IDA 1.50a initial candidate; boundary unreviewed,,
0x00450640,6,0x00450645,sub_450640,,,unclassified,0.00,,,false,,Attested IDA 1.50a initial candidate; boundary unreviewed,,
0x00450646,180,0x004506F9,sub_450646,,,unclassified,0.00,,,false,,Attested IDA 1.50a initial candidate; boundary unreviewed,,
0x004506FA,6,0x004506FF,sub_4506FA,,,unclassified,0.00,,,false,,Attested IDA 1.50a initial candidate; boundary unreviewed,,
0x00450700,126,0x0045077D,sub_450700,,,unclassified,0.00,,,false,,Attested IDA 1.50a initial candidate; boundary unreviewed,,
0x0045077E,6,0x00450783,sub_45077E,,,unclassified,0.00,,,false,,Attested IDA 1.50a initial candidate; boundary unreviewed,,
0x00450784,155,0x0045081E,sub_450784,,,unclassified,0.00,,,false,,Attested IDA 1.50a initial candidate; boundary unreviewed,,
0x0045081F,36,0x00450842,sub_45081F,,,unclassified,0.00,,,false,,Attested IDA 1.50a initial candidate; boundary unreviewed,,
0x00450843,6,0x00450848,sub_450843,,,unclassified,0.00,,,false,,Attested IDA 1.50a initial candidate; boundary unreviewed,,
0x00450849,227,0x0045092B,sub_450849,,,unclassified,0.00,,,false,,Attested IDA 1.50a initial candidate; boundary unreviewed,,
0x0045092C,42,0x00450955,sub_45092C,,,unclassified,0.00,,,false,,Attested IDA 1.50a initial candidate; boundary unreviewed,,
0x00450956,87,0x004509AC,sub_450956,,,unclassified,0.00,,,false,,Attested IDA 1.50a initial candidate; boundary unreviewed,,
0x004509AD,17,0x004509BD,sub_4509AD,,,unclassified,0.00,,,false,,Attested IDA 1.50a initial candidate; boundary unreviewed,,
0x004509BE,47,0x004509EC,sub_4509BE,,,unclassified,0.00,,,false,,Attested IDA 1.50a initial candidate; boundary unreviewed,,
0x004509ED,139,0x00450A77,sub_4509ED,,,unclassified,0.00,,,false,,Attested IDA 1.50a initial candidate; boundary unreviewed,,
0x00450A78,13,0x00450A84,sub_450A78,,,unclassified,0.00,,,false,,Attested IDA 1.50a initial candidate; boundary unreviewed,,
0x00450A85,6,0x00450A8A,sub_450A85,,,unclassified,0.00,,,false,,Attested IDA 1.50a initial candidate; boundary unreviewed,,
0x00450A8B,164,0x00450B2E,sub_450A8B,,,unclassified,0.00,,,false,,Attested IDA 1.50a initial candidate; boundary unreviewed,,
0x00450B3C,162,0x00450BDD,sub_450B3C,,,unclassified,0.00,,,false,,Attested IDA 1.50a initial candidate; boundary unreviewed,,
0x00450BEB,56,0x00450C22,sub_450BEB,,,unclassified,0.00,,,false,,Attested IDA 1.50a initial candidate; boundary unreviewed,,
0x00450C30,162,0x00450CD1,sub_450C30,,,unclassified,0.00,,,false,,Attested IDA 1.50a initial candidate; boundary unreviewed,,
0x00450CDF,159,0x00450D7D,sub_450CDF,,,unclassified,0.00,,,false,,Attested IDA 1.50a initial candidate; boundary unreviewed,,
0x00450D7E,141,0x00450E0A,sub_450D7E,,,unclassified,0.00,,,false,,Attested IDA 1.50a initial candidate; boundary unreviewed,,
0x00450E0B,107,0x00450E75,sub_450E0B,,,unclassified,0.00,,,false,,Attested IDA 1.50a initial candidate; boundary unreviewed,,
0x00450E76,128,0x00450EF5,sub_450E76,,,unclassified,0.00,,,false,,Attested IDA 1.50a initial candidate; boundary unreviewed,,
0x00450EF6,60,0x00450F31,sub_450EF6,,,unclassified,0.00,,,false,,Attested IDA 1.50a initial candidate; boundary unreviewed,,
0x00450F32,160,0x00450FD1,sub_450F32,,,unclassified,0.00,,,false,,Attested IDA 1.50a initial candidate; boundary unreviewed,,
0x00450FD2,191,0x00451090,sub_450FD2,,,unclassified,0.00,,,false,,Attested IDA 1.50a initial candidate; boundary unreviewed,,
0x00451091,365,0x004511FD,sub_451091,,,unclassified,0.00,,,false,,Attested IDA 1.50a initial candidate; boundary unreviewed,,
0x0045121E,390,0x004513A3,sub_45121E,,,unclassified,0.00,,,false,,Attested IDA 1.50a initial candidate; boundary unreviewed,,
0x004513C4,185,0x0045147C,sub_4513C4,,,unclassified,0.00,,,false,,Attested IDA 1.50a initial candidate; boundary unreviewed,,
0x0045147D,57,0x004514B5,sub_45147D,,,unclassified,0.00,,,false,,Attested IDA 1.50a initial candidate; boundary unreviewed,,
0x004514B6,692,0x00451769,sub_4514B6,,,unclassified,0.00,,,false,,Attested IDA 1.50a initial candidate; boundary unreviewed,,
0x0045176A,218,0x00451843,sub_45176A,,,unclassified,0.00,,,false,,Attested IDA 1.50a initial candidate; boundary unreviewed,,
0x00451844,191,0x00451902,sub_451844,,,unclassified,0.00,,,false,,Attested IDA 1.50a initial candidate; boundary unreviewed,,
0x00451903,986,0x00451CDC,sub_451903,,,unclassified,0.00,,,false,,Attested IDA 1.50a initial candidate; boundary unreviewed,,
0x00451CDD,36,0x00451D00,sub_451CDD,,,unclassified,0.00,,,false,,Attested IDA 1.50a initial candidate; boundary unreviewed,,
0x00451D01,117,0x00451D75,sub_451D01,,,unclassified,0.00,,,false,,Attested IDA 1.50a initial candidate; boundary unreviewed,,
0x00451D76,226,0x00451E57,sub_451D76,,,unclassified,0.00,,,false,,Attested IDA 1.50a initial candidate; boundary unreviewed,,
0x00451E58,49,0x00451E88,sub_451E58,,,unclassified,0.00,,,false,,Attested IDA 1.50a initial candidate; boundary unreviewed,,
0x00451E89,223,0x00451F67,sub_451E89,,,unclassified,0.00,,,false,,Attested IDA 1.50a initial candidate; boundary unreviewed,,
0x00451F68,3,0x00451F6A,sub_451F68,,,unclassified,0.00,,,false,,Attested IDA 1.50a initial candidate; boundary unreviewed,,
0x00451F6B,211,0x0045203D,sub_451F6B,,,unclassified,0.00,,,false,,Attested IDA 1.50a initial candidate; boundary unreviewed,,
0x0045203E,810,0x00452367,sub_45203E,,,unclassified,0.00,,,false,,Attested IDA 1.50a initial candidate; boundary unreviewed,,
0x00452368,40,0x0045238F,sub_452368,,,unclassified,0.00,,,false,,Attested IDA 1.50a initial candidate; boundary unreviewed,,
0x00452390,102,0x004523F5,sub_452390,,,unclassified,0.00,,,false,,Attested IDA 1.50a initial candidate; boundary unreviewed,,
0x004523F6,184,0x004524AD,sub_4523F6,,,unclassified,0.00,,,false,,Attested IDA 1.50a initial candidate; boundary unreviewed,,
0x004524AE,422,0x00452653,sub_4524AE,,,unclassified,0.00,,,false,,Attested IDA 1.50a initial candidate; boundary unreviewed,,
0x00452654,134,0x004526D9,sub_452654,,,unclassified,0.00,,,false,,Attested IDA 1.50a initial candidate; boundary unreviewed,,
0x004526DA,740,0x004529BD,sub_4526DA,,,unclassified,0.00,,,false,,Attested IDA 1.50a initial candidate; boundary unreviewed,,
0x004529BE,1651,0x00453030,sub_4529BE,,,unclassified,0.00,,,false,,Attested IDA 1.50a initial candidate; boundary unreviewed,,
0x00453031,64,0x00453070,sub_453031,,,unclassified,0.00,,,false,,Attested IDA 1.50a initial candidate; boundary unreviewed,,
0x00453071,92,0x004530CC,sub_453071,,,unclassified,0.00,,,false,,Attested IDA 1.50a initial candidate; boundary unreviewed,,
0x004530CD,37,0x004530F1,sub_4530CD,,,unclassified,0.00,,,false,,Attested IDA 1.50a initial candidate; boundary unreviewed,,
0x004530F2,153,0x0045318A,sub_4530F2,,,unclassified,0.00,,,false,,Attested IDA 1.50a initial candidate; boundary unreviewed,,
0x0045318B,56,0x004531C2,sub_45318B,,,unclassified,0.00,,,false,,Attested IDA 1.50a initial candidate; boundary unreviewed,,
0x004531C3,165,0x00453267,sub_4531C3,,,unclassified,0.00,,,false,,Attested IDA 1.50a initial candidate; boundary unreviewed,,
0x00453268,180,0x0045331B,sub_453268,,,unclassified,0.00,,,false,,Attested IDA 1.50a initial candidate; boundary unreviewed,,
0x0045331C,221,0x004533F8,sub_45331C,,,unclassified,0.00,,,false,,Attested IDA 1.50a initial candidate; boundary unreviewed,,
0x004533F9,144,0x00453488,sub_4533F9,,,unclassified,0.00,,,false,,Attested IDA 1.50a initial candidate; boundary unreviewed,,
0x00453489,25,0x004534A1,sub_453489,,,unclassified,0.00,,,false,,Attested IDA 1.50a initial candidate; boundary unreviewed,,
0x004534A2,89,0x004534FA,sub_4534A2,,,unclassified,0.00,,,false,,Attested IDA 1.50a initial candidate; boundary unreviewed,,
0x004534FB,28,0x00453516,sub_4534FB,,,unclassified,0.00,,,false,,Attested IDA 1.50a initial candidate; boundary unreviewed,,
0x00453517,1814,0x00453C2C,sub_453517,,,unclassified,0.00,,,false,,Attested IDA 1.50a initial candidate; boundary unreviewed,,
0x00453C2D,27,0x00453C47,sub_453C2D,,,unclassified,0.00,,,false,,Attested IDA 1.50a initial candidate; boundary unreviewed,,
0x00453C49,1,0x00453C49,nullsub_4,,,unclassified,0.00,,,false,,Attested IDA 1.50a initial candidate; boundary unreviewed,,
0x00453C4A,21,0x00453C5E,sub_453C4A,,,unclassified,0.00,,,false,,Attested IDA 1.50a initial candidate; boundary unreviewed,,
0x00453C5F,17,0x00453C6F,sub_453C5F,,,unclassified,0.00,,,false,,Attested IDA 1.50a initial candidate; boundary unreviewed,,
0x00453C70,624,0x00453EDF,sub_453C70,,,unclassified,0.00,,,false,,Attested IDA 1.50a initial candidate; boundary unreviewed,,
0x00453EE0,1191,0x00454386,sub_453EE0,,,unclassified,0.00,,,false,,Attested IDA 1.50a initial candidate; boundary unreviewed,,
0x00454387,646,0x0045460C,sub_454387,,,unclassified,0.00,,,false,,Attested IDA 1.50a initial candidate; boundary unreviewed,,
0x0045460D,67,0x0045464F,sub_45460D,,,unclassified,0.00,,,false,,Attested IDA 1.50a initial candidate; boundary unreviewed,,
0x00454650,11,0x0045465A,sub_454650,,,unclassified,0.00,,,false,,Attested IDA 1.50a initial candidate; boundary unreviewed,,
0x0045465C,1430,0x00454BF1,sub_45465C,,,unclassified,0.00,,,false,,Attested IDA 1.50a initial candidate; boundary unreviewed,,
0x00454BF2,833,0x00454F32,sub_454BF2,,,unclassified,0.00,,,false,,Attested IDA 1.50a initial candidate; boundary unreviewed,,
0x00454F33,48,0x00454F62,sub_454F33,,,unclassified,0.00,,,false,,Attested IDA 1.50a initial candidate; boundary unreviewed,,
0x00454F63,469,0x00455137,sub_454F63,,,unclassified,0.00,,,false,,Attested IDA 1.50a initial candidate; boundary unreviewed,,
0x00455138,10,0x00455141,sub_455138,,,unclassified,0.00,,,false,,Attested IDA 1.50a initial candidate; boundary unreviewed,,
0x00455142,30,0x0045515F,sub_455142,,,unclassified,0.00,,,false,,Attested IDA 1.50a initial candidate; boundary unreviewed,,
0x00455160,13,0x0045516C,unknown_libname_3,,,unclassified,0.00,,,false,,Attested IDA 1.50a initial candidate; boundary unreviewed,,
0x0045516D,9,0x00455175,??1_Timevec@std@@QAE@XZ,,,unclassified,0.00,,,false,,Attested IDA 1.50a initial candidate; boundary unreviewed,,
0x00455176,701,0x00455432,sub_455176,,,unclassified,0.00,,,false,,Attested IDA 1.50a initial candidate; boundary unreviewed,,
0x00455433,76,0x0045547E,sub_455433,,,unclassified,0.00,,,false,,Attested IDA 1.50a initial candidate; boundary unreviewed,,
0x0045547F,1140,0x004558F2,sub_45547F,,,unclassified,0.00,,,false,,Attested IDA 1.50a initial candidate; boundary unreviewed,,
0x004558F3,398,0x00455A80,sub_4558F3,,,unclassified,0.00,,,false,,Attested IDA 1.50a initial candidate; boundary unreviewed,,
0x00455A81,294,0x00455BA6,sub_455A81,,,unclassified,0.00,,,false,,Attested IDA 1.50a initial candidate; boundary unreviewed,,
0x00455BA7,49,0x00455BD7,sub_455BA7,,,unclassified,0.00,,,false,,Attested IDA 1.50a initial candidate; boundary unreviewed,,
0x00455BD8,232,0x00455CBF,sub_455BD8,,,unclassified,0.00,,,false,,Attested IDA 1.50a initial candidate; boundary unreviewed,,
0x00455CC0,278,0x00455DD5,sub_455CC0,,,unclassified,0.00,,,false,,Attested IDA 1.50a initial candidate; boundary unreviewed,,
0x00455DD6,56,0x00455E0D,sub_455DD6,,,unclassified,0.00,,,false,,Attested IDA 1.50a initial candidate; boundary unreviewed,,
0x00455E0E,47,0x00455E3C,sub_455E0E,,,unclassified,0.00,,,false,,Attested IDA 1.50a initial candidate; boundary unreviewed,,
0x00455E3D,49,0x00455E6D,sub_455E3D,,,unclassified,0.00,,,false,,Attested IDA 1.50a initial candidate; boundary unreviewed,,
0x00455E6E,336,0x00455FBD,sub_455E6E,,,unclassified,0.00,,,false,,Attested IDA 1.50a initial candidate; boundary unreviewed,,
0x00455FBE,292,0x004560E1,sub_455FBE,,,unclassified,0.00,,,false,,Attested IDA 1.50a initial candidate; boundary unreviewed,,
0x004560E2,335,0x00456230,sub_4560E2,,,unclassified,0.00,,,false,,Attested IDA 1.50a initial candidate; boundary unreviewed,,
0x00456231,339,0x00456383,sub_456231,,,unclassified,0.00,,,false,,Attested IDA 1.50a initial candidate; boundary unreviewed,,
0x00456384,319,0x004564C2,sub_456384,,,unclassified,0.00,,,false,,Attested IDA 1.50a initial candidate; boundary unreviewed,,
0x004564C3,155,0x0045655D,sub_4564C3,,,unclassified,0.00,,,false,,Attested IDA 1.50a initial candidate; boundary unreviewed,,
0x0045655E,332,0x004566A9,sub_45655E,,,unclassified,0.00,,,false,,Attested IDA 1.50a initial candidate; boundary unreviewed,,
0x004566AA,289,0x004567CA,sub_4566AA,,,unclassified,0.00,,,false,,Attested IDA 1.50a initial candidate; boundary unreviewed,,
0x004567CB,332,0x00456916,sub_4567CB,,,unclassified,0.00,,,false,,Attested IDA 1.50a initial candidate; boundary unreviewed,,
0x00456917,319,0x00456A55,sub_456917,,,unclassified,0.00,,,false,,Attested IDA 1.50a initial candidate; boundary unreviewed,,
0x00456A56,312,0x00456B8D,sub_456A56,,,unclassified,0.00,,,false,,Attested IDA 1.50a initial candidate; boundary unreviewed,,
0x00456B8E,241,0x00456C7E,sub_456B8E,,,unclassified,0.00,,,false,,Attested IDA 1.50a initial candidate; boundary unreviewed,,
0x00456C7F,514,0x00456E80,sub_456C7F,,,unclassified,0.00,,,false,,Attested IDA 1.50a initial candidate; boundary unreviewed,,
0x00456E81,516,0x00457084,sub_456E81,,,unclassified,0.00,,,false,,Attested IDA 1.50a initial candidate; boundary unreviewed,,
0x00457085,1027,0x00457487,sub_457085,,,unclassified,0.00,,,false,,Attested IDA 1.50a initial candidate; boundary unreviewed,,
0x004574A8,1170,0x00457939,sub_4574A8,,,unclassified,0.00,,,false,,Attested IDA 1.50a initial candidate; boundary unreviewed,,
0x0045793A,256,0x00457A39,sub_45793A,,,unclassified,0.00,,,false,,Attested IDA 1.50a initial candidate; boundary unreviewed,,
0x00457A3A,998,0x00457E1F,sub_457A3A,,,unclassified,0.00,,,false,,Attested IDA 1.50a initial candidate; boundary unreviewed,,
0x00457E20,1841,0x00458550,sub_457E20,,,unclassified,0.00,,,false,,Attested IDA 1.50a initial candidate; boundary unreviewed,,
0x00458551,930,0x004588F2,sub_458551,,,unclassified,0.00,,,false,,Attested IDA 1.50a initial candidate; boundary unreviewed,,
0x004588F3,282,0x00458A0C,sub_4588F3,,,unclassified,0.00,,,false,,Attested IDA 1.50a initial candidate; boundary unreviewed,,
0x00458A0D,16,0x00458A1C,sub_458A0D,,,unclassified,0.00,,,false,,Attested IDA 1.50a initial candidate; boundary unreviewed,,
0x00458A1D,105,0x00458A85,sub_458A1D,,,unclassified,0.00,,,false,,Attested IDA 1.50a initial candidate; boundary unreviewed,,
0x00458A86,6,0x00458A8B,sub_458A86,,,unclassified,0.00,,,false,,Attested IDA 1.50a initial candidate; boundary unreviewed,,
0x00458A8C,22,0x00458AA1,sub_458A8C,,,unclassified,0.00,,,false,,Attested IDA 1.50a initial candidate; boundary unreviewed,,
0x00458AA2,5,0x00458AA6,sub_458AA2,,,unclassified,0.00,,,false,,Attested IDA 1.50a initial candidate; boundary unreviewed,,
0x00458AA7,1043,0x00458EB9,sub_458AA7,,,unclassified,0.00,,,false,,Attested IDA 1.50a initial candidate; boundary unreviewed,,
0x00458EBA,5,0x00458EBE,sub_458EBA,,,unclassified,0.00,,,false,,Attested IDA 1.50a initial candidate; boundary unreviewed,,
0x00458EBF,859,0x00459219,sub_458EBF,,,unclassified,0.00,,,false,,Attested IDA 1.50a initial candidate; boundary unreviewed,,
0x0045921A,19,0x0045922C,sub_45921A,,,unclassified,0.00,,,false,,Attested IDA 1.50a initial candidate; boundary unreviewed,,
0x0045922D,3,0x0045922F,nullsub_9,,,unclassified,0.00,,,false,,Attested IDA 1.50a initial candidate; boundary unreviewed,,
0x00459230,759,0x00459526,sub_459230,,,unclassified,0.00,,,false,,Attested IDA 1.50a initial candidate; boundary unreviewed,,
0x00459527,160,0x004595C6,sub_459527,,,unclassified,0.00,,,false,,Attested IDA 1.50a initial candidate; boundary unreviewed,,
0x004595C7,1018,0x004599C0,sub_4595C7,,,unclassified,0.00,,,false,,Attested IDA 1.50a initial candidate; boundary unreviewed,,
0x004599C1,35,0x004599E3,sub_4599C1,,,unclassified,0.00,,,false,,Attested IDA 1.50a initial candidate; boundary unreviewed,,
0x004599E4,588,0x00459C2F,sub_4599E4,,,unclassified,0.00,,,false,,Attested IDA 1.50a initial candidate; boundary unreviewed,,
0x00459C30,28,0x00459C4B,sub_459C30,,,unclassified,0.00,,,false,,Attested IDA 1.50a initial candidate; boundary unreviewed,,
0x00459C4C,123,0x00459CC6,sub_459C4C,,,unclassified,0.00,,,false,,Attested IDA 1.50a initial candidate; boundary unreviewed,,
0x00459CC7,204,0x00459D92,sub_459CC7,,,unclassified,0.00,,,false,,Attested IDA 1.50a initial candidate; boundary unreviewed,,
0x00459D93,112,0x00459E02,sub_459D93,,,unclassified,0.00,,,false,,Attested IDA 1.50a initial candidate; boundary unreviewed,,
0x00459E03,236,0x00459EEE,sub_459E03,,,unclassified,0.00,,,false,,Attested IDA 1.50a initial candidate; boundary unreviewed,,
0x00459EEF,291,0x0045A011,sub_459EEF,,,unclassified,0.00,,,false,,Attested IDA 1.50a initial candidate; boundary unreviewed,,
0x0045A012,257,0x0045A112,sub_45A012,,,unclassified,0.00,,,false,,Attested IDA 1.50a initial candidate; boundary unreviewed,,
0x0045A113,257,0x0045A213,sub_45A113,,,unclassified,0.00,,,false,,Attested IDA 1.50a initial candidate; boundary unreviewed,,
0x0045A214,257,0x0045A314,sub_45A214,,,unclassified,0.00,,,false,,Attested IDA 1.50a initial candidate; boundary unreviewed,,
0x0045A315,285,0x0045A431,sub_45A315,,,unclassified,0.00,,,false,,Attested IDA 1.50a initial candidate; boundary unreviewed,,
0x0045A432,291,0x0045A554,sub_45A432,,,unclassified,0.00,,,false,,Attested IDA 1.50a initial candidate; boundary unreviewed,,
0x0045A555,254,0x0045A652,sub_45A555,,,unclassified,0.00,,,false,,Attested IDA 1.50a initial candidate; boundary unreviewed,,
0x0045A653,169,0x0045A6FB,sub_45A653,,,unclassified,0.00,,,false,,Attested IDA 1.50a initial candidate; boundary unreviewed,,
0x0045A6FC,291,0x0045A81E,sub_45A6FC,,,unclassified,0.00,,,false,,Attested IDA 1.50a initial candidate; boundary unreviewed,,
0x0045A81F,257,0x0045A91F,sub_45A81F,,,unclassified,0.00,,,false,,Attested IDA 1.50a initial candidate; boundary unreviewed,,
0x0045A920,291,0x0045AA42,sub_45A920,,,unclassified,0.00,,,false,,Attested IDA 1.50a initial candidate; boundary unreviewed,,
0x0045AA43,208,0x0045AB12,sub_45AA43,,,unclassified,0.00,,,false,,Attested IDA 1.50a initial candidate; boundary unreviewed,,
0x0045AB13,280,0x0045AC2A,sub_45AB13,,,unclassified,0.00,,,false,,Attested IDA 1.50a initial candidate; boundary unreviewed,,
0x0045AC2B,197,0x0045ACEF,sub_45AC2B,,,unclassified,0.00,,,false,,Attested IDA 1.50a initial candidate; boundary unreviewed,,
0x0045ACF0,197,0x0045ADB4,sub_45ACF0,,,unclassified,0.00,,,false,,Attested IDA 1.50a initial candidate; boundary unreviewed,,
0x0045ADB5,246,0x0045AEAA,sub_45ADB5,,,unclassified,0.00,,,false,,Attested IDA 1.50a initial candidate; boundary unreviewed,,
0x0045AEAB,235,0x0045AF95,sub_45AEAB,,,unclassified,0.00,,,false,,Attested IDA 1.50a initial candidate; boundary unreviewed,,
0x0045AF96,213,0x0045B06A,sub_45AF96,,,unclassified,0.00,,,false,,Attested IDA 1.50a initial candidate; boundary unreviewed,,
0x0045B06B,261,0x0045B16F,sub_45B06B,,,unclassified,0.00,,,false,,Attested IDA 1.50a initial candidate; boundary unreviewed,,
0x0045B170,267,0x0045B27A,sub_45B170,,,unclassified,0.00,,,false,,Attested IDA 1.50a initial candidate; boundary unreviewed,,
0x0045B27B,314,0x0045B3B4,sub_45B27B,,,unclassified,0.00,,,false,,Attested IDA 1.50a initial candidate; boundary unreviewed,,
0x0045B3B5,214,0x0045B48A,sub_45B3B5,,,unclassified,0.00,,,false,,Attested IDA 1.50a initial candidate; boundary unreviewed,,
0x0045B48B,266,0x0045B594,sub_45B48B,,,unclassified,0.00,,,false,,Attested IDA 1.50a initial candidate; boundary unreviewed,,
0x0045B595,310,0x0045B6CA,sub_45B595,,,unclassified,0.00,,,false,,Attested IDA 1.50a initial candidate; boundary unreviewed,,
0x0045B6CB,199,0x0045B791,sub_45B6CB,,,unclassified,0.00,,,false,,Attested IDA 1.50a initial candidate; boundary unreviewed,,
0x0045B792,238,0x0045B87F,sub_45B792,,,unclassified,0.00,,,false,,Attested IDA 1.50a initial candidate; boundary unreviewed,,
0x0045B880,239,0x0045B96E,sub_45B880,,,unclassified,0.00,,,false,,Attested IDA 1.50a initial candidate; boundary unreviewed,,
0x0045B96F,348,0x0045BACA,sub_45B96F,,,unclassified,0.00,,,false,,Attested IDA 1.50a initial candidate; boundary unreviewed,,
0x0045BACB,140,0x0045BB56,sub_45BACB,,,unclassified,0.00,,,false,,Attested IDA 1.50a initial candidate; boundary unreviewed,,
0x0045BB57,166,0x0045BBFC,sub_45BB57,,,unclassified,0.00,,,false,,Attested IDA 1.50a initial candidate; boundary unreviewed,,
0x0045BBFD,156,0x0045BC98,sub_45BBFD,,,unclassified,0.00,,,false,,Attested IDA 1.50a initial candidate; boundary unreviewed,,
0x0045BC99,165,0x0045BD3D,sub_45BC99,,,unclassified,0.00,,,false,,Attested IDA 1.50a initial candidate; boundary unreviewed,,
0x0045BD3E,162,0x0045BDDF,sub_45BD3E,,,unclassified,0.00,,,false,,Attested IDA 1.50a initial candidate; boundary unreviewed,,
0x0045BDE0,176,0x0045BE8F,sub_45BDE0,,,unclassified,0.00,,,false,,Attested IDA 1.50a initial candidate; boundary unreviewed,,
0x0045BE90,175,0x0045BF3E,sub_45BE90,,,unclassified,0.00,,,false,,Attested IDA 1.50a initial candidate; boundary unreviewed,,
0x0045BF3F,214,0x0045C014,sub_45BF3F,,,unclassified,0.00,,,false,,Attested IDA 1.50a initial candidate; boundary unreviewed,,
0x0045C015,146,0x0045C0A6,sub_45C015,,,unclassified,0.00,,,false,,Attested IDA 1.50a initial candidate; boundary unreviewed,,
0x0045C0A7,162,0x0045C148,sub_45C0A7,,,unclassified,0.00,,,false,,Attested IDA 1.50a initial candidate; boundary unreviewed,,
0x0045C149,114,0x0045C1BA,sub_45C149,,,unclassified,0.00,,,false,,Attested IDA 1.50a initial candidate; boundary unreviewed,,
0x0045C1BB,178,0x0045C26C,sub_45C1BB,,,unclassified,0.00,,,false,,Attested IDA 1.50a initial candidate; boundary unreviewed,,
0x0045C26D,159,0x0045C30B,sub_45C26D,,,unclassified,0.00,,,false,,Attested IDA 1.50a initial candidate; boundary unreviewed,,
0x0045C30C,135,0x0045C392,sub_45C30C,,,unclassified,0.00,,,false,,Attested IDA 1.50a initial candidate; boundary unreviewed,,
0x0045C393,100,0x0045C3F6,sub_45C393,,,unclassified,0.00,,,false,,Attested IDA 1.50a initial candidate; boundary unreviewed,,
0x0045C3F7,110,0x0045C464,sub_45C3F7,,,unclassified,0.00,,,false,,Attested IDA 1.50a initial candidate; boundary unreviewed,,
0x0045C465,137,0x0045C4ED,sub_45C465,,,unclassified,0.00,,,false,,Attested IDA 1.50a initial candidate; boundary unreviewed,,
0x0045C4EE,137,0x0045C576,sub_45C4EE,,,unclassified,0.00,,,false,,Attested IDA 1.50a initial candidate; boundary unreviewed,,
0x0045C577,130,0x0045C5F8,sub_45C577,,,unclassified,0.00,,,false,,Attested IDA 1.50a initial candidate; boundary unreviewed,,
0x0045C5F9,177,0x0045C6A9,sub_45C5F9,,,unclassified,0.00,,,false,,Attested IDA 1.50a initial candidate; boundary unreviewed,,
0x0045C6AA,145,0x0045C73A,sub_45C6AA,,,unclassified,0.00,,,false,,Attested IDA 1.50a initial candidate; boundary unreviewed,,
0x0045C73B,151,0x0045C7D1,sub_45C73B,,,unclassified,0.00,,,false,,Attested IDA 1.50a initial candidate; boundary unreviewed,,
0x0045C7D2,131,0x0045C854,sub_45C7D2,,,unclassified,0.00,,,false,,Attested IDA 1.50a initial candidate; boundary unreviewed,,
0x0045C855,186,0x0045C90E,sub_45C855,,,unclassified,0.00,,,false,,Attested IDA 1.50a initial candidate; boundary unreviewed,,
0x0045C90F,211,0x0045C9E1,sub_45C90F,,,unclassified,0.00,,,false,,Attested IDA 1.50a initial candidate; boundary unreviewed,,
0x0045C9E2,112,0x0045CA51,sub_45C9E2,,,unclassified,0.00,,,false,,Attested IDA 1.50a initial candidate; boundary unreviewed,,
0x0045CA52,142,0x0045CADF,sub_45CA52,,,unclassified,0.00,,,false,,Attested IDA 1.50a initial candidate; boundary unreviewed,,
0x0045CAE0,140,0x0045CB6B,sub_45CAE0,,,unclassified,0.00,,,false,,Attested IDA 1.50a initial candidate; boundary unreviewed,,
0x0045CB6C,224,0x0045CC4B,sub_45CB6C,,,unclassified,0.00,,,false,,Attested IDA 1.50a initial candidate; boundary unreviewed,,
0x0045CC4C,28,0x0045CC67,sub_45CC4C,,,unclassified,0.00,,,false,,Attested IDA 1.50a initial candidate; boundary unreviewed,,
0x0045CC68,248,0x0045CD5F,sub_45CC68,,,unclassified,0.00,,,false,,Attested IDA 1.50a initial candidate; boundary unreviewed,,
0x0045CD60,28,0x0045CD7B,sub_45CD60,,,unclassified,0.00,,,false,,Attested IDA 1.50a initial candidate; boundary unreviewed,,
0x0045CD7C,28,0x0045CD97,sub_45CD7C,,,unclassified,0.00,,,false,,Attested IDA 1.50a initial candidate; boundary unreviewed,,
0x0045CD98,28,0x0045CDB3,sub_45CD98,,,unclassified,0.00,,,false,,Attested IDA 1.50a initial candidate; boundary unreviewed,,
0x0045CDB4,492,0x0045CF9F,sub_45CDB4,,,unclassified,0.00,,,false,,Attested IDA 1.50a initial candidate; boundary unreviewed,,
0x0045CFA0,28,0x0045CFBB,sub_45CFA0,,,unclassified,0.00,,,false,,Attested IDA 1.50a initial candidate; boundary unreviewed,,
0x0045CFBC,28,0x0045CFD7,sub_45CFBC,,,unclassified,0.00,,,false,,Attested IDA 1.50a initial candidate; boundary unreviewed,,
0x0045CFD8,721,0x0045D2A8,sub_45CFD8,,,unclassified,0.00,,,false,,Attested IDA 1.50a initial candidate; boundary unreviewed,,
0x0045D2A9,28,0x0045D2C4,sub_45D2A9,,,unclassified,0.00,,,false,,Attested IDA 1.50a initial candidate; boundary unreviewed,,
0x0045D2C5,28,0x0045D2E0,sub_45D2C5,,,unclassified,0.00,,,false,,Attested IDA 1.50a initial candidate; boundary unreviewed,,
0x0045D2E1,28,0x0045D2FC,sub_45D2E1,,,unclassified,0.00,,,false,,Attested IDA 1.50a initial candidate; boundary unreviewed,,
0x0045D2FD,28,0x0045D318,sub_45D2FD,,,unclassified,0.00,,,false,,Attested IDA 1.50a initial candidate; boundary unreviewed,,
0x0045D319,28,0x0045D334,sub_45D319,,,unclassified,0.00,,,false,,Attested IDA 1.50a initial candidate; boundary unreviewed,,
0x0045D335,28,0x0045D350,sub_45D335,,,unclassified,0.00,,,false,,Attested IDA 1.50a initial candidate; boundary unreviewed,,
0x0045D351,141,0x0045D3DD,sub_45D351,,,unclassified,0.00,,,false,,Attested IDA 1.50a initial candidate; boundary unreviewed,,
0x0045D3DE,28,0x0045D3F9,sub_45D3DE,,,unclassified,0.00,,,false,,Attested IDA 1.50a initial candidate; boundary unreviewed,,
0x0045D3FA,111,0x0045D468,sub_45D3FA,,,unclassified,0.00,,,false,,Attested IDA 1.50a initial candidate; boundary unreviewed,,
0x0045D469,28,0x0045D484,sub_45D469,,,unclassified,0.00,,,false,,Attested IDA 1.50a initial candidate; boundary unreviewed,,
0x0045D485,498,0x0045D676,sub_45D485,,,unclassified,0.00,,,false,,Attested IDA 1.50a initial candidate; boundary unreviewed,,
0x0045D677,28,0x0045D692,sub_45D677,,,unclassified,0.00,,,false,,Attested IDA 1.50a initial candidate; boundary unreviewed,,
0x0045D693,28,0x0045D6AE,sub_45D693,,,unclassified,0.00,,,false,,Attested IDA 1.50a initial candidate; boundary unreviewed,,
0x0045D6AF,28,0x0045D6CA,sub_45D6AF,,,unclassified,0.00,,,false,,Attested IDA 1.50a initial candidate; boundary unreviewed,,
0x0045D6CB,28,0x0045D6E6,sub_45D6CB,,,unclassified,0.00,,,false,,Attested IDA 1.50a initial candidate; boundary unreviewed,,
0x0045D6E7,28,0x0045D702,sub_45D6E7,,,unclassified,0.00,,,false,,Attested IDA 1.50a initial candidate; boundary unreviewed,,
0x0045D703,28,0x0045D71E,sub_45D703,,,unclassified,0.00,,,false,,Attested IDA 1.50a initial candidate; boundary unreviewed,,
0x0045D71F,257,0x0045D81F,sub_45D71F,,,unclassified,0.00,,,false,,Attested IDA 1.50a initial candidate; boundary unreviewed,,
0x0045D820,28,0x0045D83B,sub_45D820,,,unclassified,0.00,,,false,,Attested IDA 1.50a initial candidate; boundary unreviewed,,
0x0045D83C,28,0x0045D857,sub_45D83C,,,unclassified,0.00,,,false,,Attested IDA 1.50a initial candidate; boundary unreviewed,,
0x0045D858,28,0x0045D873,sub_45D858,,,unclassified,0.00,,,false,,Attested IDA 1.50a initial candidate; boundary unreviewed,,
0x0045D874,28,0x0045D88F,sub_45D874,,,unclassified,0.00,,,false,,Attested IDA 1.50a initial candidate; boundary unreviewed,,
0x0045D890,28,0x0045D8AB,sub_45D890,,,unclassified,0.00,,,false,,Attested IDA 1.50a initial candidate; boundary unreviewed,,
0x0045D8AC,28,0x0045D8C7,sub_45D8AC,,,unclassified,0.00,,,false,,Attested IDA 1.50a initial candidate; boundary unreviewed,,
0x0045D8C8,28,0x0045D8E3,sub_45D8C8,,,unclassified,0.00,,,false,,Attested IDA 1.50a initial candidate; boundary unreviewed,,
0x0045D8E4,28,0x0045D8FF,sub_45D8E4,,,unclassified,0.00,,,false,,Attested IDA 1.50a initial candidate; boundary unreviewed,,
0x0045D900,681,0x0045DBA8,sub_45D900,,,unclassified,0.00,,,false,,Attested IDA 1.50a initial candidate; boundary unreviewed,,
0x0045DBA9,28,0x0045DBC4,sub_45DBA9,,,unclassified,0.00,,,false,,Attested IDA 1.50a initial candidate; boundary unreviewed,,
0x0045DBC5,28,0x0045DBE0,sub_45DBC5,,,unclassified,0.00,,,false,,Attested IDA 1.50a initial candidate; boundary unreviewed,,
0x0045DBE1,5,0x0045DBE5,sub_45DBE1,,,unclassified,0.00,,,false,,Attested IDA 1.50a initial candidate; boundary unreviewed,,
0x0045DBE6,28,0x0045DC01,sub_45DBE6,,,unclassified,0.00,,,false,,Attested IDA 1.50a initial candidate; boundary unreviewed,,
0x0045DC02,28,0x0045DC1D,sub_45DC02,,,unclassified,0.00,,,false,,Attested IDA 1.50a initial candidate; boundary unreviewed,,
0x0045DC1E,24,0x0045DC35,sub_45DC1E,,,unclassified,0.00,,,false,,Attested IDA 1.50a initial candidate; boundary unreviewed,,
0x0045DC36,5,0x0045DC3A,sub_45DC36,,,unclassified,0.00,,,false,,Attested IDA 1.50a initial candidate; boundary unreviewed,,
0x0045DC3B,73,0x0045DC83,sub_45DC3B,,,unclassified,0.00,,,false,,Attested IDA 1.50a initial candidate; boundary unreviewed,,
0x0045DC84,24,0x0045DC9B,sub_45DC84,,,unclassified,0.00,,,false,,Attested IDA 1.50a initial candidate; boundary unreviewed,,
0x0045DC9C,1824,0x0045E3BB,sub_45DC9C,,,unclassified,0.00,,,false,,Attested IDA 1.50a initial candidate; boundary unreviewed,,
0x0045E414,28,0x0045E42F,sub_45E414,,,unclassified,0.00,,,false,,Attested IDA 1.50a initial candidate; boundary unreviewed,,
0x0045E430,5,0x0045E434,sub_45E430,,,unclassified,0.00,,,false,,Attested IDA 1.50a initial candidate; boundary unreviewed,,
0x0045E440,262,0x0045E545,sub_45E440,,,unclassified,0.00,,,false,,Attested IDA 1.50a initial candidate; boundary unreviewed,,
0x0045E550,266,0x0045E659,sub_45E550,,,unclassified,0.00,,,false,,Attested IDA 1.50a initial candidate; boundary unreviewed,,
0x0045E660,213,0x0045E734,sub_45E660,,,unclassified,0.00,,,false,,Attested IDA 1.50a initial candidate; boundary unreviewed,,
0x0045E735,550,0x0045E95A,sub_45E735,,,unclassified,0.00,,,false,,Attested IDA 1.50a initial candidate; boundary unreviewed,,
0x0045E95B,105,0x0045E9C3,sub_45E95B,,,unclassified,0.00,,,false,,Attested IDA 1.50a initial candidate; boundary unreviewed,,
0x0045E9C4,53,0x0045E9F8,sub_45E9C4,,,unclassified,0.00,,,false,,Attested IDA 1.50a initial candidate; boundary unreviewed,,
0x0045EB7C,202,0x0045EC45,sub_45EB7C,,,unclassified,0.00,,,false,,Attested IDA 1.50a initial candidate; boundary unreviewed,,
0x0045EC46,227,0x0045ED28,sub_45EC46,,,unclassified,0.00,,,false,,Attested IDA 1.50a initial candidate; boundary unreviewed,,
0x0045ED29,142,0x0045EDB6,sub_45ED29,,,unclassified,0.00,,,false,,Attested IDA 1.50a initial candidate; boundary unreviewed,,
0x0045EDB7,60,0x0045EDF2,sub_45EDB7,,,unclassified,0.00,,,false,,Attested IDA 1.50a initial candidate; boundary unreviewed,,
0x0045EDF3,192,0x0045EEB2,sub_45EDF3,,,unclassified,0.00,,,false,,Attested IDA 1.50a initial candidate; boundary unreviewed,,
0x0045EEB3,5,0x0045EEB7,sub_45EEB3,,,unclassified,0.00,,,false,,Attested IDA 1.50a initial candidate; boundary unreviewed,,
0x0045EEB8,371,0x0045F02A,sub_45EEB8,,,unclassified,0.00,,,false,,Attested IDA 1.50a initial candidate; boundary unreviewed,,
0x0045F02B,154,0x0045F0C4,sub_45F02B,,,unclassified,0.00,,,false,,Attested IDA 1.50a initial candidate; boundary unreviewed,,
0x0045F0C5,167,0x0045F16B,sub_45F0C5,,,unclassified,0.00,,,false,,Attested IDA 1.50a initial candidate; boundary unreviewed,,
0x0045F16C,99,0x0045F1CE,sub_45F16C,,,unclassified,0.00,,,false,,Attested IDA 1.50a initial candidate; boundary unreviewed,,
0x0045F1CF,169,0x0045F277,sub_45F1CF,,,unclassified,0.00,,,false,,Attested IDA 1.50a initial candidate; boundary unreviewed,,
0x0045F278,132,0x0045F2FB,sub_45F278,,,unclassified,0.00,,,false,,Attested IDA 1.50a initial candidate; boundary unreviewed,,
0x0045F2FC,193,0x0045F3BC,sub_45F2FC,,,unclassified,0.00,,,false,,Attested IDA 1.50a initial candidate; boundary unreviewed,,
0x0045F3BD,142,0x0045F44A,sub_45F3BD,,,unclassified,0.00,,,false,,Attested IDA 1.50a initial candidate; boundary unreviewed,,
0x0045F44B,763,0x0045F745,sub_45F44B,,,unclassified,0.00,,,false,,Attested IDA 1.50a initial candidate; boundary unreviewed,,
0x0045F746,690,0x0045F9F7,sub_45F746,,,unclassified,0.00,,,false,,Attested IDA 1.50a initial candidate; boundary unreviewed,,
0x0045F9F8,572,0x0045FC33,sub_45F9F8,,,unclassified,0.00,,,false,,Attested IDA 1.50a initial candidate; boundary unreviewed,,
0x0045FC34,378,0x0045FDAD,sub_45FC34,,,unclassified,0.00,,,false,,Attested IDA 1.50a initial candidate; boundary unreviewed,,
0x0045FDAE,343,0x0045FF04,sub_45FDAE,,,unclassified,0.00,,,false,,Attested IDA 1.50a initial candidate; boundary unreviewed,,
0x0045FF05,660,0x00460198,sub_45FF05,,,unclassified,0.00,,,false,,Attested IDA 1.50a initial candidate; boundary unreviewed,,
0x00460199,553,0x004603C1,sub_460199,,,unclassified,0.00,,,false,,Attested IDA 1.50a initial candidate; boundary unreviewed,,
0x004603C2,215,0x00460498,sub_4603C2,,,unclassified,0.00,,,false,,Attested IDA 1.50a initial candidate; boundary unreviewed,,
0x00460499,156,0x00460534,sub_460499,,,unclassified,0.00,,,false,,Attested IDA 1.50a initial candidate; boundary unreviewed,,
0x00460535,215,0x0046060B,sub_460535,,,unclassified,0.00,,,false,,Attested IDA 1.50a initial candidate; boundary unreviewed,,
0x0046060C,151,0x004606A2,sub_46060C,,,unclassified,0.00,,,false,,Attested IDA 1.50a initial candidate; boundary unreviewed,,
0x004606A3,493,0x0046088F,sub_4606A3,,,unclassified,0.00,,,false,,Attested IDA 1.50a initial candidate; boundary unreviewed,,
0x00460890,126,0x0046090D,sub_460890,,,unclassified,0.00,,,false,,Attested IDA 1.50a initial candidate; boundary unreviewed,,
0x0046090E,239,0x004609FC,sub_46090E,,,unclassified,0.00,,,false,,Attested IDA 1.50a initial candidate; boundary unreviewed,,
0x004609FD,42,0x00460A26,sub_4609FD,,,unclassified,0.00,,,false,,Attested IDA 1.50a initial candidate; boundary unreviewed,,
0x00460A27,125,0x00460AA3,sub_460A27,,,unclassified,0.00,,,false,,Attested IDA 1.50a initial candidate; boundary unreviewed,,
0x00460AA4,26,0x00460ABD,sub_460AA4,,,unclassified,0.00,,,false,,Attested IDA 1.50a initial candidate; boundary unreviewed,,
0x00460ABF,29,0x00460ADB,sub_460ABF,,,unclassified,0.00,,,false,,Attested IDA 1.50a initial candidate; boundary unreviewed,,
0x00460ADC,49,0x00460B0C,sub_460ADC,,,unclassified,0.00,,,false,,Attested IDA 1.50a initial candidate; boundary unreviewed,,
0x00460B0D,151,0x00460BA3,sub_460B0D,,,unclassified,0.00,,,false,,Attested IDA 1.50a initial candidate; boundary unreviewed,,
0x00460BA4,17,0x00460BB4,sub_460BA4,,,unclassified,0.00,,,false,,Attested IDA 1.50a initial candidate; boundary unreviewed,,
0x00460BB5,76,0x00460C00,sub_460BB5,,,unclassified,0.00,,,false,,Attested IDA 1.50a initial candidate; boundary unreviewed,,
0x00460C01,135,0x00460C87,sub_460C01,,,unclassified,0.00,,,false,,Attested IDA 1.50a initial candidate; boundary unreviewed,,
0x00460C88,26,0x00460CA1,sub_460C88,,,unclassified,0.00,,,false,,Attested IDA 1.50a initial candidate; boundary unreviewed,,
0x00460CA2,29,0x00460CBE,sub_460CA2,,,unclassified,0.00,,,false,,Attested IDA 1.50a initial candidate; boundary unreviewed,,
0x00460CC0,21,0x00460CD4,sub_460CC0,,,unclassified,0.00,,,false,,Attested IDA 1.50a initial candidate; boundary unreviewed,,
0x00460CD5,32,0x00460CF4,sub_460CD5,,,unclassified,0.00,,,false,,Attested IDA 1.50a initial candidate; boundary unreviewed,,
0x00460CFA,37,0x00460D1E,sub_460CFA,,,unclassified,0.00,,,false,,Attested IDA 1.50a initial candidate; boundary unreviewed,,
0x00460D1F,259,0x00460E21,sub_460D1F,,,unclassified,0.00,,,false,,Attested IDA 1.50a initial candidate; boundary unreviewed,,
0x00460E22,371,0x00460F94,sub_460E22,,,unclassified,0.00,,,false,,Attested IDA 1.50a initial candidate; boundary unreviewed,,
0x00460F95,32,0x00460FB4,sub_460F95,,,unclassified,0.00,,,false,,Attested IDA 1.50a initial candidate; boundary unreviewed,,
0x00460FB5,935,0x0046135B,sub_460FB5,,,unclassified,0.00,,,false,,Attested IDA 1.50a initial candidate; boundary unreviewed,,
0x0046135C,77,0x004613A8,sub_46135C,,,unclassified,0.00,,,false,,Attested IDA 1.50a initial candidate; boundary unreviewed,,
0x004613A9,291,0x004614CB,sub_4613A9,,,unclassified,0.00,,,false,,Attested IDA 1.50a initial candidate; boundary unreviewed,,
0x004614CC,129,0x0046154C,sub_4614CC,,,unclassified,0.00,,,false,,Attested IDA 1.50a initial candidate; boundary unreviewed,,
0x0046154D,26,0x00461566,sub_46154D,,,unclassified,0.00,,,false,,Attested IDA 1.50a initial candidate; boundary unreviewed,,
0x00461567,22,0x0046157C,sub_461567,,,unclassified,0.00,,,false,,Attested IDA 1.50a initial candidate; boundary unreviewed,,
0x0046157D,22,0x00461592,sub_46157D,,,unclassified,0.00,,,false,,Attested IDA 1.50a initial candidate; boundary unreviewed,,
0x00461593,41,0x004615BB,sub_461593,,,unclassified,0.00,,,false,,Attested IDA 1.50a initial candidate; boundary unreviewed,,
0x004615BC,43,0x004615E6,sub_4615BC,,,unclassified,0.00,,,false,,Attested IDA 1.50a initial candidate; boundary unreviewed,,
0x004615E7,209,0x004616B7,sub_4615E7,,,unclassified,0.00,,,false,,Attested IDA 1.50a initial candidate; boundary unreviewed,,
0x004616B8,51,0x004616EA,sub_4616B8,,,unclassified,0.00,,,false,,Attested IDA 1.50a initial candidate; boundary unreviewed,,
0x004616EB,103,0x00461751,sub_4616EB,,,unclassified,0.00,,,false,,Attested IDA 1.50a initial candidate; boundary unreviewed,,
0x00461752,9,0x0046175A,sub_461752,,,unclassified,0.00,,,false,,Attested IDA 1.50a initial candidate; boundary unreviewed,,
0x0046175B,18,0x0046176C,sub_46175B,,,unclassified,0.00,,,false,,Attested IDA 1.50a initial candidate; boundary unreviewed,,
0x0046176D,25,0x00461785,sub_46176D,,,unclassified,0.00,,,false,,Attested IDA 1.50a initial candidate; boundary unreviewed,,
0x00461786,25,0x0046179E,sub_461786,,,unclassified,0.00,,,false,,Attested IDA 1.50a initial candidate; boundary unreviewed,,
0x0046179F,77,0x004617EB,sub_46179F,,,unclassified,0.00,,,false,,Attested IDA 1.50a initial candidate; boundary unreviewed,,
0x004617EC,45,0x00461818,sub_4617EC,,,unclassified,0.00,,,false,,Attested IDA 1.50a initial candidate; boundary unreviewed,,
0x00461819,191,0x004618D7,sub_461819,,,unclassified,0.00,,,false,,Attested IDA 1.50a initial candidate; boundary unreviewed,,
0x004618D8,54,0x0046190D,sub_4618D8,,,unclassified,0.00,,,false,,Attested IDA 1.50a initial candidate; boundary unreviewed,,
0x0046190E,9,0x00461916,sub_46190E,,,unclassified,0.00,,,false,,Attested IDA 1.50a initial candidate; boundary unreviewed,,
0x00461917,235,0x00461A01,sub_461917,,,unclassified,0.00,,,false,,Attested IDA 1.50a initial candidate; boundary unreviewed,,
0x00461A02,272,0x00461B11,sub_461A02,,,unclassified,0.00,,,false,,Attested IDA 1.50a initial candidate; boundary unreviewed,,
0x00461B12,375,0x00461C88,sub_461B12,,,unclassified,0.00,,,false,,Attested IDA 1.50a initial candidate; boundary unreviewed,,
0x00461C89,68,0x00461CCC,sub_461C89,,,unclassified,0.00,,,false,,Attested IDA 1.50a initial candidate; boundary unreviewed,,
0x00461CCD,568,0x00461F04,sub_461CCD,,,unclassified,0.00,,,false,,Attested IDA 1.50a initial candidate; boundary unreviewed,,
0x00461F05,846,0x00462252,sub_461F05,,,unclassified,0.00,,,false,,Attested IDA 1.50a initial candidate; boundary unreviewed,,
0x00462253,520,0x0046245A,sub_462253,,,unclassified,0.00,,,false,,Attested IDA 1.50a initial candidate; boundary unreviewed,,
0x0046245B,850,0x004627AC,sub_46245B,,,unclassified,0.00,,,false,,Attested IDA 1.50a initial candidate; boundary unreviewed,,
0x004627AD,270,0x004628BA,sub_4627AD,,,unclassified,0.00,,,false,,Attested IDA 1.50a initial candidate; boundary unreviewed,,
0x004628BB,777,0x00462BC3,sub_4628BB,,,unclassified,0.00,,,false,,Attested IDA 1.50a initial candidate; boundary unreviewed,,
0x00462BC4,275,0x00462CD6,sub_462BC4,,,unclassified,0.00,,,false,,Attested IDA 1.50a initial candidate; boundary unreviewed,,
0x00462CD7,440,0x00462E8E,sub_462CD7,,,unclassified,0.00,,,false,,Attested IDA 1.50a initial candidate; boundary unreviewed,,
0x00462E8F,27,0x00462EA9,sub_462E8F,,,unclassified,0.00,,,false,,Attested IDA 1.50a initial candidate; boundary unreviewed,,
0x00462EAA,161,0x00462F4A,sub_462EAA,,,unclassified,0.00,,,false,,Attested IDA 1.50a initial candidate; boundary unreviewed,,
0x00462F4B,36,0x00462F6E,sub_462F4B,,,unclassified,0.00,,,false,,Attested IDA 1.50a initial candidate; boundary unreviewed,,
0x00462F6F,27,0x00462F89,sub_462F6F,,,unclassified,0.00,,,false,,Attested IDA 1.50a initial candidate; boundary unreviewed,,
0x00462F8A,57,0x00462FC2,sub_462F8A,,,unclassified,0.00,,,false,,Attested IDA 1.50a initial candidate; boundary unreviewed,,
0x00462FC3,71,0x00463009,sub_462FC3,,,unclassified,0.00,,,false,,Attested IDA 1.50a initial candidate; boundary unreviewed,,
0x0046300A,37,0x0046302E,sub_46300A,,,unclassified,0.00,,,false,,Attested IDA 1.50a initial candidate; boundary unreviewed,,
0x00463032,63,0x00463070,sub_463032,,,unclassified,0.00,,,false,,Attested IDA 1.50a initial candidate; boundary unreviewed,,
0x00463071,72,0x004630B8,sub_463071,,,unclassified,0.00,,,false,,Attested IDA 1.50a initial candidate; boundary unreviewed,,
0x004630B9,83,0x0046310B,sub_4630B9,,,unclassified,0.00,,,false,,Attested IDA 1.50a initial candidate; boundary unreviewed,,
0x0046310C,5,0x00463110,sub_46310C,,,unclassified,0.00,,,false,,Attested IDA 1.50a initial candidate; boundary unreviewed,,
0x00463111,24,0x00463128,sub_463111,,,unclassified,0.00,,,false,,Attested IDA 1.50a initial candidate; boundary unreviewed,,
0x00463168,14,0x00463175,sub_463168,,,unclassified,0.00,,,false,,Attested IDA 1.50a initial candidate; boundary unreviewed,,
0x00463176,38,0x0046319B,sub_463176,,,unclassified,0.00,,,false,,Attested IDA 1.50a initial candidate; boundary unreviewed,,
0x0046319C,76,0x004631E7,sub_46319C,,,unclassified,0.00,,,false,,Attested IDA 1.50a initial candidate; boundary unreviewed,,
0x004631E8,126,0x00463265,sub_4631E8,,,unclassified,0.00,,,false,,Attested IDA 1.50a initial candidate; boundary unreviewed,,
0x00463266,48,0x00463295,sub_463266,,,unclassified,0.00,,,false,,Attested IDA 1.50a initial candidate; boundary unreviewed,,
0x00463296,35,0x004632B8,sub_463296,,,unclassified,0.00,,,false,,Attested IDA 1.50a initial candidate; boundary unreviewed,,
0x004632B9,250,0x004633B2,sub_4632B9,,,unclassified,0.00,,,false,,Attested IDA 1.50a initial candidate; boundary unreviewed,,
0x004633B3,773,0x004636B7,sub_4633B3,,,unclassified,0.00,,,false,,Attested IDA 1.50a initial candidate; boundary unreviewed,,
0x004636B8,1387,0x00463C22,sub_4636B8,,,unclassified,0.00,,,false,,Attested IDA 1.50a initial candidate; boundary unreviewed,,
0x00463C23,2052,0x00464426,sub_463C23,,,unclassified,0.00,,,false,,Attested IDA 1.50a initial candidate; boundary unreviewed,,
0x00464427,318,0x00464564,sub_464427,,,unclassified,0.00,,,false,,Attested IDA 1.50a initial candidate; boundary unreviewed,,
0x00464565,131,0x004645E7,sub_464565,,,unclassified,0.00,,,false,,Attested IDA 1.50a initial candidate; boundary unreviewed,,
0x004645E8,316,0x00464723,sub_4645E8,,,unclassified,0.00,,,false,,Attested IDA 1.50a initial candidate; boundary unreviewed,,
0x00464724,24,0x0046473B,sub_464724,,,unclassified,0.00,,,false,,Attested IDA 1.50a initial candidate; boundary unreviewed,,
0x0046473C,276,0x0046484F,sub_46473C,,,unclassified,0.00,,,false,,Attested IDA 1.50a initial candidate; boundary unreviewed,,
0x00464850,1106,0x00464CA1,sub_464850,,,unclassified,0.00,,,false,,Attested IDA 1.50a initial candidate; boundary unreviewed,,
0x00464CA2,35,0x00464CC4,sub_464CA2,,,unclassified,0.00,,,false,,Attested IDA 1.50a initial candidate; boundary unreviewed,,
0x00464CE8,52,0x00464D1B,sub_464CE8,,,unclassified,0.00,,,false,,Attested IDA 1.50a initial candidate; boundary unreviewed,,
0x00464D1C,52,0x00464D4F,sub_464D1C,,,unclassified,0.00,,,false,,Attested IDA 1.50a initial candidate; boundary unreviewed,,
0x00464D50,64,0x00464D8F,sub_464D50,,,unclassified,0.00,,,false,,Attested IDA 1.50a initial candidate; boundary unreviewed,,
0x00464D90,89,0x00464DE8,sub_464D90,,,unclassified,0.00,,,false,,Attested IDA 1.50a initial candidate; boundary unreviewed,,
0x00464DF0,57,0x00464E28,sub_464DF0,,,unclassified,0.00,,,false,,Attested IDA 1.50a initial candidate; boundary unreviewed,,
0x00464E3E,229,0x00464F22,sub_464E3E,,,unclassified,0.00,,,false,,Attested IDA 1.50a initial candidate; boundary unreviewed,,
0x00464F3E,184,0x00464FF5,sub_464F3E,,,unclassified,0.00,,,false,,Attested IDA 1.50a initial candidate; boundary unreviewed,,
0x0046500E,202,0x004650D7,sub_46500E,,,unclassified,0.00,,,false,,Attested IDA 1.50a initial candidate; boundary unreviewed,,
0x004650EE,683,0x00465398,sub_4650EE,,,unclassified,0.00,,,false,,Attested IDA 1.50a initial candidate; boundary unreviewed,,
0x004653AE,330,0x004654F7,sub_4653AE,,,unclassified,0.00,,,false,,Attested IDA 1.50a initial candidate; boundary unreviewed,,
0x0046550E,152,0x004655A5,sub_46550E,,,unclassified,0.00,,,false,,Attested IDA 1.50a initial candidate; boundary unreviewed,,
0x004655B0,156,0x0046564B,sub_4655B0,,,unclassified,0.00,,,false,,Attested IDA 1.50a initial candidate; boundary unreviewed,,
0x00465650,180,0x00465703,sub_465650,,,unclassified,0.00,,,false,,Attested IDA 1.50a initial candidate; boundary unreviewed,,
0x00465710,135,0x00465796,sub_465710,,,unclassified,0.00,,,false,,Attested IDA 1.50a initial candidate; boundary unreviewed,,
0x004657A0,167,0x00465846,sub_4657A0,,,unclassified,0.00,,,false,,Attested IDA 1.50a initial candidate; boundary unreviewed,,
0x00465850,181,0x00465904,sub_465850,,,unclassified,0.00,,,false,,Attested IDA 1.50a initial candidate; boundary unreviewed,,
0x00465910,156,0x004659AB,sub_465910,,,unclassified,0.00,,,false,,Attested IDA 1.50a initial candidate; boundary unreviewed,,
0x004659B0,136,0x00465A37,sub_4659B0,,,unclassified,0.00,,,false,,Attested IDA 1.50a initial candidate; boundary unreviewed,,
0x00465A40,92,0x00465A9B,sub_465A40,,,unclassified,0.00,,,false,,Attested IDA 1.50a initial candidate; boundary unreviewed,,
0x00465AA0,72,0x00465AE7,sub_465AA0,,,unclassified,0.00,,,false,,Attested IDA 1.50a initial candidate; boundary unreviewed,,
0x00465AF0,81,0x00465B40,sub_465AF0,,,unclassified,0.00,,,false,,Attested IDA 1.50a initial candidate; boundary unreviewed,,
0x00465B50,190,0x00465C0D,sub_465B50,,,unclassified,0.00,,,false,,Attested IDA 1.50a initial candidate; boundary unreviewed,,
0x00465C1E,214,0x00465CF3,sub_465C1E,,,unclassified,0.00,,,false,,Attested IDA 1.50a initial candidate; boundary unreviewed,,
0x00465D0E,380,0x00465E89,sub_465D0E,,,unclassified,0.00,,,false,,Attested IDA 1.50a initial candidate; boundary unreviewed,,
0x00465E9E,198,0x00465F63,sub_465E9E,,,unclassified,0.00,,,false,,Attested IDA 1.50a initial candidate; boundary unreviewed,,
0x00465F70,130,0x00465FF1,sub_465F70,,,unclassified,0.00,,,false,,Attested IDA 1.50a initial candidate; boundary unreviewed,,
0x00466000,156,0x0046609B,sub_466000,,,unclassified,0.00,,,false,,Attested IDA 1.50a initial candidate; boundary unreviewed,,
0x004660AE,97,0x0046610E,sub_4660AE,,,unclassified,0.00,,,false,,Attested IDA 1.50a initial candidate; boundary unreviewed,,
0x00466110,276,0x00466223,sub_466110,,,unclassified,0.00,,,false,,Attested IDA 1.50a initial candidate; boundary unreviewed,,
0x0046623E,179,0x004662F0,sub_46623E,,,unclassified,0.00,,,false,,Attested IDA 1.50a initial candidate; boundary unreviewed,,
0x0046630E,164,0x004663B1,sub_46630E,,,unclassified,0.00,,,false,,Attested IDA 1.50a initial candidate; boundary unreviewed,,
0x004663CE,163,0x00466470,sub_4663CE,,,unclassified,0.00,,,false,,Attested IDA 1.50a initial candidate; boundary unreviewed,,
0x0046648E,173,0x0046653A,sub_46648E,,,unclassified,0.00,,,false,,Attested IDA 1.50a initial candidate; boundary unreviewed,,
0x0046654E,312,0x00466685,sub_46654E,,,unclassified,0.00,,,false,,Attested IDA 1.50a initial candidate; boundary unreviewed,,
0x0046669E,184,0x00466755,sub_46669E,,,unclassified,0.00,,,false,,Attested IDA 1.50a initial candidate; boundary unreviewed,,
0x0046676E,202,0x00466837,sub_46676E,,,unclassified,0.00,,,false,,Attested IDA 1.50a initial candidate; boundary unreviewed,,
0x0046684E,152,0x004668E5,sub_46684E,,,unclassified,0.00,,,false,,Attested IDA 1.50a initial candidate; boundary unreviewed,,
0x004668FE,109,0x0046696A,sub_4668FE,,,unclassified,0.00,,,false,,Attested IDA 1.50a initial candidate; boundary unreviewed,,
0x0046697E,116,0x004669F1,sub_46697E,,,unclassified,0.00,,,false,,Attested IDA 1.50a initial candidate; boundary unreviewed,,
0x00466A0E,189,0x00466ACA,sub_466A0E,,,unclassified,0.00,,,false,,Attested IDA 1.50a initial candidate; boundary unreviewed,,
0x00466ADE,214,0x00466BB3,sub_466ADE,,,unclassified,0.00,,,false,,Attested IDA 1.50a initial candidate; boundary unreviewed,,
0x00466BCE,380,0x00466D49,sub_466BCE,,,unclassified,0.00,,,false,,Attested IDA 1.50a initial candidate; boundary unreviewed,,
0x00466D5E,198,0x00466E23,sub_466D5E,,,unclassified,0.00,,,false,,Attested IDA 1.50a initial candidate; boundary unreviewed,,
0x00466E30,276,0x00466F43,sub_466E30,,,unclassified,0.00,,,false,,Attested IDA 1.50a initial candidate; boundary unreviewed,,
0x00466F5E,179,0x00467010,sub_466F5E,,,unclassified,0.00,,,false,,Attested IDA 1.50a initial candidate; boundary unreviewed,,
0x00467116,179,0x004671C8,sub_467116,,,unclassified,0.00,,,false,,Attested IDA 1.50a initial candidate; boundary unreviewed,,
0x004671C9,540,0x004673E4,sub_4671C9,,,unclassified,0.00,,,false,,Attested IDA 1.50a initial candidate; boundary unreviewed,,
0x004673E5,533,0x004675F9,sub_4673E5,,,unclassified,0.00,,,false,,Attested IDA 1.50a initial candidate; boundary unreviewed,,
0x004675FA,197,0x004676BE,sub_4675FA,,,unclassified,0.00,,,false,,Attested IDA 1.50a initial candidate; boundary unreviewed,,
0x004676BF,108,0x0046772A,sub_4676BF,,,unclassified,0.00,,,false,,Attested IDA 1.50a initial candidate; boundary unreviewed,,
0x0046772B,311,0x00467861,sub_46772B,,,unclassified,0.00,,,false,,Attested IDA 1.50a initial candidate; boundary unreviewed,,
0x00467862,141,0x004678EE,sub_467862,,,unclassified,0.00,,,false,,Attested IDA 1.50a initial candidate; boundary unreviewed,,
0x004678EF,146,0x00467980,sub_4678EF,,,unclassified,0.00,,,false,,Attested IDA 1.50a initial candidate; boundary unreviewed,,
0x00467981,100,0x004679E4,sub_467981,,,unclassified,0.00,,,false,,Attested IDA 1.50a initial candidate; boundary unreviewed,,
0x004679E5,167,0x00467A8B,sub_4679E5,,,unclassified,0.00,,,false,,Attested IDA 1.50a initial candidate; boundary unreviewed,,
0x00467A8C,165,0x00467B30,sub_467A8C,,,unclassified,0.00,,,false,,Attested IDA 1.50a initial candidate; boundary unreviewed,,
0x00467B31,2649,0x00468589,sub_467B31,,,unclassified,0.00,,,false,,Attested IDA 1.50a initial candidate; boundary unreviewed,,
0x0046858A,562,0x004687BB,sub_46858A,,,unclassified,0.00,,,false,,Attested IDA 1.50a initial candidate; boundary unreviewed,,
0x004687BC,207,0x0046888A,sub_4687BC,,,unclassified,0.00,,,false,,Attested IDA 1.50a initial candidate; boundary unreviewed,,
0x0046888B,80,0x004688DA,sub_46888B,,,unclassified,0.00,,,false,,Attested IDA 1.50a initial candidate; boundary unreviewed,,
0x004688DB,235,0x004689C5,sub_4688DB,,,unclassified,0.00,,,false,,Attested IDA 1.50a initial candidate; boundary unreviewed,,
0x004689C6,220,0x00468AA1,sub_4689C6,,,unclassified,0.00,,,false,,Attested IDA 1.50a initial candidate; boundary unreviewed,,
0x00468AA2,99,0x00468B04,sub_468AA2,,,unclassified,0.00,,,false,,Attested IDA 1.50a initial candidate; boundary unreviewed,,
0x00468B05,94,0x00468B62,sub_468B05,,,unclassified,0.00,,,false,,Attested IDA 1.50a initial candidate; boundary unreviewed,,
0x00468B63,89,0x00468BBB,sub_468B63,,,unclassified,0.00,,,false,,Attested IDA 1.50a initial candidate; boundary unreviewed,,
0x00468BBC,71,0x00468C02,sub_468BBC,,,unclassified,0.00,,,false,,Attested IDA 1.50a initial candidate; boundary unreviewed,,
0x00468C03,111,0x00468C71,sub_468C03,,,unclassified,0.00,,,false,,Attested IDA 1.50a initial candidate; boundary unreviewed,,
0x00468C72,57,0x00468CAA,sub_468C72,,,unclassified,0.00,,,false,,Attested IDA 1.50a initial candidate; boundary unreviewed,,
0x00468CAB,210,0x00468D7C,sub_468CAB,,,unclassified,0.00,,,false,,Attested IDA 1.50a initial candidate; boundary unreviewed,,
0x00468D7D,181,0x00468E31,sub_468D7D,,,unclassified,0.00,,,false,,Attested IDA 1.50a initial candidate; boundary unreviewed,,
0x00468E32,4504,0x00469FC9,sub_468E32,,,unclassified,0.00,,,false,,Attested IDA 1.50a initial candidate; boundary unreviewed,,
0x00469FCA,421,0x0046A16E,sub_469FCA,,,unclassified,0.00,,,false,,Attested IDA 1.50a initial candidate; boundary unreviewed,,
0x0046A16F,1332,0x0046A6A2,sub_46A16F,,,unclassified,0.00,,,false,,Attested IDA 1.50a initial candidate; boundary unreviewed,,
0x0046A6A3,281,0x0046A7BB,sub_46A6A3,,,unclassified,0.00,,,false,,Attested IDA 1.50a initial candidate; boundary unreviewed,,
0x0046A7BC,4436,0x0046B90F,sub_46A7BC,,,unclassified,0.00,,,false,,Attested IDA 1.50a initial candidate; boundary unreviewed,,
0x0046B910,738,0x0046BBF1,sub_46B910,,,unclassified,0.00,,,false,,Attested IDA 1.50a initial candidate; boundary unreviewed,,
0x0046BBF2,1016,0x0046BFE9,sub_46BBF2,,,unclassified,0.00,,,false,,Attested IDA 1.50a initial candidate; boundary unreviewed,,
0x0046BFEA,820,0x0046C31D,sub_46BFEA,,,unclassified,0.00,,,false,,Attested IDA 1.50a initial candidate; boundary unreviewed,,
0x0046C31E,28,0x0046C339,sub_46C31E,,,unclassified,0.00,,,false,,Attested IDA 1.50a initial candidate; boundary unreviewed,,
0x0046C412,95,0x0046C470,sub_46C412,,,unclassified,0.00,,,false,,Attested IDA 1.50a initial candidate; boundary unreviewed,,
0x0046C471,113,0x0046C4E1,sub_46C471,,,unclassified,0.00,,,false,,Attested IDA 1.50a initial candidate; boundary unreviewed,,
0x0046C4E2,212,0x0046C5B5,sub_46C4E2,,,unclassified,0.00,,,false,,Attested IDA 1.50a initial candidate; boundary unreviewed,,
0x0046C5B6,234,0x0046C69F,sub_46C5B6,,,unclassified,0.00,,,false,,Attested IDA 1.50a initial candidate; boundary unreviewed,,
0x0046C6A0,139,0x0046C72A,sub_46C6A0,,,unclassified,0.00,,,false,,Attested IDA 1.50a initial candidate; boundary unreviewed,,
0x0046C72B,455,0x0046C8F1,sub_46C72B,,,unclassified,0.00,,,false,,Attested IDA 1.50a initial candidate; boundary unreviewed,,
0x0046C8F2,5,0x0046C8F6,sub_46C8F2,,,unclassified,0.00,,,false,,Attested IDA 1.50a initial candidate; boundary unreviewed,,
0x0046C8F7,360,0x0046CA5E,sub_46C8F7,,,unclassified,0.00,,,false,,Attested IDA 1.50a initial candidate; boundary unreviewed,,
0x0046CA7F,518,0x0046CC84,sub_46CA7F,,,unclassified,0.00,,,false,,Attested IDA 1.50a initial candidate; boundary unreviewed,,
0x0046CCA5,307,0x0046CDD7,sub_46CCA5,,,unclassified,0.00,,,false,,Attested IDA 1.50a initial candidate; boundary unreviewed,,
0x0046D19A,306,0x0046D2CB,sub_46D19A,,,unclassified,0.00,,,false,,Attested IDA 1.50a initial candidate; boundary unreviewed,,
0x0046D2CC,113,0x0046D33C,sub_46D2CC,,,unclassified,0.00,,,false,,Attested IDA 1.50a initial candidate; boundary unreviewed,,
0x0046D33D,200,0x0046D404,sub_46D33D,,,unclassified,0.00,,,false,,Attested IDA 1.50a initial candidate; boundary unreviewed,,
0x0046D405,222,0x0046D4E2,sub_46D405,,,unclassified,0.00,,,false,,Attested IDA 1.50a initial candidate; boundary unreviewed,,
0x0046D6C8,100,0x0046D72B,sub_46D6C8,,,unclassified,0.00,,,false,,Attested IDA 1.50a initial candidate; boundary unreviewed,,
0x0046D72C,126,0x0046D7A9,sub_46D72C,,,unclassified,0.00,,,false,,Attested IDA 1.50a initial candidate; boundary unreviewed,,
0x0046D7AA,16,0x0046D7B9,sub_46D7AA,,,unclassified,0.00,,,false,,Attested IDA 1.50a initial candidate; boundary unreviewed,,
0x0046D7BA,24,0x0046D7D1,sub_46D7BA,,,unclassified,0.00,,,false,,Attested IDA 1.50a initial candidate; boundary unreviewed,,
0x0046D7D2,71,0x0046D818,sub_46D7D2,,,unclassified,0.00,,,false,,Attested IDA 1.50a initial candidate; boundary unreviewed,,
0x0046D819,34,0x0046D83A,sub_46D819,,,unclassified,0.00,,,false,,Attested IDA 1.50a initial candidate; boundary unreviewed,,
0x0046D83B,27,0x0046D855,sub_46D83B,,,unclassified,0.00,,,false,,Attested IDA 1.50a initial candidate; boundary unreviewed,,
0x0046D856,50,0x0046D887,sub_46D856,,,unclassified,0.00,,,false,,Attested IDA 1.50a initial candidate; boundary unreviewed,,
0x0046D888,443,0x0046DA42,sub_46D888,,,unclassified,0.00,,,false,,Attested IDA 1.50a initial candidate; boundary unreviewed,,
0x0046DA43,374,0x0046DBB8,sub_46DA43,,,unclassified,0.00,,,false,,Attested IDA 1.50a initial candidate; boundary unreviewed,,
0x0046DBB9,146,0x0046DC4A,sub_46DBB9,,,unclassified,0.00,,,false,,Attested IDA 1.50a initial candidate; boundary unreviewed,,
0x0046DC4B,58,0x0046DC84,sub_46DC4B,,,unclassified,0.00,,,false,,Attested IDA 1.50a initial candidate; boundary unreviewed,,
0x0046DC85,147,0x0046DD17,sub_46DC85,,,unclassified,0.00,,,false,,Attested IDA 1.50a initial candidate; boundary unreviewed,,
0x0046DD18,55,0x0046DD4E,sub_46DD18,,,unclassified,0.00,,,false,,Attested IDA 1.50a initial candidate; boundary unreviewed,,
0x0046DD4F,17,0x0046DD5F,sub_46DD4F,,,unclassified,0.00,,,false,,Attested IDA 1.50a initial candidate; boundary unreviewed,,
0x0046DD60,65,0x0046DDA0,sub_46DD60,,,unclassified,0.00,,,false,,Attested IDA 1.50a initial candidate; boundary unreviewed,,
0x0046DDA1,21,0x0046DDB5,sub_46DDA1,,,unclassified,0.00,,,false,,Attested IDA 1.50a initial candidate; boundary unreviewed,,
0x0046DDB6,252,0x0046DEB1,sub_46DDB6,,,unclassified,0.00,,,false,,Attested IDA 1.50a initial candidate; boundary unreviewed,,
0x0046DEB2,142,0x0046DF3F,sub_46DEB2,,,unclassified,0.00,,,false,,Attested IDA 1.50a initial candidate; boundary unreviewed,,
0x0046DF40,146,0x0046DFD1,sub_46DF40,,,unclassified,0.00,,,false,,Attested IDA 1.50a initial candidate; boundary unreviewed,,
0x0046DFD2,158,0x0046E06F,sub_46DFD2,,,unclassified,0.00,,,false,,Attested IDA 1.50a initial candidate; boundary unreviewed,,
0x0046E070,97,0x0046E0D0,sub_46E070,,,unclassified,0.00,,,false,,Attested IDA 1.50a initial candidate; boundary unreviewed,,
0x0046E0D1,97,0x0046E131,sub_46E0D1,,,unclassified,0.00,,,false,,Attested IDA 1.50a initial candidate; boundary unreviewed,,
0x0046E132,383,0x0046E2B0,sub_46E132,,,unclassified,0.00,,,false,,Attested IDA 1.50a initial candidate; boundary unreviewed,,
0x0046E2B1,136,0x0046E338,sub_46E2B1,,,unclassified,0.00,,,false,,Attested IDA 1.50a initial candidate; boundary unreviewed,,
0x0046E339,139,0x0046E3C3,sub_46E339,,,unclassified,0.00,,,false,,Attested IDA 1.50a initial candidate; boundary unreviewed,,
0x0046E3C4,286,0x0046E4E1,sub_46E3C4,,,unclassified,0.00,,,false,,Attested IDA 1.50a initial candidate; boundary unreviewed,,
0x0046E4E2,291,0x0046E604,sub_46E4E2,,,unclassified,0.00,,,false,,Attested IDA 1.50a initial candidate; boundary unreviewed,,
0x0046E605,225,0x0046E6E5,sub_46E605,,,unclassified,0.00,,,false,,Attested IDA 1.50a initial candidate; boundary unreviewed,,
0x0046E6E6,48,0x0046E715,sub_46E6E6,,,unclassified,0.00,,,false,,Attested IDA 1.50a initial candidate; boundary unreviewed,,
0x0046E716,180,0x0046E7C9,sub_46E716,,,unclassified,0.00,,,false,,Attested IDA 1.50a initial candidate; boundary unreviewed,,
0x0046E7CA,34,0x0046E7EB,sub_46E7CA,,,unclassified,0.00,,,false,,Attested IDA 1.50a initial candidate; boundary unreviewed,,
0x0046E7EC,27,0x0046E806,sub_46E7EC,,,unclassified,0.00,,,false,,Attested IDA 1.50a initial candidate; boundary unreviewed,,
0x0046E807,28,0x0046E822,sub_46E807,,,unclassified,0.00,,,false,,Attested IDA 1.50a initial candidate; boundary unreviewed,,
0x0046E823,28,0x0046E83E,sub_46E823,,,unclassified,0.00,,,false,,Attested IDA 1.50a initial candidate; boundary unreviewed,,
0x0046E83F,113,0x0046E8AF,sub_46E83F,,,unclassified,0.00,,,false,,Attested IDA 1.50a initial candidate; boundary unreviewed,,
0x0046E8B0,495,0x0046EA9E,sub_46E8B0,,,unclassified,0.00,,,false,,Attested IDA 1.50a initial candidate; boundary unreviewed,,
0x0046EA9F,111,0x0046EB0D,sub_46EA9F,,,unclassified,0.00,,,false,,Attested IDA 1.50a initial candidate; boundary unreviewed,,
0x0046EB0E,429,0x0046ECBA,sub_46EB0E,,,unclassified,0.00,,,false,,Attested IDA 1.50a initial candidate; boundary unreviewed,,
0x0046ECBB,301,0x0046EDE7,sub_46ECBB,,,unclassified,0.00,,,false,,Attested IDA 1.50a initial candidate; boundary unreviewed,,
0x0046EDE8,33,0x0046EE08,sub_46EDE8,,,unclassified,0.00,,,false,,Attested IDA 1.50a initial candidate; boundary unreviewed,,
0x0046EE09,48,0x0046EE38,sub_46EE09,,,unclassified,0.00,,,false,,Attested IDA 1.50a initial candidate; boundary unreviewed,,
0x0046EE39,63,0x0046EE77,sub_46EE39,,,unclassified,0.00,,,false,,Attested IDA 1.50a initial candidate; boundary unreviewed,,
0x0046EE78,62,0x0046EEB5,sub_46EE78,,,unclassified,0.00,,,false,,Attested IDA 1.50a initial candidate; boundary unreviewed,,
0x0046EEB6,229,0x0046EF9A,sub_46EEB6,,,unclassified,0.00,,,false,,Attested IDA 1.50a initial candidate; boundary unreviewed,,
0x0046EF9B,23,0x0046EFB1,sub_46EF9B,,,unclassified,0.00,,,false,,Attested IDA 1.50a initial candidate; boundary unreviewed,,
0x0046EFB2,815,0x0046F2E0,sub_46EFB2,,,unclassified,0.00,,,false,,Attested IDA 1.50a initial candidate; boundary unreviewed,,
0x0046F319,66,0x0046F35A,sub_46F319,,,unclassified,0.00,,,false,,Attested IDA 1.50a initial candidate; boundary unreviewed,,
0x0046F35B,13,0x0046F367,sub_46F35B,,,unclassified,0.00,,,false,,Attested IDA 1.50a initial candidate; boundary unreviewed,,
0x0046F368,54,0x0046F39D,sub_46F368,,,unclassified,0.00,,,false,,Attested IDA 1.50a initial candidate; boundary unreviewed,,
0x0046F39E,25,0x0046F3B6,sub_46F39E,,,unclassified,0.00,,,false,,Attested IDA 1.50a initial candidate; boundary unreviewed,,
0x0046F3B7,35,0x0046F3D9,sub_46F3B7,,,unclassified,0.00,,,false,,Attested IDA 1.50a initial candidate; boundary unreviewed,,
0x0046F3DA,49,0x0046F40A,sub_46F3DA,,,unclassified,0.00,,,false,,Attested IDA 1.50a initial candidate; boundary unreviewed,,
0x0046F40B,35,0x0046F42D,sub_46F40B,,,unclassified,0.00,,,false,,Attested IDA 1.50a initial candidate; boundary unreviewed,,
0x0046F42E,26,0x0046F447,sub_46F42E,,,unclassified,0.00,,,false,,Attested IDA 1.50a initial candidate; boundary unreviewed,,
0x0046F448,94,0x0046F4A5,sub_46F448,,,unclassified,0.00,,,false,,Attested IDA 1.50a initial candidate; boundary unreviewed,,
0x0046F4A6,98,0x0046F507,sub_46F4A6,,,unclassified,0.00,,,false,,Attested IDA 1.50a initial candidate; boundary unreviewed,,
0x0046F508,534,0x0046F71D,sub_46F508,,,unclassified,0.00,,,false,,Attested IDA 1.50a initial candidate; boundary unreviewed,,
0x0046F71E,713,0x0046F9E6,sub_46F71E,,,unclassified,0.00,,,false,,Attested IDA 1.50a initial candidate; boundary unreviewed,,
0x0046F9E7,379,0x0046FB61,sub_46F9E7,,,unclassified,0.00,,,false,,Attested IDA 1.50a initial candidate; boundary unreviewed,,
0x0046FB62,412,0x0046FCFD,sub_46FB62,,,unclassified,0.00,,,false,,Attested IDA 1.50a initial candidate; boundary unreviewed,,
0x0046FCFE,140,0x0046FD89,sub_46FCFE,,,unclassified,0.00,,,false,,Attested IDA 1.50a initial candidate; boundary unreviewed,,
0x0046FD8A,502,0x0046FF7F,sub_46FD8A,,,unclassified,0.00,,,false,,Attested IDA 1.50a initial candidate; boundary unreviewed,,
0x0046FF80,298,0x004700A9,sub_46FF80,,,unclassified,0.00,,,false,,Attested IDA 1.50a initial candidate; boundary unreviewed,,
0x004700AA,74,0x004700F3,sub_4700AA,,,unclassified,0.00,,,false,,Attested IDA 1.50a initial candidate; boundary unreviewed,,
0x004700F4,267,0x004701FE,sub_4700F4,,,unclassified,0.00,,,false,,Attested IDA 1.50a initial candidate; boundary unreviewed,,
0x004701FF,239,0x004702ED,sub_4701FF,,,unclassified,0.00,,,false,,Attested IDA 1.50a initial candidate; boundary unreviewed,,
0x004702EE,439,0x004704A4,sub_4702EE,,,unclassified,0.00,,,false,,Attested IDA 1.50a initial candidate; boundary unreviewed,,
0x004704A5,74,0x004704EE,sub_4704A5,,,unclassified,0.00,,,false,,Attested IDA 1.50a initial candidate; boundary unreviewed,,
0x004704EF,548,0x00470712,sub_4704EF,,,unclassified,0.00,,,false,,Attested IDA 1.50a initial candidate; boundary unreviewed,,
0x00470713,265,0x0047081B,sub_470713,,,unclassified,0.00,,,false,,Attested IDA 1.50a initial candidate; boundary unreviewed,,
0x00470820,492,0x00470A0B,sub_470820,,,unclassified,0.00,,,false,,Attested IDA 1.50a initial candidate; boundary unreviewed,,
0x00470A10,232,0x00470AF7,sub_470A10,,,unclassified,0.00,,,false,,Attested IDA 1.50a initial candidate; boundary unreviewed,,
0x00470B00,329,0x00470C48,sub_470B00,,,unclassified,0.00,,,false,,Attested IDA 1.50a initial candidate; boundary unreviewed,,
0x00470D40,245,0x00470E34,sub_470D40,,,unclassified,0.00,,,false,,Attested IDA 1.50a initial candidate; boundary unreviewed,,
0x00470E40,247,0x00470F36,sub_470E40,,,unclassified,0.00,,,false,,Attested IDA 1.50a initial candidate; boundary unreviewed,,
0x00471040,233,0x00471128,sub_471040,,,unclassified,0.00,,,false,,Attested IDA 1.50a initial candidate; boundary unreviewed,,
0x00471420,281,0x00471538,sub_471420,,,unclassified,0.00,,,false,,Attested IDA 1.50a initial candidate; boundary unreviewed,,
0x00471540,283,0x0047165A,sub_471540,,,unclassified,0.00,,,false,,Attested IDA 1.50a initial candidate; boundary unreviewed,,
0x00471938,11,0x00471942,sub_471938,,,unclassified,0.00,,,false,,Attested IDA 1.50a initial candidate; boundary unreviewed,,
0x00471943,11,0x0047194D,sub_471943,,,unclassified,0.00,,,false,,Attested IDA 1.50a initial candidate; boundary unreviewed,,
0x0047194E,5,0x00471952,sub_47194E,,,unclassified,0.00,,,false,,Attested IDA 1.50a initial candidate; boundary unreviewed,,
0x00471953,20,0x00471966,sub_471953,,,unclassified,0.00,,,false,,Attested IDA 1.50a initial candidate; boundary unreviewed,,
0x00471967,168,0x00471A0E,sub_471967,,,unclassified,0.00,,,false,,Attested IDA 1.50a initial candidate; boundary unreviewed,,
0x00471A0F,305,0x00471B3F,sub_471A0F,,,unclassified,0.00,,,false,,Attested IDA 1.50a initial candidate; boundary unreviewed,,
0x00471B40,212,0x00471C13,sub_471B40,,,unclassified,0.00,,,false,,Attested IDA 1.50a initial candidate; boundary unreviewed,,
0x00471C14,150,0x00471CA9,sub_471C14,,,unclassified,0.00,,,false,,Attested IDA 1.50a initial candidate; boundary unreviewed,,
0x00471CAA,104,0x00471D11,sub_471CAA,,,unclassified,0.00,,,false,,Attested IDA 1.50a initial candidate; boundary unreviewed,,
0x00471D12,264,0x00471E19,sub_471D12,,,unclassified,0.00,,,false,,Attested IDA 1.50a initial candidate; boundary unreviewed,,
0x00471E1A,35,0x00471E3C,sub_471E1A,,,unclassified,0.00,,,false,,Attested IDA 1.50a initial candidate; boundary unreviewed,,
0x00471E3D,104,0x00471EA4,sub_471E3D,,,unclassified,0.00,,,false,,Attested IDA 1.50a initial candidate; boundary unreviewed,,
0x00471EA5,211,0x00471F77,sub_471EA5,,,unclassified,0.00,,,false,,Attested IDA 1.50a initial candidate; boundary unreviewed,,
0x00471F78,63,0x00471FB6,sub_471F78,,,unclassified,0.00,,,false,,Attested IDA 1.50a initial candidate; boundary unreviewed,,
0x00471FB7,16,0x00471FC6,sub_471FB7,,,unclassified,0.00,,,false,,Attested IDA 1.50a initial candidate; boundary unreviewed,,
0x00471FC7,474,0x004721A0,sub_471FC7,,,unclassified,0.00,,,false,,Attested IDA 1.50a initial candidate; boundary unreviewed,,
0x004721A1,415,0x0047233F,sub_4721A1,,,unclassified,0.00,,,false,,Attested IDA 1.50a initial candidate; boundary unreviewed,,
0x00472340,358,0x004724A5,sub_472340,,,unclassified,0.00,,,false,,Attested IDA 1.50a initial candidate; boundary unreviewed,,
0x004724A6,227,0x00472588,sub_4724A6,,,unclassified,0.00,,,false,,Attested IDA 1.50a initial candidate; boundary unreviewed,,
0x00472589,1309,0x00472AA5,sub_472589,,,unclassified,0.00,,,false,,Attested IDA 1.50a initial candidate; boundary unreviewed,,
0x00472AA6,59,0x00472AE0,sub_472AA6,,,unclassified,0.00,,,false,,Attested IDA 1.50a initial candidate; boundary unreviewed,,
0x00472AE1,248,0x00472BD8,sub_472AE1,,,unclassified,0.00,,,false,,Attested IDA 1.50a initial candidate; boundary unreviewed,,
0x00472BD9,426,0x00472D82,sub_472BD9,,,unclassified,0.00,,,false,,Attested IDA 1.50a initial candidate; boundary unreviewed,,
0x00472D83,234,0x00472E6C,sub_472D83,,,unclassified,0.00,,,false,,Attested IDA 1.50a initial candidate; boundary unreviewed,,
0x00472E6D,234,0x00472F56,sub_472E6D,,,unclassified,0.00,,,false,,Attested IDA 1.50a initial candidate; boundary unreviewed,,
0x00472F57,94,0x00472FB4,sub_472F57,,,unclassified,0.00,,,false,,Attested IDA 1.50a initial candidate; boundary unreviewed,,
0x00472FB5,973,0x00473381,sub_472FB5,,,unclassified,0.00,,,false,,Attested IDA 1.50a initial candidate; boundary unreviewed,,
0x00473382,303,0x004734B0,sub_473382,,,unclassified,0.00,,,false,,Attested IDA 1.50a initial candidate; boundary unreviewed,,
0x004734B1,58,0x004734EA,sub_4734B1,,,unclassified,0.00,,,false,,Attested IDA 1.50a initial candidate; boundary unreviewed,,
0x004734EB,91,0x00473545,sub_4734EB,,,unclassified,0.00,,,false,,Attested IDA 1.50a initial candidate; boundary unreviewed,,
0x00473546,509,0x00473742,sub_473546,,,unclassified,0.00,,,false,,Attested IDA 1.50a initial candidate; boundary unreviewed,,
0x00473743,553,0x0047396B,sub_473743,,,unclassified,0.00,,,false,,Attested IDA 1.50a initial candidate; boundary unreviewed,,
0x0047396C,226,0x00473A4D,sub_47396C,,,unclassified,0.00,,,false,,Attested IDA 1.50a initial candidate; boundary unreviewed,,
0x00473A4E,878,0x00473DBB,sub_473A4E,,,unclassified,0.00,,,false,,Attested IDA 1.50a initial candidate; boundary unreviewed,,
0x00473DBC,675,0x0047405E,sub_473DBC,,,unclassified,0.00,,,false,,Attested IDA 1.50a initial candidate; boundary unreviewed,,
0x0047405F,97,0x004740BF,sub_47405F,,,unclassified,0.00,,,false,,Attested IDA 1.50a initial candidate; boundary unreviewed,,
0x004740C0,439,0x00474276,sub_4740C0,,,unclassified,0.00,,,false,,Attested IDA 1.50a initial candidate; boundary unreviewed,,
0x00474277,116,0x004742EA,sub_474277,,,unclassified,0.00,,,false,,Attested IDA 1.50a initial candidate; boundary unreviewed,,
0x004742EB,101,0x0047434F,sub_4742EB,,,unclassified,0.00,,,false,,Attested IDA 1.50a initial candidate; boundary unreviewed,,
0x00474350,144,0x004743DF,sub_474350,,,unclassified,0.00,,,false,,Attested IDA 1.50a initial candidate; boundary unreviewed,,
0x004743E0,140,0x0047446B,sub_4743E0,,,unclassified,0.00,,,false,,Attested IDA 1.50a initial candidate; boundary unreviewed,,
0x0047446C,166,0x00474511,sub_47446C,,,unclassified,0.00,,,false,,Attested IDA 1.50a initial candidate; boundary unreviewed,,
0x00474512,131,0x00474594,sub_474512,,,unclassified,0.00,,,false,,Attested IDA 1.50a initial candidate; boundary unreviewed,,
0x00474595,26,0x004745AE,sub_474595,,,unclassified,0.00,,,false,,Attested IDA 1.50a initial candidate; boundary unreviewed,,
0x004745AF,198,0x00474674,sub_4745AF,,,unclassified,0.00,,,false,,Attested IDA 1.50a initial candidate; boundary unreviewed,,
0x00474675,11,0x0047467F,sub_474675,,,unclassified,0.00,,,false,,Attested IDA 1.50a initial candidate; boundary unreviewed,,
0x00474680,8,0x00474687,sub_474680,,,unclassified,0.00,,,false,,Attested IDA 1.50a initial candidate; boundary unreviewed,,
0x00474688,221,0x00474764,sub_474688,,,unclassified,0.00,,,false,,Attested IDA 1.50a initial candidate; boundary unreviewed,,
0x00474765,87,0x004747BB,sub_474765,,,unclassified,0.00,,,false,,Attested IDA 1.50a initial candidate; boundary unreviewed,,
0x004747BC,106,0x00474825,sub_4747BC,,,unclassified,0.00,,,false,,Attested IDA 1.50a initial candidate; boundary unreviewed,,
0x00474826,164,0x004748C9,sub_474826,,,unclassified,0.00,,,false,,Attested IDA 1.50a initial candidate; boundary unreviewed,,
0x004748CA,263,0x004749D0,sub_4748CA,,,unclassified,0.00,,,false,,Attested IDA 1.50a initial candidate; boundary unreviewed,,
0x004749D1,449,0x00474B91,sub_4749D1,,,unclassified,0.00,,,false,,Attested IDA 1.50a initial candidate; boundary unreviewed,,
0x00474B92,176,0x00474C41,sub_474B92,,,unclassified,0.00,,,false,,Attested IDA 1.50a initial candidate; boundary unreviewed,,
0x00474C42,107,0x00474CAC,sub_474C42,,,unclassified,0.00,,,false,,Attested IDA 1.50a initial candidate; boundary unreviewed,,
0x00474CAD,35,0x00474CCF,sub_474CAD,,,unclassified,0.00,,,false,,Attested IDA 1.50a initial candidate; boundary unreviewed,,
0x00474CD0,306,0x00474E01,sub_474CD0,,,unclassified,0.00,,,false,,Attested IDA 1.50a initial candidate; boundary unreviewed,,
0x00474E02,316,0x00474F3D,sub_474E02,,,unclassified,0.00,,,false,,Attested IDA 1.50a initial candidate; boundary unreviewed,,
0x00474F3E,542,0x0047515B,sub_474F3E,,,unclassified,0.00,,,false,,Attested IDA 1.50a initial candidate; boundary unreviewed,,
0x0047515C,289,0x0047527C,sub_47515C,,,unclassified,0.00,,,false,,Attested IDA 1.50a initial candidate; boundary unreviewed,,
0x0047527D,176,0x0047532C,sub_47527D,,,unclassified,0.00,,,false,,Attested IDA 1.50a initial candidate; boundary unreviewed,,
0x0047532D,21,0x00475341,sub_47532D,,,unclassified,0.00,,,false,,Attested IDA 1.50a initial candidate; boundary unreviewed,,
0x00475342,166,0x004753E7,sub_475342,,,unclassified,0.00,,,false,,Attested IDA 1.50a initial candidate; boundary unreviewed,,
0x004753E8,49,0x00475418,sub_4753E8,,,unclassified,0.00,,,false,,Attested IDA 1.50a initial candidate; boundary unreviewed,,
0x00475419,342,0x0047556E,sub_475419,,,unclassified,0.00,,,false,,Attested IDA 1.50a initial candidate; boundary unreviewed,,
0x0047556F,486,0x00475754,sub_47556F,,,unclassified,0.00,,,false,,Attested IDA 1.50a initial candidate; boundary unreviewed,,
0x00475755,117,0x004757C9,sub_475755,,,unclassified,0.00,,,false,,Attested IDA 1.50a initial candidate; boundary unreviewed,,
0x004757CA,108,0x00475835,sub_4757CA,,,unclassified,0.00,,,false,,Attested IDA 1.50a initial candidate; boundary unreviewed,,
0x00475836,824,0x00475B6D,sub_475836,,,unclassified,0.00,,,false,,Attested IDA 1.50a initial candidate; boundary unreviewed,,
0x00475B6E,339,0x00475CC0,sub_475B6E,,,unclassified,0.00,,,false,,Attested IDA 1.50a initial candidate; boundary unreviewed,,
0x00475CC1,312,0x00475DF8,sub_475CC1,,,unclassified,0.00,,,false,,Attested IDA 1.50a initial candidate; boundary unreviewed,,
0x00475DF9,141,0x00475E85,sub_475DF9,,,unclassified,0.00,,,false,,Attested IDA 1.50a initial candidate; boundary unreviewed,,
0x00475E86,384,0x00476005,sub_475E86,,,unclassified,0.00,,,false,,Attested IDA 1.50a initial candidate; boundary unreviewed,,
0x00476006,282,0x0047611F,sub_476006,,,unclassified,0.00,,,false,,Attested IDA 1.50a initial candidate; boundary unreviewed,,
0x00476120,208,0x004761EF,sub_476120,,,unclassified,0.00,,,false,,Attested IDA 1.50a initial candidate; boundary unreviewed,,
0x004761F0,169,0x00476298,sub_4761F0,,,unclassified,0.00,,,false,,Attested IDA 1.50a initial candidate; boundary unreviewed,,
0x00476299,622,0x00476506,sub_476299,,,unclassified,0.00,,,false,,Attested IDA 1.50a initial candidate; boundary unreviewed,,
0x00476507,144,0x00476596,sub_476507,,,unclassified,0.00,,,false,,Attested IDA 1.50a initial candidate; boundary unreviewed,,
0x00476597,34,0x004765B8,sub_476597,,,unclassified,0.00,,,false,,Attested IDA 1.50a initial candidate; boundary unreviewed,,
0x004765B9,258,0x004766BA,sub_4765B9,,,unclassified,0.00,,,false,,Attested IDA 1.50a initial candidate; boundary unreviewed,,
0x004766BB,15,0x004766C9,sub_4766BB,,,unclassified,0.00,,,false,,Attested IDA 1.50a initial candidate; boundary unreviewed,,
0x004766CA,275,0x004767DC,sub_4766CA,,,unclassified,0.00,,,false,,Attested IDA 1.50a initial candidate; boundary unreviewed,,
0x004767DD,203,0x004768A7,sub_4767DD,,,unclassified,0.00,,,false,,Attested IDA 1.50a initial candidate; boundary unreviewed,,
0x004768A8,301,0x004769D4,sub_4768A8,,,unclassified,0.00,,,false,,Attested IDA 1.50a initial candidate; boundary unreviewed,,
0x004769D5,299,0x00476AFF,sub_4769D5,,,unclassified,0.00,,,false,,Attested IDA 1.50a initial candidate; boundary unreviewed,,
0x00476B00,197,0x00476BC4,sub_476B00,,,unclassified,0.00,,,false,,Attested IDA 1.50a initial candidate; boundary unreviewed,,
0x00476BC5,136,0x00476C4C,sub_476BC5,,,unclassified,0.00,,,false,,Attested IDA 1.50a initial candidate; boundary unreviewed,,
0x00476C4D,141,0x00476CD9,sub_476C4D,,,unclassified,0.00,,,false,,Attested IDA 1.50a initial candidate; boundary unreviewed,,
0x00476CDA,235,0x00476DC4,sub_476CDA,,,unclassified,0.00,,,false,,Attested IDA 1.50a initial candidate; boundary unreviewed,,
0x00476DC5,255,0x00476EC3,sub_476DC5,,,unclassified,0.00,,,false,,Attested IDA 1.50a initial candidate; boundary unreviewed,,
0x00476EC4,388,0x00477047,sub_476EC4,,,unclassified,0.00,,,false,,Attested IDA 1.50a initial candidate; boundary unreviewed,,
0x00477048,54,0x0047707D,sub_477048,,,unclassified,0.00,,,false,,Attested IDA 1.50a initial candidate; boundary unreviewed,,
0x0047707E,202,0x00477147,sub_47707E,,,unclassified,0.00,,,false,,Attested IDA 1.50a initial candidate; boundary unreviewed,,
0x00477148,20,0x0047715B,sub_477148,,,unclassified,0.00,,,false,,Attested IDA 1.50a initial candidate; boundary unreviewed,,
0x0047715C,135,0x004771E2,sub_47715C,,,unclassified,0.00,,,false,,Attested IDA 1.50a initial candidate; boundary unreviewed,,
0x004771E3,107,0x0047724D,sub_4771E3,,,unclassified,0.00,,,false,,Attested IDA 1.50a initial candidate; boundary unreviewed,,
0x0047724E,141,0x004772DA,sub_47724E,,,unclassified,0.00,,,false,,Attested IDA 1.50a initial candidate; boundary unreviewed,,
0x004772DB,1907,0x00477A4D,sub_4772DB,,,unclassified,0.00,,,false,,Attested IDA 1.50a initial candidate; boundary unreviewed,,
0x00477A76,52,0x00477AA9,sub_477A76,,,unclassified,0.00,,,false,,Attested IDA 1.50a initial candidate; boundary unreviewed,,
0x00477AAA,281,0x00477BC2,sub_477AAA,,,unclassified,0.00,,,false,,Attested IDA 1.50a initial candidate; boundary unreviewed,,
0x00477BC3,16,0x00477BD2,sub_477BC3,,,unclassified,0.00,,,false,,Attested IDA 1.50a initial candidate; boundary unreviewed,,
0x00477BD3,789,0x00477EE7,sub_477BD3,,,unclassified,0.00,,,false,,Attested IDA 1.50a initial candidate; boundary unreviewed,,
0x00477EE8,446,0x004780A5,sub_477EE8,,,unclassified,0.00,,,false,,Attested IDA 1.50a initial candidate; boundary unreviewed,,
0x004780A6,61,0x004780E2,sub_4780A6,,,unclassified,0.00,,,false,,Attested IDA 1.50a initial candidate; boundary unreviewed,,
0x004780E3,76,0x0047812E,sub_4780E3,,,unclassified,0.00,,,false,,Attested IDA 1.50a initial candidate; boundary unreviewed,,
0x0047812F,76,0x0047817A,sub_47812F,,,unclassified,0.00,,,false,,Attested IDA 1.50a initial candidate; boundary unreviewed,,
0x0047817B,993,0x0047855B,sub_47817B,,,unclassified,0.00,,,false,,Attested IDA 1.50a initial candidate; boundary unreviewed,,
0x0047855C,52,0x0047858F,sub_47855C,,,unclassified,0.00,,,false,,Attested IDA 1.50a initial candidate; boundary unreviewed,,
0x00478590,1340,0x00478ACB,sub_478590,,,unclassified,0.00,,,false,,Attested IDA 1.50a initial candidate; boundary unreviewed,,
0x00478AF4,17,0x00478B04,sub_478AF4,,,unclassified,0.00,,,false,,Attested IDA 1.50a initial candidate; boundary unreviewed,,
0x00478B05,901,0x00478E89,sub_478B05,,,unclassified,0.00,,,false,,Attested IDA 1.50a initial candidate; boundary unreviewed,,
0x00478E8A,127,0x00478F08,sub_478E8A,,,unclassified,0.00,,,false,,Attested IDA 1.50a initial candidate; boundary unreviewed,,
0x00478F09,259,0x0047900B,sub_478F09,,,unclassified,0.00,,,false,,Attested IDA 1.50a initial candidate; boundary unreviewed,,
0x0047900C,47,0x0047903A,sub_47900C,,,unclassified,0.00,,,false,,Attested IDA 1.50a initial candidate; boundary unreviewed,,
0x0047903B,277,0x0047914F,sub_47903B,,,unclassified,0.00,,,false,,Attested IDA 1.50a initial candidate; boundary unreviewed,,
0x00479150,1122,0x004795B1,sub_479150,,,unclassified,0.00,,,false,,Attested IDA 1.50a initial candidate; boundary unreviewed,,
0x004795B2,1720,0x00479C69,sub_4795B2,,,unclassified,0.00,,,false,,Attested IDA 1.50a initial candidate; boundary unreviewed,,
0x00479C6A,859,0x00479FC4,sub_479C6A,,,unclassified,0.00,,,false,,Attested IDA 1.50a initial candidate; boundary unreviewed,,
0x00479FC5,3539,0x0047AD97,sub_479FC5,,,unclassified,0.00,,,false,,Attested IDA 1.50a initial candidate; boundary unreviewed,,
0x0047AD98,693,0x0047B04C,sub_47AD98,,,unclassified,0.00,,,false,,Attested IDA 1.50a initial candidate; boundary unreviewed,,
0x0047B04E,6,0x0047B053,WINNLSEnableIME,,,unclassified,0.00,,,false,,Attested IDA 1.50a initial candidate; boundary unreviewed,,
0x0047B054,56,0x0047B08B,__cfltcvt_init,,,unclassified,0.00,,,false,,Attested IDA 1.50a initial candidate; boundary unreviewed,,
0x0047B08C,30,0x0047B0A9,__fpmath,,,unclassified,0.00,,,false,,Attested IDA 1.50a initial candidate; boundary unreviewed,,
0x0047B0AA,123,0x0047B124,__heap_alloc,,,unclassified,0.00,,,false,,Attested IDA 1.50a initial candidate; boundary unreviewed,,
0x0047B125,44,0x0047B150,__nh_malloc,,,unclassified,0.00,,,false,,Attested IDA 1.50a initial candidate; boundary unreviewed,,
0x0047B151,18,0x0047B162,_malloc,,,unclassified,0.00,,,false,,Attested IDA 1.50a initial candidate; boundary unreviewed,,
0x0047B163,113,0x0047B1D3,_free,,,unclassified,0.00,,,false,,Attested IDA 1.50a initial candidate; boundary unreviewed,,
0x0047B1D4,117,0x0047B248,__ftol2,,,unclassified,0.00,,,false,,Attested IDA 1.50a initial candidate; boundary unreviewed,,
0x0047B249,5,0x0047B24D,j__free,,,unclassified,0.00,,,false,,Attested IDA 1.50a initial candidate; boundary unreviewed,,
0x0047B24E,14,0x0047B25B,??2@YAPAXI@Z,,,unclassified,0.00,,,false,,Attested IDA 1.50a initial candidate; boundary unreviewed,,
0x0047B25C,43,0x0047B286,?_JumpToContinuation@@YGXPAXPAUEHRegistrationNode@@@Z,,,unclassified,0.00,,,false,,Attested IDA 1.50a initial candidate; boundary unreviewed,,
0x0047B28C,7,0x0047B292,sub_47B28C,,,unclassified,0.00,,,false,,Attested IDA 1.50a initial candidate; boundary unreviewed,,
0x0047B293,82,0x0047B2E4,?_UnwindNestedFrames@@YGXPAUEHRegistrationNode@@PAUEHExceptionRecord@@@Z,,,unclassified,0.00,,,false,,Attested IDA 1.50a initial candidate; boundary unreviewed,,
0x0047B2E5,54,0x0047B31A,___CxxFrameHandler,,,unclassified,0.00,,,false,,Attested IDA 1.50a initial candidate; boundary unreviewed,,
0x0047B31B,59,0x0047B355,?CatchGuardHandler@@YA?AW4_EXCEPTION_DISPOSITION@@PAUEHExceptionRecord@@PAUCatchGuardRN@@PAX2@Z,,,unclassified,0.00,,,false,,Attested IDA 1.50a initial candidate; boundary unreviewed,,
0x0047B356,199,0x0047B41C,?_CallSETranslator@@YAHPAUEHExceptionRecord@@PAUEHRegistrationNode@@PAX2PBU_s_FuncInfo@@H1@Z,,,unclassified,0.00,,,false,,Attested IDA 1.50a initial candidate; boundary unreviewed,,
0x0047B41D,178,0x0047B4CE,?TranslatorGuardHandler@@YA?AW4_EXCEPTION_DISPOSITION@@PAUEHExceptionRecord@@PAUTranslatorGuardRN@@PAX2@Z,,,unclassified,0.00,,,false,,Attested IDA 1.50a initial candidate; boundary unreviewed,,
0x0047B4CF,122,0x0047B548,?_GetRangeOfTrysToCheck@@YAPBU_s_TryBlockMapEntry@@PBU_s_FuncInfo@@HHPAI1@Z,,,unclassified,0.00,,,false,,Attested IDA 1.50a initial candidate; boundary unreviewed,,
0x0047B549,40,0x0047B570,?_CreateFrameInfo@@YAPAUFrameInfo@@PAU1@PAX@Z,,,unclassified,0.00,,,false,,Attested IDA 1.50a initial candidate; boundary unreviewed,,
0x0047B571,33,0x0047B591,?IsExceptionObjectToBeDestroyed@@YAHPAX@Z,,,unclassified,0.00,,,false,,Attested IDA 1.50a initial candidate; boundary unreviewed,,
0x0047B592,76,0x0047B5DD,?_FindAndUnlinkFrame@@YAXPAUFrameInfo@@@Z,,,unclassified,0.00,,,false,,Attested IDA 1.50a initial candidate; boundary unreviewed,,
0x0047B5DE,89,0x0047B636,?_CallCatchBlock2@@YAPAXPAUEHRegistrationNode@@PBU_s_FuncInfo@@PAXHK@Z,,,unclassified,0.00,,,false,,Attested IDA 1.50a initial candidate; boundary unreviewed,,
0x0047B638,32,0x0047B657,__global_unwind2,,,unclassified,0.00,,,false,,Attested IDA 1.50a initial candidate; boundary unreviewed,,
0x0047B658,34,0x0047B679,__unwind_handler,,,unclassified,0.00,,,false,,Attested IDA 1.50a initial candidate; boundary unreviewed,,
0x0047B67A,104,0x0047B6E1,__local_unwind2,,,unclassified,0.00,,,false,,Attested IDA 1.50a initial candidate; boundary unreviewed,,
0x0047B6E2,35,0x0047B704,__abnormal_termination,,,unclassified,0.00,,,false,,Attested IDA 1.50a initial candidate; boundary unreviewed,,
0x0047B705,9,0x0047B70D,__NLG_Notify1,,,unclassified,0.00,,,false,,Attested IDA 1.50a initial candidate; boundary unreviewed,,
0x0047B70E,24,0x0047B725,__NLG_Notify,,,unclassified,0.00,,,false,,Attested IDA 1.50a initial candidate; boundary unreviewed,,
0x0047B730,10,0x0047B739,_fmod,,,unclassified,0.00,,,false,,Attested IDA 1.50a initial candidate; boundary unreviewed,,
0x0047B73A,10,0x0047B743,__CIfmod,,,unclassified,0.00,,,false,,Attested IDA 1.50a initial candidate; boundary unreviewed,,
0x0047B762,136,0x0047B7E9,_atol,,,unclassified,0.00,,,false,,Attested IDA 1.50a initial candidate; boundary unreviewed,,
0x0047B7EA,5,0x0047B7EE,j__atol,,,unclassified,0.00,,,false,,Attested IDA 1.50a initial candidate; boundary unreviewed,,
0x0047B7EF,32,0x0047B80E,__store_str,,,unclassified,0.00,,,false,,Attested IDA 1.50a initial candidate; boundary unreviewed,,
0x0047B80F,121,0x0047B887,__store_num,,,unclassified,0.00,,,false,,Attested IDA 1.50a initial candidate; boundary unreviewed,,
0x0047B888,614,0x0047BAED,__expandtime,,,unclassified,0.00,,,false,,Attested IDA 1.50a initial candidate; boundary unreviewed,,
0x0047BAEE,1162,0x0047BF77,__store_winword,,,unclassified,0.00,,,false,,Attested IDA 1.50a initial candidate; boundary unreviewed,,
0x0047BF78,197,0x0047C03C,__Strftime_mt,,,unclassified,0.00,,,false,,Attested IDA 1.50a initial candidate; boundary unreviewed,,
0x0047C03D,50,0x0047C06E,__Strftime,,,unclassified,0.00,,,false,,Attested IDA 1.50a initial candidate; boundary unreviewed,,
0x0047C06F,27,0x0047C089,_strftime,,,unclassified,0.00,,,false,,Attested IDA 1.50a initial candidate; boundary unreviewed,,
0x0047C08A,384,0x0047C209,_localtime,,,unclassified,0.00,,,false,,Attested IDA 1.50a initial candidate; boundary unreviewed,,
0x0047C20A,57,0x0047C242,_time,,,unclassified,0.00,,,false,,Attested IDA 1.50a initial candidate; boundary unreviewed,,
0x0047C243,128,0x0047C2C2,__onexit_lk,,,unclassified,0.00,,,false,,Attested IDA 1.50a initial candidate; boundary unreviewed,,
0x0047C2EB,56,0x0047C322,__onexit,,,unclassified,0.00,,,false,,Attested IDA 1.50a initial candidate; boundary unreviewed,,
0x0047C323,18,0x0047C334,_atexit,,,unclassified,0.00,,,false,,Attested IDA 1.50a initial candidate; boundary unreviewed,,
0x0047C335,87,0x0047C38B,_vsprintf,,,unclassified,0.00,,,false,,Attested IDA 1.50a initial candidate; boundary unreviewed,,
0x0047C390,96,0x0047C3EF,_memset,,,unclassified,0.00,,,false,,Attested IDA 1.50a initial candidate; boundary unreviewed,,
0x0047C3F0,139,0x0047C47A,_strlen,,,unclassified,0.00,,,false,,Attested IDA 1.50a initial candidate; boundary unreviewed,,
0x0047C47B,88,0x0047C4D2,_sprintf,,,unclassified,0.00,,,false,,Attested IDA 1.50a initial candidate; boundary unreviewed,,
0x0047C4E0,7,0x0047C4E6,_strcpy,,,unclassified,0.00,,,false,,Attested IDA 1.50a initial candidate; boundary unreviewed,,
0x0047C4F0,232,0x0047C5D7,_strcat,,,unclassified,0.00,,,false,,Attested IDA 1.50a initial candidate; boundary unreviewed,,
0x0047C5D8,323,0x0047C71A,__chdir,,,unclassified,0.00,,,false,,Attested IDA 1.50a initial candidate; boundary unreviewed,,
0x0047C71B,44,0x0047C746,__mkdir,,,unclassified,0.00,,,false,,Attested IDA 1.50a initial candidate; boundary unreviewed,,
0x0047C750,829,0x0047CA8C,_memcpy,,,unclassified,0.00,,,false,,Attested IDA 1.50a initial candidate; boundary unreviewed,,
0x0047CA90,31,0x0047CAAE,__EH_prolog,,,unclassified,0.00,,,false,,Attested IDA 1.50a initial candidate; boundary unreviewed,,
0x0047CAB0,61,0x0047CAEC,__alloca_probe,,,unclassified,0.00,,,false,,Attested IDA 1.50a initial candidate; boundary unreviewed,,
0x0047CAF0,45,0x0047CB1C,_strrchr,,,unclassified,0.00,,,false,,Attested IDA 1.50a initial candidate; boundary unreviewed,,
0x0047CB30,190,0x0047CBED,_strchr,,,unclassified,0.00,,,false,,Attested IDA 1.50a initial candidate; boundary unreviewed,,
0x0047CBEE,52,0x0047CC21,_sscanf,,,unclassified,0.00,,,false,,Attested IDA 1.50a initial candidate; boundary unreviewed,,
0x0047CC30,57,0x0047CC68,_strncmp,,,unclassified,0.00,,,false,,Attested IDA 1.50a initial candidate; boundary unreviewed,,
0x0047CC69,102,0x0047CCCE,_printf,,,unclassified,0.00,,,false,,Attested IDA 1.50a initial candidate; boundary unreviewed,,
0x0047CCCF,22,0x0047CCE4,_wcslen,,,unclassified,0.00,,,false,,Attested IDA 1.50a initial candidate; boundary unreviewed,,
0x0047CCE5,251,0x0047CDDF,___mbstowcs_mt,,,unclassified,0.00,,,false,,Attested IDA 1.50a initial candidate; boundary unreviewed,,
0x0047CDE0,43,0x0047CE0A,_mbstowcs,,,unclassified,0.00,,,false,,Attested IDA 1.50a initial candidate; boundary unreviewed,,
0x0047CE0B,94,0x0047CE68,?__ArrayUnwind@@YGXPAXIHP6EX0@Z@Z,,,unclassified,0.00,,,false,,Attested IDA 1.50a initial candidate; boundary unreviewed,,
0x0047CE69,96,0x0047CEC8,??_M@YGXPAXIHP6EX0@Z@Z,,,unclassified,0.00,,,false,,Attested IDA 1.50a initial candidate; boundary unreviewed,,
0x0047CEC9,98,0x0047CF2A,??_L@YGXPAXIHP6EX0@Z1@Z,,,unclassified,0.00,,,false,,Attested IDA 1.50a initial candidate; boundary unreviewed,,
0x0047CF2B,20,0x0047CF3E,__purecall,,,unclassified,0.00,,,false,,Attested IDA 1.50a initial candidate; boundary unreviewed,,
0x0047CF40,829,0x0047D27C,_memcpy_0,,,unclassified,0.00,,,false,,Attested IDA 1.50a initial candidate; boundary unreviewed,,
0x0047D280,20,0x0047D293,__CIacos,,,unclassified,0.00,,,false,,Attested IDA 1.50a initial candidate; boundary unreviewed,,
0x0047D294,9,0x0047D29C,_acos,,,unclassified,0.00,,,false,,Attested IDA 1.50a initial candidate; boundary unreviewed,,
0x0047D29D,174,0x0047D34A,start_0,,,unclassified,0.00,,,false,,Attested IDA 1.50a initial candidate; boundary unreviewed,,
0x0047D350,104,0x0047D3B7,__aulldiv,,,unclassified,0.00,,,false,,Attested IDA 1.50a initial candidate; boundary unreviewed,,
0x0047D3C0,52,0x0047D3F3,__allmul,,,unclassified,0.00,,,false,,Attested IDA 1.50a initial candidate; boundary unreviewed,,
0x0047D3F4,34,0x0047D415,_rand,,,unclassified,0.00,,,false,,Attested IDA 1.50a initial candidate; boundary unreviewed,,
0x0047D416,37,0x0047D43A,__amsg_exit,,CRT,excluded,0.00,,,false,,Boundary ends at RET 0x0047D43A; attested target bytes match the VC7.1 libcmt wincrt0.obj __amsg_exit shape across all 21 non-relocation bytes,,Reviewed CRT/library helper; exactness is not claimed
0x0047D43B,36,0x0047D45E,_fast_error_exit,,CRT,excluded,0.00,,,false,,Attested target tail at 0x0047D45C-0x0047D45E is pop ecx; pop ecx; ret; 36-byte target body matches the VC7.1 libcmt wincrt0.obj _fast_error_exit shape across all 20 non-relocation bytes,,Corrected imported IDA boundary; next function starts at 0x0047D45F; exactness is not claimed
0x0047D45F,469,0x0047D633,start,_WinMainCRTStartup,CRT,excluded,0.00,,,false,,PE entry point with no callers; 469-byte attested target body matches VC7.1 libcmt wincrt0.obj _WinMainCRTStartup across all 321 non-relocation bytes after masking the 37 COFF relocation fields,,Boundary ends at RET 0x0047D633; next candidate starts at 0x0047D634; exactness is not claimed
0x0047D634,21,0x0047D648,__finite,,CRT,excluded,0.00,,,false,,"Verified target body matches VC7.1 libcmt ieeemisc.obj __finite byte-for-byte: 21/21 bytes, no COFF relocations",,Boundary ends at RET 0x0047D648; __fpclass starts at 0x0047D649; exactness is not claimed
0x0047D649,156,0x0047D6E4,__fpclass,,CRT,excluded,0.00,,,false,,Verified target body matches VC7.1 libcmt ieeemisc.obj __fpclass across all 148 non-relocation bytes after masking COFF relocations at +0x1D and +0x6E,,Boundary ends at RET 0x0047D6E4; 0x0047D6E5-0x0047D6E7 is separate CC padding before _longjmp; exactness is not claimed
0x0047D6E8,121,0x0047D760,_longjmp,,CRT,excluded,0.00,,,false,,Verified target body matches VC7.1 libcmt longjmp.obj _longjmp across all 101 non-relocation bytes after masking five COFF relocation fields; COFF extent is 0x79 and includes the RET at 0x0047D760,,Corrected imported IDA boundary; nullsub_10 at 0x0047D760 was a spurious split of the final RET; exactness is not claimed
0x0047D764,123,0x0047D7DE,__setjmp3,,CRT,excluded,0.00,,,false,,Verified target body matches VC7.1 libcmt setjmp3.obj __setjmp3 across all 119 non-relocation bytes after masking the COFF relocation at +0x28,,Boundary ends at RET 0x0047D7DE; exactness is not claimed
0x0047D7DF,58,0x0047D818,_isdigit,,,unclassified,0.00,,,false,,Attested IDA 1.50a initial candidate; boundary unreviewed,,
0x0047D819,63,0x0047D857,_isxdigit,,,unclassified,0.00,,,false,,Attested IDA 1.50a initial candidate; boundary unreviewed,,
0x0047D858,58,0x0047D891,_isspace,,,unclassified,0.00,,,false,,Attested IDA 1.50a initial candidate; boundary unreviewed,,
0x0047D894,39,0x0047D8BA,__ftol,,,unclassified,0.00,,,false,,Attested IDA 1.50a initial candidate; boundary unreviewed,,
0x0047D8C0,63,0x0047D8FE,_pow,,,unclassified,0.00,,,false,,Attested IDA 1.50a initial candidate; boundary unreviewed,,
0x0047D900,84,0x0047D953,__CIpow,,,unclassified,0.00,,,false,,Attested IDA 1.50a initial candidate; boundary unreviewed,,
0x0047D95D,453,0x0047DB21,start_1,,,unclassified,0.00,,,false,,Attested IDA 1.50a initial candidate; boundary unreviewed,,
0x0047DB22,40,0x0047DB49,_test_whether_TOS_is_int,,,unclassified,0.00,,,false,,Attested IDA 1.50a initial candidate; boundary unreviewed,,
0x0047DB50,289,0x0047DC70,_floor,,,unclassified,0.00,,,false,,Attested IDA 1.50a initial candidate; boundary unreviewed,,
0x0047DC80,31,0x0047DC9E,__aullshr,,,unclassified,0.00,,,false,,Attested IDA 1.50a initial candidate; boundary unreviewed,,
0x0047DC9F,47,0x0047DCCD,___crtExitProcess,,,unclassified,0.00,,,false,,Attested IDA 1.50a initial candidate; boundary unreviewed,,
0x0047DCCF,9,0x0047DCD7,__lockexit,,,unclassified,0.00,,,false,,Attested IDA 1.50a initial candidate; boundary unreviewed,,
0x0047DCD8,9,0x0047DCE0,__unlockexit,,,unclassified,0.00,,,false,,Attested IDA 1.50a initial candidate; boundary unreviewed,,
0x0047DCE1,24,0x0047DCF8,__initterm,,,unclassified,0.00,,,false,,Attested IDA 1.50a initial candidate; boundary unreviewed,,
0x0047DCF9,106,0x0047DD62,__cinit,,,unclassified,0.00,,,false,,Attested IDA 1.50a initial candidate; boundary unreviewed,,
0x0047DD63,195,0x0047DE25,_doexit,,,unclassified,0.00,,,false,,Attested IDA 1.50a initial candidate; boundary unreviewed,,
0x0047DE26,17,0x0047DE36,_exit,,,unclassified,0.00,,,false,,Attested IDA 1.50a initial candidate; boundary unreviewed,,
0x0047DE37,17,0x0047DE47,__exit,,,unclassified,0.00,,,false,,Attested IDA 1.50a initial candidate; boundary unreviewed,,
0x0047DE48,15,0x0047DE56,__cexit,,,unclassified,0.00,,,false,,Attested IDA 1.50a initial candidate; boundary unreviewed,,
0x0047DE57,15,0x0047DE65,__c_exit,,,unclassified,0.00,,,false,,Attested IDA 1.50a initial candidate; boundary unreviewed,,
0x0047DE66,187,0x0047DF20,_calloc,,,unclassified,0.00,,,false,,Attested IDA 1.50a initial candidate; boundary unreviewed,,
0x0047DF21,60,0x0047DF5C,__forcdecpt,,,unclassified,0.00,,,false,,Attested IDA 1.50a initial candidate; boundary unreviewed,,
0x0047DFC2,62,0x0047DFFF,__fassign,,,unclassified,0.00,,,false,,Attested IDA 1.50a initial candidate; boundary unreviewed,,
0x0047E000,29,0x0047E01C,__shift,,,unclassified,0.00,,,false,,Attested IDA 1.50a initial candidate; boundary unreviewed,,
0x0047E01D,174,0x0047E0CA,__cftoe2,,,unclassified,0.00,,,false,,Attested IDA 1.50a initial candidate; boundary unreviewed,,
0x0047E0CB,108,0x0047E136,__cftoe,,,unclassified,0.00,,,false,,Attested IDA 1.50a initial candidate; boundary unreviewed,,
0x0047E137,156,0x0047E1D2,__cftof2,,,unclassified,0.00,,,false,,Attested IDA 1.50a initial candidate; boundary unreviewed,,
0x0047E1D3,98,0x0047E234,__cftof,,,unclassified,0.00,,,false,,Attested IDA 1.50a initial candidate; boundary unreviewed,,
0x0047E235,154,0x0047E2CE,__cftog,,,unclassified,0.00,,,false,,Attested IDA 1.50a initial candidate; boundary unreviewed,,
0x0047E2CF,81,0x0047E31F,__cfltcvt,,,unclassified,0.00,,,false,,Attested IDA 1.50a initial candidate; boundary unreviewed,,
0x0047E320,18,0x0047E331,__setdefaultprecision,,,unclassified,0.00,,,false,,Attested IDA 1.50a initial candidate; boundary unreviewed,,
0x0047E332,64,0x0047E371,__ms_p5_test_fdiv,,,unclassified,0.00,,,false,,Attested IDA 1.50a initial candidate; boundary unreviewed,,
0x0047E372,41,0x0047E39A,__ms_p5_mp_test_fdiv,,,unclassified,0.00,,,false,,Attested IDA 1.50a initial candidate; boundary unreviewed,,
0x0047E39B,73,0x0047E3E3,__mtinitlocks,,,unclassified,0.00,,,false,,Attested IDA 1.50a initial candidate; boundary unreviewed,,
0x0047E3E4,85,0x0047E438,__mtdeletelocks,,,unclassified,0.00,,,false,,Attested IDA 1.50a initial candidate; boundary unreviewed,,
0x0047E439,21,0x0047E44D,__unlock,,,unclassified,0.00,,,false,,Attested IDA 1.50a initial candidate; boundary unreviewed,,
0x0047E44E,160,0x0047E4ED,__mtinitlocknum,,,unclassified,0.00,,,false,,Attested IDA 1.50a initial candidate; boundary unreviewed,,
0x0047E4EE,49,0x0047E51E,__lock,,,unclassified,0.00,,,false,,Attested IDA 1.50a initial candidate; boundary unreviewed,,
0x0047E51F,26,0x0047E538,___heap_select,,,unclassified,0.00,,,false,,Attested IDA 1.50a initial candidate; boundary unreviewed,,
0x0047E539,81,0x0047E589,__heap_init,,,unclassified,0.00,,,false,,Attested IDA 1.50a initial candidate; boundary unreviewed,,
0x0047E58A,72,0x0047E5D1,___sbh_heap_init,,,unclassified,0.00,,,false,,Attested IDA 1.50a initial candidate; boundary unreviewed,,
0x0047E5D2,43,0x0047E5FC,___sbh_find_block,,,unclassified,0.00,,,false,,Attested IDA 1.50a initial candidate; boundary unreviewed,,
0x0047E5FD,792,0x0047E914,___sbh_free_block,,,unclassified,0.00,,,false,,Attested IDA 1.50a initial candidate; boundary unreviewed,,
0x0047E915,183,0x0047E9CB,___sbh_alloc_new_region,,,unclassified,0.00,,,false,,Attested IDA 1.50a initial candidate; boundary unreviewed,,
0x0047E9CC,262,0x0047EAD1,___sbh_alloc_new_group,,,unclassified,0.00,,,false,,Attested IDA 1.50a initial candidate; boundary unreviewed,,
0x0047EAD2,735,0x0047EDB0,___sbh_resize_block,,,unclassified,0.00,,,false,,Attested IDA 1.50a initial candidate; boundary unreviewed,,
0x0047EDB1,764,0x0047F0AC,___sbh_alloc_block,,,unclassified,0.00,,,false,,Attested IDA 1.50a initial candidate; boundary unreviewed,,
0x0047F0B0,59,0x0047F0EA,__SEH_prolog,,,unclassified,0.00,,,false,,Attested IDA 1.50a initial candidate; boundary unreviewed,,
0x0047F0EB,17,0x0047F0FB,__SEH_epilog,,,unclassified,0.00,,,false,,Attested IDA 1.50a initial candidate; boundary unreviewed,,
0x0047F104,230,0x0047F1E9,__except_handler3,,,unclassified,0.00,,,false,,Attested IDA 1.50a initial candidate; boundary unreviewed,,
0x0047F1EA,27,0x0047F204,__seh_longjmp_unwind@4,,,unclassified,0.00,,,false,,Attested IDA 1.50a initial candidate; boundary unreviewed,,
0x0047F205,27,0x0047F21F,__callnewh,,,unclassified,0.00,,,false,,Attested IDA 1.50a initial candidate; boundary unreviewed,,
0x0047F220,79,0x0047F26E,?TypeMatch@@YAHPBU_s_HandlerType@@PBU_s_CatchableType@@PBU_s_ThrowInfo@@@Z,,,unclassified,0.00,,,false,,Attested IDA 1.50a initial candidate; boundary unreviewed,,
0x0047F26F,30,0x0047F28C,?FrameUnwindFilter@@YAHPAU_EXCEPTION_POINTERS@@@Z,,,unclassified,0.00,,,false,,Attested IDA 1.50a initial candidate; boundary unreviewed,,
0x0047F28D,206,0x0047F35A,___FrameUnwindToState,,,unclassified,0.00,,,false,,Attested IDA 1.50a initial candidate; boundary unreviewed,,
0x0047F35B,69,0x0047F39F,___DestructExceptionObject,,,unclassified,0.00,,,false,,Attested IDA 1.50a initial candidate; boundary unreviewed,,
0x0047F3A0,31,0x0047F3BE,?AdjustPointer@@YAPAXPAXABUPMD@@@Z,,,unclassified,0.00,,,false,,Attested IDA 1.50a initial candidate; boundary unreviewed,,
0x0047F3BF,452,0x0047F582,?CallCatchBlock@@YAPAXPAUEHExceptionRecord@@PAUEHRegistrationNode@@PAU_CONTEXT@@PBU_s_FuncInfo@@PAXHK@Z,,,unclassified,0.00,,,false,,Attested IDA 1.50a initial candidate; boundary unreviewed,,
0x0047F583,380,0x0047F6FE,?BuildCatchObject@@YAXPAUEHExceptionRecord@@PAXPBU_s_HandlerType@@PBU_s_CatchableType@@@Z,,,unclassified,0.00,,,false,,Attested IDA 1.50a initial candidate; boundary unreviewed,,
0x0047F6FF,103,0x0047F765,?CatchIt@@YAXPAUEHExceptionRecord@@PAUEHRegistrationNode@@PAU_CONTEXT@@PAXPBU_s_FuncInfo@@PBU_s_HandlerType@@PBU_s_CatchableType@@PBU_s_TryBlockMapEntry@@H1E@Z,,,unclassified,0.00,,,false,,Attested IDA 1.50a initial candidate; boundary unreviewed,,
0x0047F766,190,0x0047F823,?FindHandlerForForeignException@@YAXPAUEHExceptionRecord@@PAUEHRegistrationNode@@PAU_CONTEXT@@PAXPBU_s_FuncInfo@@HH1@Z,,,unclassified,0.00,,,false,,Attested IDA 1.50a initial candidate; boundary unreviewed,,
0x0047F824,516,0x0047FA27,?FindHandler@@YAXPAUEHExceptionRecord@@PAUEHRegistrationNode@@PAU_CONTEXT@@PAXPBU_s_FuncInfo@@EH1@Z,,,unclassified,0.00,,,false,,Attested IDA 1.50a initial candidate; boundary unreviewed,,
0x0047FA28,162,0x0047FAC9,___InternalCxxFrameHandler,,,unclassified,0.00,,,false,,Attested IDA 1.50a initial candidate; boundary unreviewed,,
0x0047FACA,9,0x0047FAD2,___crtTlsAlloc@4,,,unclassified,0.00,,,false,,Attested IDA 1.50a initial candidate; boundary unreviewed,,
0x0047FAD3,29,0x0047FAEF,__mtterm,,,unclassified,0.00,,,false,,Attested IDA 1.50a initial candidate; boundary unreviewed,,
0x0047FAF0,113,0x0047FB60,__getptd,,,unclassified,0.00,,,false,,Attested IDA 1.50a initial candidate; boundary unreviewed,,
0x0047FB61,327,0x0047FCA7,__freefls@4,,,unclassified,0.00,,,false,,Attested IDA 1.50a initial candidate; boundary unreviewed,,
0x0047FCA8,239,0x0047FD96,__mtinit,,,unclassified,0.00,,,false,,Attested IDA 1.50a initial candidate; boundary unreviewed,,
0x0047FD97,53,0x0047FDCB,?terminate@@YAXXZ,,,unclassified,0.00,,,false,,Attested IDA 1.50a initial candidate; boundary unreviewed,,
0x0047FDCC,45,0x0047FDF8,sub_47FDCC,,,unclassified,0.00,,,false,,Attested IDA 1.50a initial candidate; boundary unreviewed,,
0x0047FE00,76,0x0047FE4B,__CallSettingFrame@12,,,unclassified,0.00,,,false,,Attested IDA 1.50a initial candidate; boundary unreviewed,,
0x0047FE50,62,0x0047FE8D,__cintrindisp2,,,unclassified,0.00,,,false,,Attested IDA 1.50a initial candidate; boundary unreviewed,,
0x0047FE8E,61,0x0047FECA,__cintrindisp1,,,unclassified,0.00,,,false,,Attested IDA 1.50a initial candidate; boundary unreviewed,,
0x0047FECB,72,0x0047FF12,__ctrandisp2,,,unclassified,0.00,,,false,,Attested IDA 1.50a initial candidate; boundary unreviewed,,
0x0047FF13,7,0x0047FF19,ctranexit,,,unclassified,0.00,,,false,,Attested IDA 1.50a initial candidate; boundary unreviewed,,
0x0047FF1A,327,0x00480060,cintrinexit,,,unclassified,0.00,,,false,,Attested IDA 1.50a initial candidate; boundary unreviewed,,
0x00480061,51,0x00480093,__ctrandisp1,,,unclassified,0.00,,,false,,Attested IDA 1.50a initial candidate; boundary unreviewed,,
0x00480094,60,0x004800CF,__fload,,,unclassified,0.00,,,false,,Attested IDA 1.50a initial candidate; boundary unreviewed,,
0x004800D0,103,0x00480136,__trandisp1,,,unclassified,0.00,,,false,,Attested IDA 1.50a initial candidate; boundary unreviewed,,
0x00480137,140,0x004801C2,__trandisp2,,,unclassified,0.00,,,false,,Attested IDA 1.50a initial candidate; boundary unreviewed,,
0x00480289,10,0x00480292,__rttosnpopde,,,unclassified,0.00,,,false,,Attested IDA 1.50a initial candidate; boundary unreviewed,,
0x00480299,1,0x00480299,chsifnegret,,,unclassified,0.00,,,false,,Attested IDA 1.50a initial candidate; boundary unreviewed,,
0x004802A0,279,0x004803B6,unknown_libname_4,,,unclassified,0.00,,,false,,Attested IDA 1.50a initial candidate; boundary unreviewed,,
0x004803B7,1183,0x00480855,unknown_libname_5,,,unclassified,0.00,,,false,,Attested IDA 1.50a initial candidate; boundary unreviewed,,
0x00480856,19,0x00480868,unknown_libname_6,,,unclassified,0.00,,,false,,Attested IDA 1.50a initial candidate; boundary unreviewed,,
0x00480869,19,0x0048087B,unknown_libname_7,,,unclassified,0.00,,,false,,Attested IDA 1.50a initial candidate; boundary unreviewed,,
0x00480A7C,21,0x00480A90,unknown_libname_16,,,unclassified,0.00,,,false,,Attested IDA 1.50a initial candidate; boundary unreviewed,,
0x00480A91,21,0x00480AA5,unknown_libname_17,,,unclassified,0.00,,,false,,Attested IDA 1.50a initial candidate; boundary unreviewed,,
0x00480AA6,518,0x00480CAB,unknown_libname_18,,,unclassified,0.00,,,false,,Attested IDA 1.50a initial candidate; boundary unreviewed,,
0x00480CAC,178,0x00480D5D,unknown_libname_19,,,unclassified,0.00,,,false,,Attested IDA 1.50a initial candidate; boundary unreviewed,,
0x00480D5E,518,0x00480F63,unknown_libname_20,,,unclassified,0.00,,,false,,Attested IDA 1.50a initial candidate; boundary unreviewed,,
0x00480F64,181,0x00481018,unknown_libname_21,,,unclassified,0.00,,,false,,Attested IDA 1.50a initial candidate; boundary unreviewed,,
0x0048102B,119,0x004810A1,___isctype_mt,,,unclassified,0.00,,,false,,Attested IDA 1.50a initial candidate; boundary unreviewed,,
0x004810A2,208,0x00481171,___freetlocinfo,,,unclassified,0.00,,,false,,Attested IDA 1.50a initial candidate; boundary unreviewed,,
0x00481172,193,0x00481232,___updatetlocinfo_lk,,,unclassified,0.00,,,false,,Attested IDA 1.50a initial candidate; boundary unreviewed,,
0x00481233,59,0x0048126D,___updatetlocinfo,,,unclassified,0.00,,,false,,Attested IDA 1.50a initial candidate; boundary unreviewed,,
0x0048126E,680,0x00481515,__tzset_lk,,,unclassified,0.00,,,false,,Attested IDA 1.50a initial candidate; boundary unreviewed,,
0x00481516,440,0x004816CD,_cvtdate,,,unclassified,0.00,,,false,,Attested IDA 1.50a initial candidate; boundary unreviewed,,
0x004816CE,391,0x00481854,__isindst_lk,,,unclassified,0.00,,,false,,Attested IDA 1.50a initial candidate; boundary unreviewed,,
0x00481855,76,0x004818A0,___tzset,,,unclassified,0.00,,,false,,Attested IDA 1.50a initial candidate; boundary unreviewed,,
0x004818A1,62,0x004818DE,__isindst,,,unclassified,0.00,,,false,,Attested IDA 1.50a initial candidate; boundary unreviewed,,
0x004818E0,78,0x0048192D,___ascii_stricmp,,,unclassified,0.00,,,false,,Attested IDA 1.50a initial candidate; boundary unreviewed,,
0x0048192E,227,0x00481A10,__resetstkoflw,,,unclassified,0.00,,,false,,Attested IDA 1.50a initial candidate; boundary unreviewed,,
0x00481A11,263,0x00481B17,_gmtime,,,unclassified,0.00,,,false,,Attested IDA 1.50a initial candidate; boundary unreviewed,,
0x00481B18,429,0x00481CC4,_realloc,,,unclassified,0.00,,,false,,Attested IDA 1.50a initial candidate; boundary unreviewed,,
0x00481CC5,118,0x00481D3A,__msize,,,unclassified,0.00,,,false,,Attested IDA 1.50a initial candidate; boundary unreviewed,,
0x00481D3B,281,0x00481E53,__flsbuf,,,unclassified,0.00,,,false,,Attested IDA 1.50a initial candidate; boundary unreviewed,,
0x00481E54,51,0x00481E86,_write_char,,,unclassified,0.00,,,false,,Attested IDA 1.50a initial candidate; boundary unreviewed,,
0x00481E87,36,0x00481EAA,_write_multi_char,,,unclassified,0.00,,,false,,Attested IDA 1.50a initial candidate; boundary unreviewed,,
0x00481EAB,55,0x00481EE1,_write_string,,,unclassified,0.00,,,false,,Attested IDA 1.50a initial candidate; boundary unreviewed,,
0x00481EE2,2010,0x004826BB,__output,,,unclassified,0.00,,,false,,Attested IDA 1.50a initial candidate; boundary unreviewed,,
0x004826DC,9,0x004826E4,__errno,,,unclassified,0.00,,,false,,Attested IDA 1.50a initial candidate; boundary unreviewed,,
0x004826E5,9,0x004826ED,___doserrno,,,unclassified,0.00,,,false,,Attested IDA 1.50a initial candidate; boundary unreviewed,,
0x004826EE,115,0x00482760,__dosmaperr,,,unclassified,0.00,,,false,,Attested IDA 1.50a initial candidate; boundary unreviewed,,
0x00482761,133,0x004827E5,__mbctoupper,,,unclassified,0.00,,,false,,Attested IDA 1.50a initial candidate; boundary unreviewed,,
0x004827E6,48,0x00482815,_report_failure,,,unclassified,0.00,,,false,,Attested IDA 1.50a initial candidate; boundary unreviewed,,
0x00482817,14,0x00482824,sub_482817,,,unclassified,0.00,,,false,,Attested IDA 1.50a initial candidate; boundary unreviewed,,
0x00482825,22,0x0048283A,__inc,,,unclassified,0.00,,,false,,Attested IDA 1.50a initial candidate; boundary unreviewed,,
0x0048283B,3452,0x004835B6,__input,,,unclassified,0.00,,,false,,Attested IDA 1.50a initial candidate; boundary unreviewed,,
0x00483674,47,0x004836A2,__lock_file,,,unclassified,0.00,,,false,,Attested IDA 1.50a initial candidate; boundary unreviewed,,
0x004836A3,35,0x004836C5,__lock_file2,,,unclassified,0.00,,,false,,Attested IDA 1.50a initial candidate; boundary unreviewed,,
0x004836C6,47,0x004836F4,__unlock_file,,,unclassified,0.00,,,false,,Attested IDA 1.50a initial candidate; boundary unreviewed,,
0x004836F5,35,0x00483717,__unlock_file2,,,unclassified,0.00,,,false,,Attested IDA 1.50a initial candidate; boundary unreviewed,,
0x00483718,136,0x0048379F,__stbuf,,,unclassified,0.00,,,false,,Attested IDA 1.50a initial candidate; boundary unreviewed,,
0x004837A0,42,0x004837C9,__ftbuf,,,unclassified,0.00,,,false,,Attested IDA 1.50a initial candidate; boundary unreviewed,,
0x004837CA,78,0x00483817,?__CxxUnhandledExceptionFilter@@YGJPAU_EXCEPTION_POINTERS@@@Z,,,unclassified,0.00,,,false,,Attested IDA 1.50a initial candidate; boundary unreviewed,,
0x00483840,23,0x00483856,__startTwoArgErrorHandling,,,unclassified,0.00,,,false,,Attested IDA 1.50a initial candidate; boundary unreviewed,,
0x00483857,60,0x00483892,__startOneArgErrorHandling,,,unclassified,0.00,,,false,,Attested IDA 1.50a initial candidate; boundary unreviewed,,
0x004838A0,21,0x004838B4,__twoToTOS,,,unclassified,0.00,,,false,,Attested IDA 1.50a initial candidate; boundary unreviewed,,
0x004838B5,23,0x004838CB,__load_CW,,,unclassified,0.00,,,false,,Attested IDA 1.50a initial candidate; boundary unreviewed,,
0x004838CC,25,0x004838E4,__convertTOStoQNaN,,,unclassified,0.00,,,false,,Attested IDA 1.50a initial candidate; boundary unreviewed,,
0x004838E5,67,0x00483927,__fload_withFB,,,unclassified,0.00,,,false,,Attested IDA 1.50a initial candidate; boundary unreviewed,,
0x00483928,22,0x0048393D,__checkTOS_withFB,,,unclassified,0.00,,,false,,Attested IDA 1.50a initial candidate; boundary unreviewed,,
0x00483975,20,0x00483988,__check_overflow_exit,,,unclassified,0.00,,,false,,Attested IDA 1.50a initial candidate; boundary unreviewed,,
0x00483989,163,0x00483A2B,__check_range_exit,,,unclassified,0.00,,,false,,Attested IDA 1.50a initial candidate; boundary unreviewed,,
0x00483A2C,375,0x00483BA2,__NMSG_WRITE,,,unclassified,0.00,,,false,,Attested IDA 1.50a initial candidate; boundary unreviewed,,
0x00483BA3,57,0x00483BDB,__FF_MSGBANNER,,,unclassified,0.00,,,false,,Attested IDA 1.50a initial candidate; boundary unreviewed,,
0x00483BDC,356,0x00483D3F,__XcptFilter,,,unclassified,0.00,,,false,,Attested IDA 1.50a initial candidate; boundary unreviewed,,
0x00483D40,93,0x00483D9C,__wincmdln,,,unclassified,0.00,,,false,,Attested IDA 1.50a initial candidate; boundary unreviewed,,
0x00483D9D,199,0x00483E63,__setenvp,,,unclassified,0.00,,,false,,Attested IDA 1.50a initial candidate; boundary unreviewed,,
0x00483E64,364,0x00483FCF,_parse_cmdline,,,unclassified,0.00,,,false,,Attested IDA 1.50a initial candidate; boundary unreviewed,,
0x00483FD0,162,0x00484071,__setargv,,,unclassified,0.00,,,false,,Attested IDA 1.50a initial candidate; boundary unreviewed,,
0x00484072,290,0x00484193,___crtGetEnvironmentStringsA,,,unclassified,0.00,,,false,,Attested IDA 1.50a initial candidate; boundary unreviewed,,
0x00484194,510,0x00484391,__ioinit,,,unclassified,0.00,,,false,,Attested IDA 1.50a initial candidate; boundary unreviewed,,
0x00484392,68,0x004843D5,sub_484392,,,unclassified,0.00,,,false,,Attested IDA 1.50a initial candidate; boundary unreviewed,,
0x004843D6,68,0x00484419,sub_4843D6,,,unclassified,0.00,,,false,,Attested IDA 1.50a initial candidate; boundary unreviewed,,
0x0048441A,42,0x00484443,__set_exp,,,unclassified,0.00,,,false,,Attested IDA 1.50a initial candidate; boundary unreviewed,,
0x00484444,91,0x0048449E,__sptype,,,unclassified,0.00,,,false,,Attested IDA 1.50a initial candidate; boundary unreviewed,,
0x0048449F,188,0x0048455A,__decomp,,,unclassified,0.00,,,false,,Attested IDA 1.50a initial candidate; boundary unreviewed,,
0x0048455B,677,0x004847FF,__raise_exc,,,unclassified,0.00,,,false,,Attested IDA 1.50a initial candidate; boundary unreviewed,,
0x00484800,548,0x00484A23,__handle_exc,,,unclassified,0.00,,,false,,Attested IDA 1.50a initial candidate; boundary unreviewed,,
0x00484A24,40,0x00484A4B,__set_errno,,,unclassified,0.00,,,false,,Attested IDA 1.50a initial candidate; boundary unreviewed,,
0x00484A4C,45,0x00484A78,__errcode,,,unclassified,0.00,,,false,,Attested IDA 1.50a initial candidate; boundary unreviewed,,
0x00484A79,158,0x00484B16,__umatherr,,,unclassified,0.00,,,false,,Attested IDA 1.50a initial candidate; boundary unreviewed,,
0x00484B17,83,0x00484B69,__handle_qnan1,,,unclassified,0.00,,,false,,Attested IDA 1.50a initial candidate; boundary unreviewed,,
0x00484B6A,184,0x00484C21,__except1,,,unclassified,0.00,,,false,,Attested IDA 1.50a initial candidate; boundary unreviewed,,
0x00484C22,11,0x00484C2C,__statfp,,,unclassified,0.00,,,false,,Attested IDA 1.50a initial candidate; boundary unreviewed,,
0x00484C2D,12,0x00484C38,__clrfp,,,unclassified,0.00,,,false,,Attested IDA 1.50a initial candidate; boundary unreviewed,,
0x00484C39,36,0x00484C5C,__ctrlfp,,,unclassified,0.00,,,false,,Attested IDA 1.50a initial candidate; boundary unreviewed,,
0x00484C5D,86,0x00484CB2,__set_statfp,,,unclassified,0.00,,,false,,Attested IDA 1.50a initial candidate; boundary unreviewed,,
0x00484CB3,66,0x00484CF4,__rt_probe_read4@4,,,unclassified,0.00,,,false,,Attested IDA 1.50a initial candidate; boundary unreviewed,,
0x00484CF5,53,0x00484D29,_has_osfxsr_set,,,unclassified,0.00,,,false,,Attested IDA 1.50a initial candidate; boundary unreviewed,,
0x00484D2A,206,0x00484DF7,___sse2_available_init,,,unclassified,0.00,,,false,,Attested IDA 1.50a initial candidate; boundary unreviewed,,
0x00484E00,25,0x00484E18,__CIpow_pentium4,,,unclassified,0.00,,,false,,Attested IDA 1.50a initial candidate; boundary unreviewed,,
0x00484E19,2861,0x00485945,__pow_pentium4,,,unclassified,0.00,,,false,,Attested IDA 1.50a initial candidate; boundary unreviewed,,
0x00485A37,1,0x00485A37,zerotoxdone,,,unclassified,0.00,,,false,,Attested IDA 1.50a initial candidate; boundary unreviewed,,
0x00485A82,1,0x00485A82,_expbigret,,,unclassified,0.00,,,false,,Attested IDA 1.50a initial candidate; boundary unreviewed,,
0x00485AAE,67,0x00485AF0,__ffexpm1,,,unclassified,0.00,,,false,,Attested IDA 1.50a initial candidate; boundary unreviewed,,
0x00485AF1,37,0x00485B15,_isintTOS,,,unclassified,0.00,,,false,,Attested IDA 1.50a initial candidate; boundary unreviewed,,
0x00485B16,1,0x00485B16,_isintTOSret,,,unclassified,0.00,,,false,,Attested IDA 1.50a initial candidate; boundary unreviewed,,
0x00485B17,7,0x00485B1D,notanint,,,unclassified,0.00,,,false,,Attested IDA 1.50a initial candidate; boundary unreviewed,,
0x00485B1E,7,0x00485B24,evenint,,,unclassified,0.00,,,false,,Attested IDA 1.50a initial candidate; boundary unreviewed,,
0x00485B25,50,0x00485B56,_usepowhlp,,,unclassified,0.00,,,false,,Attested IDA 1.50a initial candidate; boundary unreviewed,,
0x00485B57,110,0x00485BC4,__d_inttype,,,unclassified,0.00,,,false,,Attested IDA 1.50a initial candidate; boundary unreviewed,,
0x00485BC5,354,0x00485D26,__powhlp,,,unclassified,0.00,,,false,,Attested IDA 1.50a initial candidate; boundary unreviewed,,
0x00485D27,654,0x00485FB4,___libm_error_support,,,unclassified,0.00,,,false,,Attested IDA 1.50a initial candidate; boundary unreviewed,,
0x00485FB5,211,0x00486087,__floor_default,,,unclassified,0.00,,,false,,Attested IDA 1.50a initial candidate; boundary unreviewed,,
0x00486088,200,0x0048614F,___tolower_mt,,,unclassified,0.00,,,false,,Attested IDA 1.50a initial candidate; boundary unreviewed,,
0x00486150,34,0x00486171,_tolower,,,unclassified,0.00,,,false,,Attested IDA 1.50a initial candidate; boundary unreviewed,,
0x00486172,50,0x004861A3,__ZeroTail,,,unclassified,0.00,,,false,,Attested IDA 1.50a initial candidate; boundary unreviewed,,
0x004861A4,77,0x004861F0,__IncMan,,,unclassified,0.00,,,false,,Attested IDA 1.50a initial candidate; boundary unreviewed,,
0x004861F1,114,0x00486262,__RoundMan,,,unclassified,0.00,,,false,,Attested IDA 1.50a initial candidate; boundary unreviewed,,
0x00486263,27,0x0048627D,__CopyMan,,,unclassified,0.00,,,false,,Attested IDA 1.50a initial candidate; boundary unreviewed,,
0x0048627E,25,0x00486296,__IsZeroMan,,,unclassified,0.00,,,false,,Attested IDA 1.50a initial candidate; boundary unreviewed,,
0x00486297,123,0x00486311,__ShrMan,,,unclassified,0.00,,,false,,Attested IDA 1.50a initial candidate; boundary unreviewed,,
0x00486312,344,0x00486469,__ld12cvt,,,unclassified,0.00,,,false,,Attested IDA 1.50a initial candidate; boundary unreviewed,,
0x0048646A,22,0x0048647F,sub_48646A,,,unclassified,0.00,,,false,,Attested IDA 1.50a initial candidate; boundary unreviewed,,
0x00486480,22,0x00486495,sub_486480,,,unclassified,0.00,,,false,,Attested IDA 1.50a initial candidate; boundary unreviewed,,
0x00486496,61,0x004864D2,sub_486496,,,unclassified,0.00,,,false,,Attested IDA 1.50a initial candidate; boundary unreviewed,,
0x004864D3,61,0x0048650F,sub_4864D3,,,unclassified,0.00,,,false,,Attested IDA 1.50a initial candidate; boundary unreviewed,,
0x00486510,119,0x00486586,__fptostr,,,unclassified,0.00,,,false,,Attested IDA 1.50a initial candidate; boundary unreviewed,,
0x00486587,186,0x00486640,___dtold,,,unclassified,0.00,,,false,,Attested IDA 1.50a initial candidate; boundary unreviewed,,
0x00486641,108,0x004866AC,__fltout2,,,unclassified,0.00,,,false,,Attested IDA 1.50a initial candidate; boundary unreviewed,,
0x004866AD,7,0x004866B3,__fptrap,,,unclassified,0.00,,,false,,Attested IDA 1.50a initial candidate; boundary unreviewed,,
0x004866B6,146,0x00486747,__abstract_cw,,,unclassified,0.00,,,false,,Attested IDA 1.50a initial candidate; boundary unreviewed,,
0x00486748,142,0x004867D5,__hw_cw,,,unclassified,0.00,,,false,,Attested IDA 1.50a initial candidate; boundary unreviewed,,
0x004867D6,50,0x00486807,__control87,,,unclassified,0.00,,,false,,Attested IDA 1.50a initial candidate; boundary unreviewed,,
0x00486808,22,0x0048681D,__controlfp,,,unclassified,0.00,,,false,,Attested IDA 1.50a initial candidate; boundary unreviewed,,
0x0048681E,16,0x0048682D,___crtInitCritSecNoSpinCount@8,,,unclassified,0.00,,,false,,Attested IDA 1.50a initial candidate; boundary unreviewed,,
0x0048682E,139,0x004868B8,___crtInitCritSecAndSpinCount,,,unclassified,0.00,,,false,,Attested IDA 1.50a initial candidate; boundary unreviewed,,
0x004868B9,553,0x00486AE1,__ValidateEH3RN,,,unclassified,0.00,,,false,,Attested IDA 1.50a initial candidate; boundary unreviewed,,
0x00486AF0,136,0x00486B77,_strcmp,,,unclassified,0.00,,,false,,Attested IDA 1.50a initial candidate; boundary unreviewed,,
0x00486B78,28,0x00486B93,?_ValidateRead@@YAHPBXI@Z,,,unclassified,0.00,,,false,,Attested IDA 1.50a initial candidate; boundary unreviewed,,
0x00486B94,28,0x00486BAF,?_ValidateWrite@@YAHPAXI@Z,,,unclassified,0.00,,,false,,Attested IDA 1.50a initial candidate; boundary unreviewed,,
0x00486BB0,24,0x00486BC7,?_ValidateExecute@@YAHP6GHXZ@Z,,,unclassified,0.00,,,false,,Attested IDA 1.50a initial candidate; boundary unreviewed,,
0x00486BC8,47,0x00486BF6,_CPtoLCID,,,unclassified,0.00,,,false,,Attested IDA 1.50a initial candidate; boundary unreviewed,,
0x00486BF7,41,0x00486C1F,_setSBCS,,,unclassified,0.00,,,false,,Attested IDA 1.50a initial candidate; boundary unreviewed,,
0x00486C20,396,0x00486DAB,_setSBUpLow,,,unclassified,0.00,,,false,,Attested IDA 1.50a initial candidate; boundary unreviewed,,
0x00486DAC,111,0x00486E1A,___updatetmbcinfo,,,unclassified,0.00,,,false,,Attested IDA 1.50a initial candidate; boundary unreviewed,,
0x00486E1B,400,0x00486FAA,__setmbcp_lk,,,unclassified,0.00,,,false,,Attested IDA 1.50a initial candidate; boundary unreviewed,,
0x00486FAB,336,0x004870FA,__setmbcp,,,unclassified,0.00,,,false,,Attested IDA 1.50a initial candidate; boundary unreviewed,,
0x004870FB,30,0x00487118,___initmbctable,,,unclassified,0.00,,,false,,Attested IDA 1.50a initial candidate; boundary unreviewed,,
0x00487119,23,0x0048712F,_abort,,,unclassified,0.00,,,false,,Attested IDA 1.50a initial candidate; boundary unreviewed,,
0x00487131,248,0x00487228,__87except,,,unclassified,0.00,,,false,,Attested IDA 1.50a initial candidate; boundary unreviewed,,
0x00487229,442,0x004873E2,___crtGetStringTypeA,,,unclassified,0.00,,,false,,Attested IDA 1.50a initial candidate; boundary unreviewed,,
0x004873E3,400,0x00487572,__free_lc_time,,,unclassified,0.00,,,false,,Attested IDA 1.50a initial candidate; boundary unreviewed,,
0x00487573,95,0x004875D1,___free_lconv_num,,,unclassified,0.00,,,false,,Attested IDA 1.50a initial candidate; boundary unreviewed,,
0x004875D2,217,0x004876AA,___free_lconv_mon,,,unclassified,0.00,,,false,,Attested IDA 1.50a initial candidate; boundary unreviewed,,
0x004876B0,70,0x004876F5,_strcspn,,,unclassified,0.00,,,false,,Attested IDA 1.50a initial candidate; boundary unreviewed,,
0x00487700,292,0x00487823,_strncpy,,,unclassified,0.00,,,false,,Attested IDA 1.50a initial candidate; boundary unreviewed,,
0x00487830,184,0x004878E7,_memcmp,,,unclassified,0.00,,,false,,Attested IDA 1.50a initial candidate; boundary unreviewed,,
0x004878F0,64,0x0048792F,_strpbrk,,,unclassified,0.00,,,false,,Attested IDA 1.50a initial candidate; boundary unreviewed,,
0x00487930,129,0x004879B0,_getenv,,,unclassified,0.00,,,false,,Attested IDA 1.50a initial candidate; boundary unreviewed,,
0x004879B1,116,0x00487A24,__lseek_lk,,,unclassified,0.00,,,false,,Attested IDA 1.50a initial candidate; boundary unreviewed,,
0x00487A25,171,0x00487ACF,__lseek,,,unclassified,0.00,,,false,,Attested IDA 1.50a initial candidate; boundary unreviewed,,
0x00487AD0,462,0x00487C9D,__write_lk,,,unclassified,0.00,,,false,,Attested IDA 1.50a initial candidate; boundary unreviewed,,
0x00487C9E,171,0x00487D48,__write,,,unclassified,0.00,,,false,,Attested IDA 1.50a initial candidate; boundary unreviewed,,
0x00487D49,68,0x00487D8C,__getbuf,,,unclassified,0.00,,,false,,Attested IDA 1.50a initial candidate; boundary unreviewed,,
0x00487D8D,42,0x00487DB6,__isatty,,,unclassified,0.00,,,false,,Attested IDA 1.50a initial candidate; boundary unreviewed,,
0x00487DB7,96,0x00487E16,___wctomb_mt,,,unclassified,0.00,,,false,,Attested IDA 1.50a initial candidate; boundary unreviewed,,
0x00487E17,39,0x00487E3D,_wctomb,,,unclassified,0.00,,,false,,Attested IDA 1.50a initial candidate; boundary unreviewed,,
0x00487E40,149,0x00487ED4,__aulldvrm,,,unclassified,0.00,,,false,,Attested IDA 1.50a initial candidate; boundary unreviewed,,
0x00487ED5,956,0x00488290,___crtLCMapStringA,,,unclassified,0.00,,,false,,Attested IDA 1.50a initial candidate; boundary unreviewed,,
0x00488291,102,0x004882F6,___security_init_cookie,,,unclassified,0.00,,,false,,Attested IDA 1.50a initial candidate; boundary unreviewed,,
0x004882F7,328,0x0048843E,___security_error_handler,,,unclassified,0.00,,,false,,Attested IDA 1.50a initial candidate; boundary unreviewed,,
0x0048843F,225,0x0048851F,__filbuf,,,unclassified,0.00,,,false,,Attested IDA 1.50a initial candidate; boundary unreviewed,,
0x00488520,108,0x0048858B,_ungetc,,,unclassified,0.00,,,false,,Attested IDA 1.50a initial candidate; boundary unreviewed,,
0x0048858C,192,0x0048864B,___mbtowc_mt,,,unclassified,0.00,,,false,,Attested IDA 1.50a initial candidate; boundary unreviewed,,
0x0048864C,43,0x00488676,_mbtowc,,,unclassified,0.00,,,false,,Attested IDA 1.50a initial candidate; boundary unreviewed,,
0x00488677,155,0x00488711,__fcloseall,,,unclassified,0.00,,,false,,Attested IDA 1.50a initial candidate; boundary unreviewed,,
0x00488712,93,0x0048876E,__flush,,,unclassified,0.00,,,false,,Attested IDA 1.50a initial candidate; boundary unreviewed,,
0x0048876F,46,0x0048879C,__fflush_lk,,,unclassified,0.00,,,false,,Attested IDA 1.50a initial candidate; boundary unreviewed,,
0x0048879D,213,0x00488871,_flsall,,,unclassified,0.00,,,false,,Attested IDA 1.50a initial candidate; boundary unreviewed,,
0x00488872,9,0x0048887A,sub_488872,,,unclassified,0.00,,,false,,Attested IDA 1.50a initial candidate; boundary unreviewed,,
0x0048887B,249,0x00488973,___crtMessageBoxA,,,unclassified,0.00,,,false,,Attested IDA 1.50a initial candidate; boundary unreviewed,,
0x00488974,51,0x004889A6,_x_ismbbtype,,,unclassified,0.00,,,false,,Attested IDA 1.50a initial candidate; boundary unreviewed,,
0x004889A7,17,0x004889B7,__ismbblead,,,unclassified,0.00,,,false,,Attested IDA 1.50a initial candidate; boundary unreviewed,,
0x004889B8,3,0x004889BA,sub_4889B8,,,unclassified,0.00,,,false,,Attested IDA 1.50a initial candidate; boundary unreviewed,,
0x004889BB,17,0x004889CB,__frnd,,,unclassified,0.00,,,false,,Attested IDA 1.50a initial candidate; boundary unreviewed,,
0x004889CC,33,0x004889EC,___addl,,,unclassified,0.00,,,false,,Attested IDA 1.50a initial candidate; boundary unreviewed,,
0x004889ED,94,0x00488A4A,___add_12,,,unclassified,0.00,,,false,,Attested IDA 1.50a initial candidate; boundary unreviewed,,
0x00488A4B,46,0x00488A78,___shl_12,,,unclassified,0.00,,,false,,Attested IDA 1.50a initial candidate; boundary unreviewed,,
0x00488A79,45,0x00488AA5,___shr_12,,,unclassified,0.00,,,false,,Attested IDA 1.50a initial candidate; boundary unreviewed,,
0x00488AA6,222,0x00488B83,___mtold12,,,unclassified,0.00,,,false,,Attested IDA 1.50a initial candidate; boundary unreviewed,,
0x00488B84,1028,0x00488F87,___strgtold12,,,unclassified,0.00,,,false,,Attested IDA 1.50a initial candidate; boundary unreviewed,,
0x00488FB8,654,0x00489245,_$I10_OUTPUT,,,unclassified,0.00,,,false,,Attested IDA 1.50a initial candidate; boundary unreviewed,,
0x00489246,46,0x00489273,_siglookup,,,unclassified,0.00,,,false,,Attested IDA 1.50a initial candidate; boundary unreviewed,,
0x00489274,377,0x004893EC,_raise,,,unclassified,0.00,,,false,,Attested IDA 1.50a initial candidate; boundary unreviewed,,
0x004893ED,67,0x0048942F,___ansicp,,,unclassified,0.00,,,false,,Attested IDA 1.50a initial candidate; boundary unreviewed,,
0x00489430,457,0x004895F8,___convertcp,,,unclassified,0.00,,,false,,Attested IDA 1.50a initial candidate; boundary unreviewed,,
0x004895F9,105,0x00489661,__stricmp,,,unclassified,0.00,,,false,,Attested IDA 1.50a initial candidate; boundary unreviewed,,
0x00489662,78,0x004896AF,__mbsnbicoll,,,unclassified,0.00,,,false,,Attested IDA 1.50a initial candidate; boundary unreviewed,,
0x004896B0,144,0x0048973F,___wtomb_environ,,,unclassified,0.00,,,false,,Attested IDA 1.50a initial candidate; boundary unreviewed,,
0x00489740,127,0x004897BE,__free_osfhnd,,,unclassified,0.00,,,false,,Attested IDA 1.50a initial candidate; boundary unreviewed,,
0x004897BF,65,0x004897FF,__get_osfhandle,,,unclassified,0.00,,,false,,Attested IDA 1.50a initial candidate; boundary unreviewed,,
0x00489800,160,0x0048989F,__lock_fhandle,,,unclassified,0.00,,,false,,Attested IDA 1.50a initial candidate; boundary unreviewed,,
0x004898A0,34,0x004898C1,__unlock_fhandle,,,unclassified,0.00,,,false,,Attested IDA 1.50a initial candidate; boundary unreviewed,,
0x004898C2,131,0x00489944,__lseeki64_lk,,,unclassified,0.00,,,false,,Attested IDA 1.50a initial candidate; boundary unreviewed,,
0x00489945,475,0x00489B1F,__read_lk,,,unclassified,0.00,,,false,,Attested IDA 1.50a initial candidate; boundary unreviewed,,
0x00489B20,171,0x00489BCA,__read,,,unclassified,0.00,,,false,,Attested IDA 1.50a initial candidate; boundary unreviewed,,
0x00489BCB,76,0x00489C16,__fclose_lk,,,unclassified,0.00,,,false,,Attested IDA 1.50a initial candidate; boundary unreviewed,,
0x00489C17,81,0x00489C67,_fclose,,,unclassified,0.00,,,false,,Attested IDA 1.50a initial candidate; boundary unreviewed,,
0x00489C68,188,0x00489D23,__commit,,,unclassified,0.00,,,false,,Attested IDA 1.50a initial candidate; boundary unreviewed,,
0x00489D24,562,0x00489F55,___ld12mul,,,unclassified,0.00,,,false,,Attested IDA 1.50a initial candidate; boundary unreviewed,,
0x00489F56,134,0x00489FDB,___multtenpow12,,,unclassified,0.00,,,false,,Attested IDA 1.50a initial candidate; boundary unreviewed,,
0x00489FE0,97,0x0048A040,___ascii_strnicmp,,,unclassified,0.00,,,false,,Attested IDA 1.50a initial candidate; boundary unreviewed,,
0x0048A041,28,0x0048A05C,_strncnt,,,unclassified,0.00,,,false,,Attested IDA 1.50a initial candidate; boundary unreviewed,,
0x0048A05D,900,0x0048A3E0,___crtCompareStringA,,,unclassified,0.00,,,false,,Attested IDA 1.50a initial candidate; boundary unreviewed,,
0x0048A3E1,77,0x0048A42D,_findenv,,,unclassified,0.00,,,false,,Attested IDA 1.50a initial candidate; boundary unreviewed,,
0x0048A42E,97,0x0048A48E,_copy_environ,,,unclassified,0.00,,,false,,Attested IDA 1.50a initial candidate; boundary unreviewed,,
0x0048A48F,469,0x0048A663,___crtsetenv,,,unclassified,0.00,,,false,,Attested IDA 1.50a initial candidate; boundary unreviewed,,
0x0048A664,131,0x0048A6E6,__close_lk,,,unclassified,0.00,,,false,,Attested IDA 1.50a initial candidate; boundary unreviewed,,
0x0048A6E7,155,0x0048A781,__close,,,unclassified,0.00,,,false,,Attested IDA 1.50a initial candidate; boundary unreviewed,,
0x0048A782,43,0x0048A7AC,__freebuf,,,unclassified,0.00,,,false,,Attested IDA 1.50a initial candidate; boundary unreviewed,,
0x0048A7AD,43,0x0048A7D7,__strdup,,,unclassified,0.00,,,false,,Attested IDA 1.50a initial candidate; boundary unreviewed,,
0x0048A7D8,123,0x0048A852,__mbschr,,,unclassified,0.00,,,false,,Attested IDA 1.50a initial candidate; boundary unreviewed,,
0x0048A853,8943,0x0048CB41,sub_48A853,,,unclassified,0.00,,,false,,Attested IDA 1.50a initial candidate; boundary unreviewed,,
0x0048D204,6,0x0048D209,RtlUnwind,,,unclassified,0.00,,,false,,Attested IDA 1.50a initial candidate; boundary unreviewed,,
0x0048D7B0,10,0x0048D7B9,sub_48D7B0,,,unclassified,0.00,,,false,,Attested IDA 1.50a initial candidate; boundary unreviewed,,
0x0048D7F0,10,0x0048D7F9,sub_48D7F0,,,unclassified,0.00,,,false,,Attested IDA 1.50a initial candidate; boundary unreviewed,,
0x0048D820,10,0x0048D829,sub_48D820,,,unclassified,0.00,,,false,,Attested IDA 1.50a initial candidate; boundary unreviewed,,
0x0048D830,10,0x0048D839,sub_48D830,,,unclassified,0.00,,,false,,Attested IDA 1.50a initial candidate; boundary unreviewed,,
0x0048DA30,10,0x0048DA39,sub_48DA30,,,unclassified,0.00,,,false,,Attested IDA 1.50a initial candidate; boundary unreviewed,,
0x0048DA3A,10,0x0048DA43,sub_48DA3A,,,unclassified,0.00,,,false,,Attested IDA 1.50a initial candidate; boundary unreviewed,,
0x0048DA50,10,0x0048DA59,sub_48DA50,,,unclassified,0.00,,,false,,Attested IDA 1.50a initial candidate; boundary unreviewed,,
0x0048DA70,1,0x0048DA70,nullsub_11,,,unclassified,0.00,,,false,,Attested IDA 1.50a initial candidate; boundary unreviewed,,
0x0048DAB0,10,0x0048DAB9,sub_48DAB0,,,unclassified,0.00,,,false,,Attested IDA 1.50a initial candidate; boundary unreviewed,,
0x0048DAC0,10,0x0048DAC9,sub_48DAC0,,,unclassified,0.00,,,false,,Attested IDA 1.50a initial candidate; boundary unreviewed,,
0x0048DAD0,10,0x0048DAD9,sub_48DAD0,,,unclassified,0.00,,,false,,Attested IDA 1.50a initial candidate; boundary unreviewed,,
