address,origin,subsystem,disposition,confidence,evidence_id
0x00401000,unknown,,review,unknown,ida-1.50a-initial-inventory
0x00401060,unknown,,review,unknown,ida-1.50a-initial-inventory
0x00401070,unknown,,review,unknown,ida-1.50a-initial-inventory
0x00401080,unknown,,review,unknown,ida-1.50a-initial-inventory
0x00401090,unknown,,review,unknown,ida-1.50a-initial-inventory
0x004010B0,authored_game,Math,authored,high,float3-constructor-origin-2026-09-11
0x004010D0,unknown,,review,unknown,ida-1.50a-initial-inventory
0x00401100,authored_game,Math,authored,high,float3-add-origin-2026-09-11
0x00401140,authored_game,Math,authored,high,float3-subtract-origin-2026-09-11
0x00401180,authored_game,Math,authored,high,float3-multiply-origin-2026-09-11
0x004011C0,unknown,,review,unknown,ida-1.50a-initial-inventory
0x004011D0,unknown,,review,unknown,ida-1.50a-initial-inventory
0x00401290,unknown,,review,unknown,ida-1.50a-initial-inventory
0x004012C0,unknown,,review,unknown,ida-1.50a-initial-inventory
0x004012E0,unknown,,review,unknown,ida-1.50a-initial-inventory
0x00401300,unknown,,review,unknown,ida-1.50a-initial-inventory
0x00401340,authored_game,ZunMemory,authored,high,zun-memory-alloc-vc71-exact-2026-09-10
0x00401360,authored_game,ZunMemory,authored,high,zun-memory-free-vc71-exact-2026-09-10
0x00401380,authored_game,ZunMemory,authored,high,zun-memory-add-to-registry-vc71-exact-2026-09-10
0x00401390,authored_game,Supervisor,authored,high,packet98-render-primitives-vc71-exact-2026-09-13
0x004013E0,authored_game,Supervisor,authored,high,packet106-camera-viewport-vc71-exact-2026-09-13
0x00401410,authored_game,Supervisor,authored,high,packet106-camera-viewport-vc71-exact-2026-09-13
0x00401440,unknown,,review,unknown,ida-1.50a-initial-inventory
0x00401460,authored_game,Supervisor,authored,high,packet97-reusable-render-helpers-vc71-exact-2026-09-13
0x00401470,unknown,,review,unknown,ida-1.50a-initial-inventory
0x004014A0,unknown,,review,unknown,ida-1.50a-initial-inventory
0x004014B0,authored_game,ZunTimer,authored,high,zun-timer-tick-vc71-exact-2026-09-11
0x004014D0,authored_game,ZunTimer,authored,high,zun-timer-set-current-vc71-exact-2026-09-11
0x004014F0,authored_game,ZunTimer,authored,high,zun-timer-float-conversion-vc71-exact-2026-09-11
0x00401500,authored_game,ZunTimer,authored,high,zun-timer-assign-int-vc71-exact-2026-09-11
0x00401510,authored_game,ZunTimer,authored,high,zun-timer-post-increment-vc71-exact-2026-09-11
0x00401520,authored_game,ZunTimer,authored,high,zun-timer-greater-equal-vc71-exact-2026-09-11
0x00401540,authored_game,ZunTimer,authored,high,zun-timer-less-vc71-exact-2026-09-11
0x00401560,authored_game,AnmLoaded,authored,high,anm-loaded-execute-anm-idx-origin-2026-09-11
0x004015F0,unknown,,review,unknown,ida-1.50a-initial-inventory
0x00401600,unknown,,review,unknown,ida-1.50a-initial-inventory
0x00401610,unknown,,review,unknown,ida-1.50a-initial-inventory
0x00401620,unknown,,review,unknown,ida-1.50a-initial-inventory
0x00401640,unknown,,review,unknown,ida-1.50a-initial-inventory
0x00401660,unknown,,review,unknown,ida-1.50a-initial-inventory
0x00401680,authored_game,GameManager,authored,high,packet97-reusable-render-helpers-vc71-exact-2026-09-13
0x004016B0,authored_game,GameManager,authored,high,packet97-reusable-render-helpers-vc71-exact-2026-09-13
0x004016E0,unknown,,review,unknown,ida-1.50a-initial-inventory
0x004018A0,unknown,,review,unknown,ida-1.50a-initial-inventory
0x004018F0,unknown,,review,unknown,ida-1.50a-initial-inventory
0x00402350,unknown,,review,unknown,ida-1.50a-initial-inventory
0x004024D0,unknown,,review,unknown,ida-1.50a-initial-inventory
0x00402530,unknown,,review,unknown,ida-1.50a-initial-inventory
0x00402570,unknown,,review,unknown,ida-1.50a-initial-inventory
0x004026C0,unknown,,review,unknown,ida-1.50a-initial-inventory
0x00403390,unknown,,review,unknown,ida-1.50a-initial-inventory
0x004033A0,unknown,,review,unknown,ida-1.50a-initial-inventory
0x004033E0,unknown,,review,unknown,ida-1.50a-initial-inventory
0x00403680,unknown,,review,unknown,ida-1.50a-initial-inventory
0x00403830,unknown,,review,unknown,ida-1.50a-initial-inventory
0x00403A10,unknown,,review,unknown,ida-1.50a-initial-inventory
0x00403A40,unknown,,review,unknown,ida-1.50a-initial-inventory
0x00403AE0,unknown,,review,unknown,ida-1.50a-initial-inventory
0x00403C20,unknown,,review,unknown,ida-1.50a-initial-inventory
0x00403C30,unknown,,review,unknown,ida-1.50a-initial-inventory
0x00403C90,unknown,,review,unknown,ida-1.50a-initial-inventory
0x00403CF0,unknown,,review,unknown,ida-1.50a-initial-inventory
0x00403D60,unknown,,review,unknown,ida-1.50a-initial-inventory
0x00403D80,unknown,,review,unknown,ida-1.50a-initial-inventory
0x00403D90,unknown,,review,unknown,ida-1.50a-initial-inventory
0x00403DE0,unknown,,review,unknown,ida-1.50a-initial-inventory
0x00403E00,unknown,,review,unknown,ida-1.50a-initial-inventory
0x00403E30,unknown,,review,unknown,ida-1.50a-initial-inventory
0x00403E50,unknown,,review,unknown,ida-1.50a-initial-inventory
0x004041F0,unknown,,review,unknown,ida-1.50a-initial-inventory
0x00404410,unknown,,review,unknown,ida-1.50a-initial-inventory
0x00404560,unknown,,review,unknown,ida-1.50a-initial-inventory
0x00404570,unknown,,review,unknown,ida-1.50a-initial-inventory
0x004045B0,unknown,,review,unknown,ida-1.50a-initial-inventory
0x00404600,unknown,,review,unknown,ida-1.50a-initial-inventory
0x00404710,unknown,,review,unknown,ida-1.50a-initial-inventory
0x004048B0,unknown,,review,unknown,ida-1.50a-initial-inventory
0x004048E0,unknown,,review,unknown,ida-1.50a-initial-inventory
0x00404910,unknown,,review,unknown,ida-1.50a-initial-inventory
0x00404920,unknown,,review,unknown,ida-1.50a-initial-inventory
0x00404950,unknown,,review,unknown,ida-1.50a-initial-inventory
0x00404970,unknown,,review,unknown,ida-1.50a-initial-inventory
0x00404980,unknown,,review,unknown,ida-1.50a-initial-inventory
0x004049A0,unknown,,review,unknown,ida-1.50a-initial-inventory
0x00405650,unknown,,review,unknown,ida-1.50a-initial-inventory
0x00405660,unknown,,review,unknown,ida-1.50a-initial-inventory
0x00405700,unknown,,review,unknown,ida-1.50a-initial-inventory
0x00405710,unknown,,review,unknown,ida-1.50a-initial-inventory
0x00405730,unknown,,review,unknown,ida-1.50a-initial-inventory
0x00405760,unknown,,review,unknown,ida-1.50a-initial-inventory
0x00405F20,unknown,,review,unknown,ida-1.50a-initial-inventory
0x00406200,unknown,,review,unknown,ida-1.50a-initial-inventory
0x00406210,unknown,,review,unknown,ida-1.50a-initial-inventory
0x004065E0,unknown,,review,unknown,ida-1.50a-initial-inventory
0x00406600,unknown,,review,unknown,ida-1.50a-initial-inventory
0x00406620,unknown,,review,unknown,ida-1.50a-initial-inventory
0x00406640,unknown,,review,unknown,ida-1.50a-initial-inventory
0x00406650,unknown,,review,unknown,ida-1.50a-initial-inventory
0x00406660,unknown,,review,unknown,ida-1.50a-initial-inventory
0x00406670,unknown,,review,unknown,ida-1.50a-initial-inventory
0x00406680,unknown,,review,unknown,ida-1.50a-initial-inventory
0x00406720,unknown,,review,unknown,ida-1.50a-initial-inventory
0x00406740,unknown,,review,unknown,ida-1.50a-initial-inventory
0x00406790,authored_game,AnmManager,authored,high,packet128-anm-runtime-vc71-exact-2026-09-15
0x004067B0,unknown,,review,unknown,ida-1.50a-initial-inventory
0x004067D0,unknown,,review,unknown,ida-1.50a-initial-inventory
0x004067F0,unknown,,review,unknown,ida-1.50a-initial-inventory
0x00406820,unknown,,review,unknown,ida-1.50a-initial-inventory
0x00406830,unknown,,review,unknown,ida-1.50a-initial-inventory
0x00406850,unknown,,review,unknown,ida-1.50a-initial-inventory
0x004068A0,unknown,,review,unknown,ida-1.50a-initial-inventory
0x004070A0,unknown,,review,unknown,ida-1.50a-initial-inventory
0x00407200,unknown,,review,unknown,ida-1.50a-initial-inventory
0x00407320,unknown,,review,unknown,ida-1.50a-initial-inventory
0x00407450,unknown,,review,unknown,ida-1.50a-initial-inventory
0x004074A0,unknown,,review,unknown,ida-1.50a-initial-inventory
0x00407560,unknown,,review,unknown,ida-1.50a-initial-inventory
0x00407600,unknown,,review,unknown,ida-1.50a-initial-inventory
0x00407700,unknown,,review,unknown,ida-1.50a-initial-inventory
0x00407A80,unknown,,review,unknown,ida-1.50a-initial-inventory
0x00407B20,unknown,,review,unknown,ida-1.50a-initial-inventory
0x00407C30,unknown,,review,unknown,ida-1.50a-initial-inventory
0x00407E30,unknown,,review,unknown,ida-1.50a-initial-inventory
0x00408040,unknown,,review,unknown,ida-1.50a-initial-inventory
0x00408180,unknown,,review,unknown,ida-1.50a-initial-inventory
0x00408560,unknown,,review,unknown,ida-1.50a-initial-inventory
0x004086C0,unknown,,review,unknown,ida-1.50a-initial-inventory
0x0040C390,unknown,,review,unknown,ida-1.50a-initial-inventory
0x0040C3C0,unknown,,review,unknown,ida-1.50a-initial-inventory
0x0040C3F0,unknown,,review,unknown,ida-1.50a-initial-inventory
0x0040C440,unknown,,review,unknown,ida-1.50a-initial-inventory
0x0040C470,unknown,,review,unknown,ida-1.50a-initial-inventory
0x0040C4A0,unknown,,review,unknown,ida-1.50a-initial-inventory
0x0040C4D0,unknown,,review,unknown,ida-1.50a-initial-inventory
0x0040C500,unknown,,review,unknown,ida-1.50a-initial-inventory
0x0040C530,unknown,,review,unknown,ida-1.50a-initial-inventory
0x0040C770,unknown,,review,unknown,ida-1.50a-initial-inventory
0x0040C7C0,unknown,,review,unknown,ida-1.50a-initial-inventory
0x0040C810,unknown,,review,unknown,ida-1.50a-initial-inventory
0x0040C860,unknown,,review,unknown,ida-1.50a-initial-inventory
0x0040C950,unknown,,review,unknown,ida-1.50a-initial-inventory
0x0040C960,unknown,,review,unknown,ida-1.50a-initial-inventory
0x0040C990,unknown,,review,unknown,ida-1.50a-initial-inventory
0x0040CA60,unknown,,review,unknown,ida-1.50a-initial-inventory
0x0040CC00,unknown,,review,unknown,ida-1.50a-initial-inventory
0x0040CCC0,unknown,,review,unknown,ida-1.50a-initial-inventory
0x0040CD70,unknown,,review,unknown,ida-1.50a-initial-inventory
0x0040CDD0,unknown,,review,unknown,ida-1.50a-initial-inventory
0x0040CFB0,unknown,,review,unknown,ida-1.50a-initial-inventory
0x0040D070,unknown,,review,unknown,ida-1.50a-initial-inventory
0x0040D110,unknown,,review,unknown,ida-1.50a-initial-inventory
0x0040D1C0,unknown,,review,unknown,ida-1.50a-initial-inventory
0x0040D200,unknown,,review,unknown,ida-1.50a-initial-inventory
0x0040D280,unknown,,review,unknown,ida-1.50a-initial-inventory
0x0040D2C0,unknown,,review,unknown,ida-1.50a-initial-inventory
0x0040D2E0,unknown,,review,unknown,ida-1.50a-initial-inventory
0x0040D320,unknown,,review,unknown,ida-1.50a-initial-inventory
0x0040D4D0,unknown,,review,unknown,ida-1.50a-initial-inventory
0x0040D4F0,unknown,,review,unknown,ida-1.50a-initial-inventory
0x0040D500,unknown,,review,unknown,ida-1.50a-initial-inventory
0x0040E0D0,unknown,,review,unknown,ida-1.50a-initial-inventory
0x0040E130,unknown,,review,unknown,ida-1.50a-initial-inventory
0x0040E170,unknown,,review,unknown,ida-1.50a-initial-inventory
0x0040E2B0,unknown,,review,unknown,ida-1.50a-initial-inventory
0x0040E2D0,unknown,,review,unknown,ida-1.50a-initial-inventory
0x0040E2F0,unknown,,review,unknown,ida-1.50a-initial-inventory
0x0040E370,authored_game,AnmManager,authored,high,packet132-anm-primitive-draw-2026-09-15
0x0040E380,authored_game,AnmManager,authored,high,packet132-anm-primitive-draw-2026-09-15
0x0040E390,unknown,,review,unknown,ida-1.50a-initial-inventory
0x0040E3A0,unknown,,review,unknown,ida-1.50a-initial-inventory
0x0040E3D0,unknown,,review,unknown,ida-1.50a-initial-inventory
0x0040E3E0,unknown,,review,unknown,ida-1.50a-initial-inventory
0x0040E3F0,unknown,,review,unknown,ida-1.50a-initial-inventory
0x0040E400,unknown,,review,unknown,ida-1.50a-initial-inventory
0x0040E450,unknown,,review,unknown,ida-1.50a-initial-inventory
0x0040E470,unknown,,review,unknown,ida-1.50a-initial-inventory
0x0040E480,unknown,,review,unknown,ida-1.50a-initial-inventory
0x0040E4F0,unknown,,review,unknown,ida-1.50a-initial-inventory
0x0040E580,unknown,,review,unknown,ida-1.50a-initial-inventory
0x0040E8A0,unknown,,review,unknown,ida-1.50a-initial-inventory
0x0040EF60,unknown,,review,unknown,ida-1.50a-initial-inventory
0x0040EFE0,unknown,,review,unknown,ida-1.50a-initial-inventory
0x0040F080,unknown,,review,unknown,ida-1.50a-initial-inventory
0x0040F160,unknown,,review,unknown,ida-1.50a-initial-inventory
0x0040F170,unknown,,review,unknown,ida-1.50a-initial-inventory
0x0040F180,unknown,,review,unknown,ida-1.50a-initial-inventory
0x0040F1C0,unknown,,review,unknown,ida-1.50a-initial-inventory
0x0040F1D0,unknown,,review,unknown,ida-1.50a-initial-inventory
0x0040F340,unknown,,review,unknown,ida-1.50a-initial-inventory
0x0040F4C0,unknown,,review,unknown,ida-1.50a-initial-inventory
0x0040F560,unknown,,review,unknown,ida-1.50a-initial-inventory
0x0040F5A0,unknown,,review,unknown,ida-1.50a-initial-inventory
0x0040F5E0,unknown,,review,unknown,ida-1.50a-initial-inventory
0x0040F640,unknown,,review,unknown,ida-1.50a-initial-inventory
0x0040F7D0,unknown,,review,unknown,ida-1.50a-initial-inventory
0x0040F810,unknown,,review,unknown,ida-1.50a-initial-inventory
0x0040F830,unknown,,review,unknown,ida-1.50a-initial-inventory
0x0040F840,unknown,,review,unknown,ida-1.50a-initial-inventory
0x0040F860,unknown,,review,unknown,ida-1.50a-initial-inventory
0x0040F890,unknown,,review,unknown,ida-1.50a-initial-inventory
0x0040F8B0,unknown,,review,unknown,ida-1.50a-initial-inventory
0x0040F8C0,unknown,,review,unknown,ida-1.50a-initial-inventory
0x0040F8E0,unknown,,review,unknown,ida-1.50a-initial-inventory
0x0040F9B0,unknown,,review,unknown,ida-1.50a-initial-inventory
0x0040FA70,unknown,,review,unknown,ida-1.50a-initial-inventory
0x0040FCA0,unknown,,review,unknown,ida-1.50a-initial-inventory
0x0040FCC0,unknown,,review,unknown,ida-1.50a-initial-inventory
0x004100E0,unknown,,review,unknown,ida-1.50a-initial-inventory
0x00410110,unknown,,review,unknown,ida-1.50a-initial-inventory
0x004101D0,unknown,,review,unknown,ida-1.50a-initial-inventory
0x00410250,unknown,,review,unknown,ida-1.50a-initial-inventory
0x004102B0,unknown,,review,unknown,ida-1.50a-initial-inventory
0x00410730,unknown,,review,unknown,ida-1.50a-initial-inventory
0x00411670,unknown,,review,unknown,ida-1.50a-initial-inventory
0x00411D50,unknown,,review,unknown,ida-1.50a-initial-inventory
0x00411D80,unknown,,review,unknown,ida-1.50a-initial-inventory
0x00411DB0,unknown,,review,unknown,ida-1.50a-initial-inventory
0x00411F30,unknown,,review,unknown,ida-1.50a-initial-inventory
0x00411F80,unknown,,review,unknown,ida-1.50a-initial-inventory
0x00411FD0,unknown,,review,unknown,ida-1.50a-initial-inventory
0x00412090,unknown,,review,unknown,ida-1.50a-initial-inventory
0x004120A0,unknown,,review,unknown,ida-1.50a-initial-inventory
0x004120C0,unknown,,review,unknown,ida-1.50a-initial-inventory
0x004120D0,unknown,,review,unknown,ida-1.50a-initial-inventory
0x00412100,unknown,,review,unknown,ida-1.50a-initial-inventory
0x004121D0,unknown,,review,unknown,ida-1.50a-initial-inventory
0x00412240,unknown,,review,unknown,ida-1.50a-initial-inventory
0x00412390,unknown,,review,unknown,ida-1.50a-initial-inventory
0x004123C0,unknown,,review,unknown,ida-1.50a-initial-inventory
0x00412470,unknown,,review,unknown,ida-1.50a-initial-inventory
0x004124D0,unknown,,review,unknown,ida-1.50a-initial-inventory
0x004124E0,unknown,,review,unknown,ida-1.50a-initial-inventory
0x00412590,unknown,,review,unknown,ida-1.50a-initial-inventory
0x004125A0,unknown,,review,unknown,ida-1.50a-initial-inventory
0x004125B0,unknown,,review,unknown,ida-1.50a-initial-inventory
0x004125E0,unknown,,review,unknown,ida-1.50a-initial-inventory
0x00412600,unknown,,review,unknown,ida-1.50a-initial-inventory
0x00412610,unknown,,review,unknown,ida-1.50a-initial-inventory
0x00412650,unknown,,review,unknown,ida-1.50a-initial-inventory
0x00412680,unknown,,review,unknown,ida-1.50a-initial-inventory
0x004126B0,unknown,,review,unknown,ida-1.50a-initial-inventory
0x004126D0,unknown,,review,unknown,ida-1.50a-initial-inventory
0x00412700,unknown,,review,unknown,ida-1.50a-initial-inventory
0x00412730,unknown,,review,unknown,ida-1.50a-initial-inventory
0x00412760,unknown,,review,unknown,ida-1.50a-initial-inventory
0x00412780,unknown,,review,unknown,ida-1.50a-initial-inventory
0x004127B0,unknown,,review,unknown,ida-1.50a-initial-inventory
0x00412800,unknown,,review,unknown,ida-1.50a-initial-inventory
0x00412830,unknown,,review,unknown,ida-1.50a-initial-inventory
0x00412930,unknown,,review,unknown,ida-1.50a-initial-inventory
0x00412960,unknown,,review,unknown,ida-1.50a-initial-inventory
0x004130F0,unknown,,review,unknown,ida-1.50a-initial-inventory
0x004131C0,unknown,,review,unknown,ida-1.50a-initial-inventory
0x00413290,unknown,,review,unknown,ida-1.50a-initial-inventory
0x00413460,unknown,,review,unknown,ida-1.50a-initial-inventory
0x004134D0,unknown,,review,unknown,ida-1.50a-initial-inventory
0x00413590,unknown,,review,unknown,ida-1.50a-initial-inventory
0x00413630,unknown,,review,unknown,ida-1.50a-initial-inventory
0x00413700,unknown,,review,unknown,ida-1.50a-initial-inventory
0x004137D0,unknown,,review,unknown,ida-1.50a-initial-inventory
0x004138C0,unknown,,review,unknown,ida-1.50a-initial-inventory
0x004139F0,unknown,,review,unknown,ida-1.50a-initial-inventory
0x00413A70,unknown,,review,unknown,ida-1.50a-initial-inventory
0x00413AF0,unknown,,review,unknown,ida-1.50a-initial-inventory
0x00413BE0,unknown,,review,unknown,ida-1.50a-initial-inventory
0x00413E40,unknown,,review,unknown,ida-1.50a-initial-inventory
0x00414180,unknown,,review,unknown,ida-1.50a-initial-inventory
0x004141C0,unknown,,review,unknown,ida-1.50a-initial-inventory
0x004146F0,unknown,,review,unknown,ida-1.50a-initial-inventory
0x00414FA0,unknown,,review,unknown,ida-1.50a-initial-inventory
0x00414FE0,unknown,,review,unknown,ida-1.50a-initial-inventory
0x00415020,unknown,,review,unknown,ida-1.50a-initial-inventory
0x00415050,unknown,,review,unknown,ida-1.50a-initial-inventory
0x004150D0,unknown,,review,unknown,ida-1.50a-initial-inventory
0x004151F0,unknown,,review,unknown,ida-1.50a-initial-inventory
0x00415340,unknown,,review,unknown,ida-1.50a-initial-inventory
0x00415460,unknown,,review,unknown,ida-1.50a-initial-inventory
0x00415580,unknown,,review,unknown,ida-1.50a-initial-inventory
0x00415650,unknown,,review,unknown,ida-1.50a-initial-inventory
0x004156A0,unknown,,review,unknown,ida-1.50a-initial-inventory
0x004156F0,unknown,,review,unknown,ida-1.50a-initial-inventory
0x00415750,unknown,,review,unknown,ida-1.50a-initial-inventory
0x004157A0,unknown,,review,unknown,ida-1.50a-initial-inventory
0x004157B0,unknown,,review,unknown,ida-1.50a-initial-inventory
0x004157D0,unknown,,review,unknown,ida-1.50a-initial-inventory
0x004158E0,unknown,,review,unknown,ida-1.50a-initial-inventory
0x00415910,unknown,,review,unknown,ida-1.50a-initial-inventory
0x00415C30,unknown,,review,unknown,ida-1.50a-initial-inventory
0x00415C50,unknown,,review,unknown,ida-1.50a-initial-inventory
0x00415C60,unknown,,review,unknown,ida-1.50a-initial-inventory
0x00415C90,unknown,,review,unknown,ida-1.50a-initial-inventory
0x00415CB0,unknown,,review,unknown,ida-1.50a-initial-inventory
0x00415CD0,unknown,,review,unknown,ida-1.50a-initial-inventory
0x00415CF0,unknown,,review,unknown,ida-1.50a-initial-inventory
0x00415D00,authored_game,AnmManager,authored,high,packet132-anm-primitive-draw-2026-09-15
0x00415D10,authored_game,AnmManager,authored,high,packet132-anm-primitive-draw-2026-09-15
0x00415D20,unknown,,review,unknown,ida-1.50a-initial-inventory
0x00415D30,unknown,,review,unknown,ida-1.50a-initial-inventory
0x00415D40,unknown,,review,unknown,ida-1.50a-initial-inventory
0x00415D50,unknown,,review,unknown,ida-1.50a-initial-inventory
0x00415D70,unknown,,review,unknown,ida-1.50a-initial-inventory
0x00415E50,unknown,,review,unknown,ida-1.50a-initial-inventory
0x00416080,unknown,,review,unknown,ida-1.50a-initial-inventory
0x00416160,unknown,,review,unknown,ida-1.50a-initial-inventory
0x004162D0,unknown,,review,unknown,ida-1.50a-initial-inventory
0x00416590,unknown,,review,unknown,ida-1.50a-initial-inventory
0x00417130,unknown,,review,unknown,ida-1.50a-initial-inventory
0x00417520,unknown,,review,unknown,ida-1.50a-initial-inventory
0x00417630,unknown,,review,unknown,ida-1.50a-initial-inventory
0x00417C10,unknown,,review,unknown,ida-1.50a-initial-inventory
0x004181E0,unknown,,review,unknown,ida-1.50a-initial-inventory
0x00418270,unknown,,review,unknown,ida-1.50a-initial-inventory
0x004182A0,unknown,,review,unknown,ida-1.50a-initial-inventory
0x004182E0,unknown,,review,unknown,ida-1.50a-initial-inventory
0x00418480,unknown,,review,unknown,ida-1.50a-initial-inventory
0x00418750,unknown,,review,unknown,ida-1.50a-initial-inventory
0x004187B0,unknown,,review,unknown,ida-1.50a-initial-inventory
0x00418840,unknown,,review,unknown,ida-1.50a-initial-inventory
0x00418920,unknown,,review,unknown,ida-1.50a-initial-inventory
0x00418930,unknown,,review,unknown,ida-1.50a-initial-inventory
0x00418950,unknown,,review,unknown,ida-1.50a-initial-inventory
0x00418A90,unknown,,review,unknown,ida-1.50a-initial-inventory
0x004193E0,unknown,,review,unknown,ida-1.50a-initial-inventory
0x0041A000,unknown,,review,unknown,ida-1.50a-initial-inventory
0x0041A1D0,unknown,,review,unknown,ida-1.50a-initial-inventory
0x0041A210,unknown,,review,unknown,ida-1.50a-initial-inventory
0x0041A230,unknown,,review,unknown,ida-1.50a-initial-inventory
0x0041A270,unknown,,review,unknown,ida-1.50a-initial-inventory
0x0041A2D0,unknown,,review,unknown,ida-1.50a-initial-inventory
0x0041A320,unknown,,review,unknown,ida-1.50a-initial-inventory
0x0041A380,unknown,,review,unknown,ida-1.50a-initial-inventory
0x0041A3C0,unknown,,review,unknown,ida-1.50a-initial-inventory
0x0041A3E0,unknown,,review,unknown,ida-1.50a-initial-inventory
0x0041A470,unknown,,review,unknown,ida-1.50a-initial-inventory
0x0041A490,unknown,,review,unknown,ida-1.50a-initial-inventory
0x0041A5D0,unknown,,review,unknown,ida-1.50a-initial-inventory
0x0041A6EB,unknown,,review,unknown,ida-1.50a-initial-inventory
0x0041A75F,authored_game,GameManager,authored,high,game-manager-on-draw-vc71-exact-2026-09-11
0x0041A796,unknown,,review,unknown,ida-1.50a-initial-inventory
0x0041A7C3,unknown,,review,unknown,ida-1.50a-initial-inventory
0x0041A827,unknown,,review,unknown,ida-1.50a-initial-inventory
0x0041A889,authored_game,Chain,authored,high,chain-elem-set-callback-vc71-exact-2026-09-10
0x0041A89E,unknown,,review,unknown,ida-1.50a-initial-inventory
0x0041A8A2,authored_game,GameConfiguration,authored,high,game-configuration-initialize-vc71-exact-2026-09-11
0x0041A98B,authored_game,GameConfiguration,authored,high,game-configuration-constructor-vc71-exact-2026-09-11
0x0041A997,unknown,,review,unknown,ida-1.50a-initial-inventory
0x0041A9AC,unknown,,review,unknown,ida-1.50a-initial-inventory
0x0041A9B8,unknown,,review,unknown,ida-1.50a-initial-inventory
0x0041AA07,authored_game,GameManager,authored,high,game-manager-advance-timed-state-vc71-exact-2026-09-11
0x0041AA5F,authored_game,GameManager,authored,high,game-manager-onupdate-hard-recheck-2026-09-11
0x0041AF2D,authored_game,GameManager,authored,high,gameplay-setup-thread-authored-codegen-blocked-2026-09-11
0x0041B5C6,authored_game,GameManager,authored,high,game-manager-cleanup-return-contract-open-2026-09-11
0x0041B76F,authored_game,GameManager,authored,high,game-manager-added-callback-vc71-exact-2026-09-11
0x0041B82A,authored_game,GameManager,authored,high,game-manager-deleted-callback-vc71-exact-2026-09-11
0x0041B9D0,authored_game,GameManager,authored,high,game-manager-register-chain-vc71-exact-2026-09-11
0x0041BA4F,unknown,,review,unknown,ida-1.50a-initial-inventory
0x0041BA80,unknown,,review,unknown,ida-1.50a-initial-inventory
0x0041BB00,unknown,,review,unknown,ida-1.50a-initial-inventory
0x0041BB70,unknown,,review,unknown,ida-1.50a-initial-inventory
0x0041BBE0,unknown,,review,unknown,ida-1.50a-initial-inventory
0x0041BC90,unknown,,review,unknown,ida-1.50a-initial-inventory
0x0041BD40,unknown,,review,unknown,ida-1.50a-initial-inventory
0x0041BD60,unknown,,review,unknown,ida-1.50a-initial-inventory
0x0041BD70,unknown,,review,unknown,ida-1.50a-initial-inventory
0x0041BD90,unknown,,review,unknown,ida-1.50a-initial-inventory
0x0041BDA0,unknown,,review,unknown,ida-1.50a-initial-inventory
0x0041BDC0,unknown,,review,unknown,ida-1.50a-initial-inventory
0x0041BDE0,unknown,,review,unknown,ida-1.50a-initial-inventory
0x0041BDF0,unknown,,review,unknown,ida-1.50a-initial-inventory
0x0041BE70,unknown,,review,unknown,ida-1.50a-initial-inventory
0x0041BEE0,unknown,,review,unknown,ida-1.50a-initial-inventory
0x0041BFC0,unknown,,review,unknown,ida-1.50a-initial-inventory
0x0041C170,unknown,,review,unknown,ida-1.50a-initial-inventory
0x0041C8E0,unknown,,review,unknown,ida-1.50a-initial-inventory
0x0041CA00,unknown,,review,unknown,ida-1.50a-initial-inventory
0x0041CB50,unknown,,review,unknown,ida-1.50a-initial-inventory
0x0041CC80,unknown,,review,unknown,ida-1.50a-initial-inventory
0x0041CDC0,unknown,,review,unknown,ida-1.50a-initial-inventory
0x0041CDE0,unknown,,review,unknown,ida-1.50a-initial-inventory
0x0041CE60,unknown,,review,unknown,ida-1.50a-initial-inventory
0x0041CEB0,unknown,,review,unknown,ida-1.50a-initial-inventory
0x0041CED0,unknown,,review,unknown,ida-1.50a-initial-inventory
0x0041CF30,unknown,,review,unknown,ida-1.50a-initial-inventory
0x0041CFA0,unknown,,review,unknown,ida-1.50a-initial-inventory
0x0041CFE0,unknown,,review,unknown,ida-1.50a-initial-inventory
0x0041D010,unknown,,review,unknown,ida-1.50a-initial-inventory
0x0041D050,unknown,,review,unknown,ida-1.50a-initial-inventory
0x0041D090,unknown,,review,unknown,ida-1.50a-initial-inventory
0x0041D0D0,unknown,,review,unknown,ida-1.50a-initial-inventory
0x0041D110,unknown,,review,unknown,ida-1.50a-initial-inventory
0x0041D150,unknown,,review,unknown,ida-1.50a-initial-inventory
0x0041D760,unknown,,review,unknown,ida-1.50a-initial-inventory
0x0041D7E0,unknown,,review,unknown,ida-1.50a-initial-inventory
0x0041D810,unknown,,review,unknown,ida-1.50a-initial-inventory
0x0041DA70,unknown,,review,unknown,ida-1.50a-initial-inventory
0x0041DB90,unknown,,review,unknown,ida-1.50a-initial-inventory
0x0041DC20,unknown,,review,unknown,ida-1.50a-initial-inventory
0x0041DF80,unknown,,review,unknown,ida-1.50a-initial-inventory
0x0041DFF0,unknown,,review,unknown,ida-1.50a-initial-inventory
0x0041E350,unknown,,review,unknown,ida-1.50a-initial-inventory
0x0041E420,unknown,,review,unknown,ida-1.50a-initial-inventory
0x0041E720,unknown,,review,unknown,ida-1.50a-initial-inventory
0x0041E8B0,unknown,,review,unknown,ida-1.50a-initial-inventory
0x0041E900,unknown,,review,unknown,ida-1.50a-initial-inventory
0x0041EB10,unknown,,review,unknown,ida-1.50a-initial-inventory
0x0041EBC0,unknown,,review,unknown,ida-1.50a-initial-inventory
0x0041EE00,unknown,,review,unknown,ida-1.50a-initial-inventory
0x0041EE20,unknown,,review,unknown,ida-1.50a-initial-inventory
0x0041EE30,unknown,,review,unknown,ida-1.50a-initial-inventory
0x0041EE50,unknown,,review,unknown,ida-1.50a-initial-inventory
0x0041F010,unknown,,review,unknown,ida-1.50a-initial-inventory
0x0041F030,unknown,,review,unknown,ida-1.50a-initial-inventory
0x0041F070,unknown,,review,unknown,ida-1.50a-initial-inventory
0x0041F170,unknown,,review,unknown,ida-1.50a-initial-inventory
0x0041F2C0,unknown,,review,unknown,ida-1.50a-initial-inventory
0x0041F300,unknown,,review,unknown,ida-1.50a-initial-inventory
0x0041F310,unknown,,review,unknown,ida-1.50a-initial-inventory
0x0041F350,unknown,,review,unknown,ida-1.50a-initial-inventory
0x0041F490,unknown,,review,unknown,ida-1.50a-initial-inventory
0x0041F4C0,unknown,,review,unknown,ida-1.50a-initial-inventory
0x0041F580,unknown,,review,unknown,ida-1.50a-initial-inventory
0x0041F680,unknown,,review,unknown,ida-1.50a-initial-inventory
0x0041F760,unknown,,review,unknown,ida-1.50a-initial-inventory
0x0041F810,unknown,,review,unknown,ida-1.50a-initial-inventory
0x0041FCD0,unknown,,review,unknown,ida-1.50a-initial-inventory
0x004200C0,authored_game,ReplayManager,authored,high,replay-append-format-vc71-exact-2026-09-11
0x004200F0,authored_game,Input,authored,high,replay-input-update-vc71-exact-2026-09-11
0x00420160,unknown,,review,unknown,ida-1.50a-initial-inventory
0x00420170,unknown,,review,unknown,ida-1.50a-initial-inventory
0x00420180,unknown,,review,unknown,ida-1.50a-initial-inventory
0x00420190,authored_game,ReplayManager,authored,high,replay-frame-sync-source-nearmatch-2026-09-11
0x004202A0,authored_game,ReplayManager,authored,high,replay-manager-record-input-vc71-exact-2026-09-11
0x004204B0,authored_game,ReplayManager,authored,high,replay-manager-playback-input-vc71-exact-2026-09-11
0x004205E0,authored_game,ReplayManager,authored,high,replay-manager-load-data-source-nearmatch-2026-09-11
0x00420830,unknown,,review,unknown,ida-1.50a-initial-inventory
0x00420840,authored_game,ReplayManager,authored,high,replay-manager-begin-playback-source-nearmatch-2026-09-11
0x00420A60,authored_game,ReplayManager,authored,high,replay-manager-release-core-vc71-exact-2026-09-11
0x00420AD0,authored_game,ReplayManager,authored,high,replay-manager-release-vc71-exact-2026-09-11
0x00420C10,unknown,,review,unknown,ida-1.50a-initial-inventory
0x00420C40,unknown,,review,unknown,ida-1.50a-initial-inventory
0x00420C60,authored_game,ReplayManager,authored,high,replay-manager-save-replay-source-nearmatch-2026-09-11
0x00421140,authored_game,ReplayManager,authored,high,replay-manager-begin-recording-stage-source-nearmatch-2026-09-11
0x00421670,authored_game,ReplayManager,authored,high,replay-manager-create-vc71-exact-2026-09-11
0x004217E0,unknown,,review,unknown,ida-1.50a-initial-inventory
0x00421800,authored_game,ScoreData,authored,high,score-record-insert-vc71-exact-2026-09-12
0x004218E0,authored_game,ScoreData,authored,high,score-file-load-score-records-source-nearmatch-2026-09-12
0x00421AA0,authored_game,ScoreData,authored,high,score-file-load-last-name-source-nearmatch-2026-09-12
0x00421B80,authored_game,ScoreData,authored,high,score-file-load-play-stats-vc71-exact-2026-09-12
0x00421C40,unknown,,review,unknown,ida-1.50a-initial-inventory
0x00421C60,unknown,,review,unknown,ida-1.50a-initial-inventory
0x00421C80,authored_game,ScoreData,authored,high,score-file-open-source-nearmatch-2026-09-12
0x00421E90,unknown,,review,unknown,ida-1.50a-initial-inventory
0x00421EA0,unknown,,review,unknown,ida-1.50a-initial-inventory
0x00421F10,authored_game,ScoreData,authored,high,score-file-save-source-nearmatch-2026-09-12
0x00422200,unknown,,review,unknown,ida-1.50a-initial-inventory
0x00422290,unknown,,review,unknown,ida-1.50a-initial-inventory
0x004222C0,unknown,,review,unknown,ida-1.50a-initial-inventory
0x00422330,unknown,,review,unknown,ida-1.50a-initial-inventory
0x00422470,unknown,,review,unknown,ida-1.50a-initial-inventory
0x004224F0,unknown,,review,unknown,ida-1.50a-initial-inventory
0x004225B0,unknown,,review,unknown,ida-1.50a-initial-inventory
0x00422660,unknown,,review,unknown,ida-1.50a-initial-inventory
0x004227A0,unknown,,review,unknown,ida-1.50a-initial-inventory
0x004228F0,unknown,,review,unknown,ida-1.50a-initial-inventory
0x00422930,unknown,,review,unknown,ida-1.50a-initial-inventory
0x00422950,unknown,,review,unknown,ida-1.50a-initial-inventory
0x00422960,unknown,,review,unknown,ida-1.50a-initial-inventory
0x00422B70,unknown,,review,unknown,ida-1.50a-initial-inventory
0x00422BD0,unknown,,review,unknown,ida-1.50a-initial-inventory
0x00422C10,unknown,,review,unknown,ida-1.50a-initial-inventory
0x00422C50,unknown,,review,unknown,ida-1.50a-initial-inventory
0x00422CD0,unknown,,review,unknown,ida-1.50a-initial-inventory
0x00422D20,unknown,,review,unknown,ida-1.50a-initial-inventory
0x00422F17,unknown,,review,unknown,ida-1.50a-initial-inventory
0x00422F39,unknown,,review,unknown,ida-1.50a-initial-inventory
0x00422F67,unknown,,review,unknown,ida-1.50a-initial-inventory
0x00422FD1,unknown,,review,unknown,ida-1.50a-initial-inventory
0x0042304D,unknown,,review,unknown,ida-1.50a-initial-inventory
0x004230A6,unknown,,review,unknown,ida-1.50a-initial-inventory
0x004230FF,unknown,,review,unknown,ida-1.50a-initial-inventory
0x00423158,unknown,,review,unknown,ida-1.50a-initial-inventory
0x00423182,unknown,,review,unknown,ida-1.50a-initial-inventory
0x00423361,unknown,,review,unknown,ida-1.50a-initial-inventory
0x00423382,unknown,,review,unknown,ida-1.50a-initial-inventory
0x004233A3,unknown,,review,unknown,ida-1.50a-initial-inventory
0x004233F4,unknown,,review,unknown,ida-1.50a-initial-inventory
0x00423469,authored_game,AnmManager,authored,high,packet128-anm-runtime-vc71-exact-2026-09-15
0x00423498,unknown,,review,unknown,ida-1.50a-initial-inventory
0x004234A7,unknown,,review,unknown,ida-1.50a-initial-inventory
0x004234DD,unknown,,review,unknown,ida-1.50a-initial-inventory
0x004234F6,unknown,,review,unknown,ida-1.50a-initial-inventory
0x004239F6,unknown,,review,unknown,ida-1.50a-initial-inventory
0x00423D16,unknown,,review,unknown,ida-1.50a-initial-inventory
0x004244A9,unknown,,review,unknown,ida-1.50a-initial-inventory
0x0042457A,unknown,,review,unknown,ida-1.50a-initial-inventory
0x00424601,unknown,,review,unknown,ida-1.50a-initial-inventory
0x00424671,unknown,,review,unknown,ida-1.50a-initial-inventory
0x0042474A,unknown,,review,unknown,ida-1.50a-initial-inventory
0x004247F1,unknown,,review,unknown,ida-1.50a-initial-inventory
0x00424898,unknown,,review,unknown,ida-1.50a-initial-inventory
0x004249E1,unknown,,review,unknown,ida-1.50a-initial-inventory
0x00424BF7,unknown,,review,unknown,ida-1.50a-initial-inventory
0x00424D46,unknown,,review,unknown,ida-1.50a-initial-inventory
0x00424D4B,unknown,,review,unknown,ida-1.50a-initial-inventory
0x00424DFF,unknown,,review,unknown,ida-1.50a-initial-inventory
0x00424E95,unknown,,review,unknown,ida-1.50a-initial-inventory
0x00424EDD,unknown,,review,unknown,ida-1.50a-initial-inventory
0x00424FB0,unknown,,review,unknown,ida-1.50a-initial-inventory
0x0042505F,unknown,,review,unknown,ida-1.50a-initial-inventory
0x0042510E,unknown,,review,unknown,ida-1.50a-initial-inventory
0x00425163,unknown,,review,unknown,ida-1.50a-initial-inventory
0x0042520B,unknown,,review,unknown,ida-1.50a-initial-inventory
0x00425233,unknown,,review,unknown,ida-1.50a-initial-inventory
0x00425390,unknown,,review,unknown,ida-1.50a-initial-inventory
0x004254A7,unknown,,review,unknown,ida-1.50a-initial-inventory
0x00425ACB,unknown,,review,unknown,ida-1.50a-initial-inventory
0x00426334,unknown,,review,unknown,ida-1.50a-initial-inventory
0x004266B5,unknown,,review,unknown,ida-1.50a-initial-inventory
0x0042689A,unknown,,review,unknown,ida-1.50a-initial-inventory
0x00426E05,authored_game,TitleScreen,authored,high,packet126-title-music-room-source-2026-09-14
0x004276D7,unknown,,review,unknown,ida-1.50a-initial-inventory
0x004276EB,unknown,,review,unknown,ida-1.50a-initial-inventory
0x00427EE8,unknown,,review,unknown,ida-1.50a-initial-inventory
0x004289DB,authored_game,TitleScreen,authored,high,title-screen-character-select-source-nearmatch-2026-09-12
0x0042929C,authored_game,TitleScreen,authored,high,title-screen-result-name-entry-exact-2026-09-12
0x00429662,authored_game,TitleScreen,authored,high,title-screen-replay-flow-owner-corrected-2026-09-12
0x00429D83,unknown,,review,unknown,ida-1.50a-initial-inventory
0x00429E23,authored_game,TitleScreen,authored,high,title-screen-start-menu-source-nearmatch-2026-09-12
0x0042A45B,authored_game,TitleScreen,authored,high,title-screen-difficulty-select-source-nearmatch-2026-09-12
0x0042A7D1,authored_game,TitleScreen,authored,high,title-screen-mode-select-exact-2026-09-12
0x0042AB13,unknown,,review,unknown,ida-1.50a-initial-inventory
0x0042ABE0,authored_game,Chain,authored,high,chain-elem-constructor-vc71-exact-2026-09-10
0x0042AC00,authored_game,Chain,authored,high,chain-elem-destructor-vc71-exact-2026-09-10
0x0042AC30,unknown,,review,unknown,ida-1.50a-initial-inventory
0x0042AC50,compiler_generated,Chain,exclude,high,chain-elem-scalar-deleting-destructor-vc71-2026-09-10
0x0042AC80,unknown,,review,unknown,ida-1.50a-initial-inventory
0x0042ACB0,unknown,,review,unknown,ida-1.50a-initial-inventory
0x0042ACE0,unknown,,review,unknown,ida-1.50a-initial-inventory
0x0042AD70,unknown,,review,unknown,ida-1.50a-initial-inventory
0x0042ADC0,authored_game,FileSystem,authored,high,file-system-resolve-path-vc71-exact-2026-09-10
0x0042AE20,unknown,,review,unknown,ida-1.50a-initial-inventory
0x0042AE50,unknown,,review,unknown,ida-1.50a-initial-inventory
0x0042AE70,unknown,,review,unknown,ida-1.50a-initial-inventory
0x0042AEA0,unknown,,review,unknown,ida-1.50a-initial-inventory
0x0042AED0,unknown,,review,unknown,ida-1.50a-initial-inventory
0x0042AF40,unknown,,review,unknown,ida-1.50a-initial-inventory
0x0042AF80,unknown,,review,unknown,ida-1.50a-initial-inventory
0x0042B010,unknown,,review,unknown,ida-1.50a-initial-inventory
0x0042B0D0,unknown,,review,unknown,ida-1.50a-initial-inventory
0x0042B110,unknown,,review,unknown,ida-1.50a-initial-inventory
0x0042B130,authored_game,Supervisor,authored,high,supervisor-enter-critical-section-vc71-exact-2026-09-10
0x0042B160,authored_game,Supervisor,authored,high,supervisor-leave-critical-section-vc71-exact-2026-09-10
0x0042B190,unknown,,review,unknown,ida-1.50a-initial-inventory
0x0042B1E0,authored_game,Chain,authored,high,chain-add-calc-vc71-exact-2026-09-10
0x0042B270,authored_game,Chain,authored,high,chain-add-draw-vc71-exact-2026-09-10
0x0042B300,authored_game,Chain,authored,high,chain-create-elem-vc71-exact-2026-09-10
0x0042B350,authored_game,Chain,authored,high,chain-cut-impl-vc71-exact-2026-09-10
0x0042B410,unknown,,review,unknown,ida-1.50a-initial-inventory
0x0042B740,unknown,,review,unknown,ida-1.50a-initial-inventory
0x0042B850,unknown,,review,unknown,ida-1.50a-initial-inventory
0x0042BE40,unknown,,review,unknown,ida-1.50a-initial-inventory
0x0042C180,authored_game,FileSystem,authored,high,file-system-decrypt-vc71-exact-2026-09-10
0x0042C290,unknown,,review,unknown,ida-1.50a-initial-inventory
0x0042C370,authored_game,FileSystem,authored,high,file-system-encrypt-vc71-exact-2026-09-10
0x0042C480,authored_game,FileSystem,authored,high,file-system-check-exists-vc71-exact-2026-09-10
0x0042C4E0,authored_game,FileSystem,authored,high,file-system-write-data-vc71-exact-2026-09-10
0x0042C5C0,authored_game,GameErrorContext,authored,high,game-error-context-log-vc71-exact-2026-09-10
0x0042C660,authored_game,GameErrorContext,authored,high,game-error-context-fatal-vc71-exact-2026-09-10
0x0042C700,authored_game,Chain,authored,high,chain-run-calc-vc71-exact-2026-09-10
0x0042C7E0,authored_game,Chain,authored,high,chain-run-draw-vc71-exact-2026-09-10
0x0042C8C0,authored_game,Chain,authored,high,chain-cut-vc71-exact-2026-09-10
0x0042C8F0,authored_game,Controller,authored,high,controller-get-joystick-caps-vc71-exact-2026-09-10
0x0042C970,authored_game,FileSystem,authored,high,file-system-open-file-vc71-exact-2026-09-10
0x0042CAE0,unknown,,review,unknown,ida-1.50a-initial-inventory
0x0042CBE0,unknown,,review,unknown,ida-1.50a-initial-inventory
0x0042CC10,unknown,,review,unknown,ida-1.50a-initial-inventory
0x0042CC30,unknown,,review,unknown,ida-1.50a-initial-inventory
0x0042CC60,unknown,,review,unknown,ida-1.50a-initial-inventory
0x0042CC90,unknown,,review,unknown,ida-1.50a-initial-inventory
0x0042CD10,unknown,,review,unknown,ida-1.50a-initial-inventory
0x0042CD40,unknown,,review,unknown,ida-1.50a-initial-inventory
0x0042CD90,unknown,,review,unknown,ida-1.50a-initial-inventory
0x0042D0C0,unknown,,review,unknown,ida-1.50a-initial-inventory
0x0042D140,unknown,,review,unknown,ida-1.50a-initial-inventory
0x0042D230,authored_game,GameErrorContext,authored,high,game-error-context-vc71-exact-2026-09-10
0x0042D240,authored_game,GameErrorContext,authored,high,game-error-context-vc71-exact-2026-09-10
0x0042D2B0,unknown,,review,unknown,ida-1.50a-initial-inventory
0x0042D2C0,unknown,,review,unknown,ida-1.50a-initial-inventory
0x0042D2D0,unknown,,review,unknown,ida-1.50a-initial-inventory
0x0042D2E0,unknown,,review,unknown,ida-1.50a-initial-inventory
0x0042D2F0,unknown,,review,unknown,ida-1.50a-initial-inventory
0x0042D320,unknown,,review,unknown,ida-1.50a-initial-inventory
0x0042D3D0,unknown,,review,unknown,ida-1.50a-initial-inventory
0x0042D4D0,unknown,,review,unknown,ida-1.50a-initial-inventory
0x0042D5F0,unknown,,review,unknown,ida-1.50a-initial-inventory
0x0042D900,unknown,,review,unknown,ida-1.50a-initial-inventory
0x0042DA90,unknown,,review,unknown,ida-1.50a-initial-inventory
0x0042DB50,unknown,,review,unknown,ida-1.50a-initial-inventory
0x0042DC40,unknown,,review,unknown,ida-1.50a-initial-inventory
0x0042DD90,unknown,,review,unknown,ida-1.50a-initial-inventory
0x0042E3B0,unknown,,review,unknown,ida-1.50a-initial-inventory
0x0042E900,unknown,,review,unknown,ida-1.50a-initial-inventory
0x0042E910,unknown,,review,unknown,ida-1.50a-initial-inventory
0x0042E920,unknown,,review,unknown,ida-1.50a-initial-inventory
0x0042E980,unknown,,review,unknown,ida-1.50a-initial-inventory
0x0042E9A0,unknown,,review,unknown,ida-1.50a-initial-inventory
0x0042E9B0,unknown,,review,unknown,ida-1.50a-initial-inventory
0x0042E9C0,unknown,,review,unknown,ida-1.50a-initial-inventory
0x0042E9E0,unknown,,review,unknown,ida-1.50a-initial-inventory
0x0042EAC0,unknown,,review,unknown,ida-1.50a-initial-inventory
0x0042EB80,unknown,,review,unknown,ida-1.50a-initial-inventory
0x0042EC00,unknown,,review,unknown,ida-1.50a-initial-inventory
0x0042EC30,unknown,,review,unknown,ida-1.50a-initial-inventory
0x0042ECF0,unknown,,review,unknown,ida-1.50a-initial-inventory
0x0042ED30,unknown,,review,unknown,ida-1.50a-initial-inventory
0x0042ED40,authored_game,Supervisor,authored,high,packet108-supervisor-is-music-preloaded-vc71-exact-2026-09-13
0x0042ED50,unknown,,review,unknown,ida-1.50a-initial-inventory
0x0042ED60,unknown,,review,unknown,ida-1.50a-initial-inventory
0x0042ED70,unknown,,review,unknown,ida-1.50a-initial-inventory
0x0042ED80,authored_game,Supervisor,authored,high,supervisor-draw-loading-vc71-exact-2026-09-11
0x0042EDD0,authored_game,Supervisor,authored,high,supervisor-enum-controllers-vc71-exact-2026-09-11
0x0042EE30,authored_game,Supervisor,authored,high,supervisor-enum-objects0-exact-2026-09-11
0x0042EE90,authored_game,Supervisor,authored,high,supervisor-enum-objects1-exact-2026-09-11
0x0042EEF0,authored_game,Supervisor,authored,high,supervisor-setup-dinput-vc71-exact-2026-09-11
0x0042F100,authored_game,Supervisor,authored,high,supervisor-version-data-load-vc71-exact-2026-09-12
0x0042F1A0,authored_game,Supervisor,authored,high,supervisor-check-fps-vc71-exact-2026-09-11
0x0042F3B0,unknown,,review,unknown,ida-1.50a-initial-inventory
0x0042F3D0,unknown,,review,unknown,ida-1.50a-initial-inventory
0x0042F3F0,unknown,,review,unknown,ida-1.50a-initial-inventory
0x0042F400,unknown,,review,unknown,ida-1.50a-initial-inventory
0x0042F420,unknown,,review,unknown,ida-1.50a-initial-inventory
0x0042F490,unknown,,review,unknown,ida-1.50a-initial-inventory
0x0042F4F0,authored_game,Supervisor,authored,high,supervisor-tick-timer-origin-2026-09-11
0x0042F540,authored_game,Supervisor,authored,high,supervisor-take-snapshot-vc71-exact-2026-09-11
0x0042F760,unknown,AnmManager,review,high,anm-manager-owner-callsite-2026-09-11
0x0042F770,unknown,AnmManager,review,high,anm-manager-owner-callsite-2026-09-11
0x0042F7C0,authored_game,Supervisor,authored,high,supervisor-load-config-vc71-exact-2026-09-11
0x0042FBE0,authored_game,SoundPlayer,authored,high,packet122-soundplayer-update-fades-vc71-exact-2026-09-14
0x0042FC20,authored_game,Supervisor,authored,high,packet110-supervisor-load-music-vc71-exact-2026-09-13
0x0042FCF0,authored_game,Supervisor,authored,high,packet110-supervisor-start-loaded-music-vc71-exact-2026-09-13
0x0042FD30,authored_game,Supervisor,authored,high,packet109-supervisor-stop-audio-vc71-exact-2026-09-13
0x0042FD90,authored_game,Supervisor,authored,high,packet110-supervisor-release-music-vc71-exact-2026-09-13
0x0042FE20,authored_game,Supervisor,authored,high,packet109-supervisor-fade-out-music-vc71-exact-2026-09-13
0x0042FEC0,unknown,,review,unknown,ida-1.50a-initial-inventory
0x0042FF00,authored_game,Supervisor,authored,high,packet97-reusable-render-helpers-vc71-exact-2026-09-13
0x0042FF40,authored_game,Supervisor,authored,high,packet97-reusable-render-helpers-vc71-exact-2026-09-13
0x0042FF70,authored_game,Supervisor,authored,high,supervisor-timekeeping-vc71-exact-2026-09-12
0x00430060,authored_game,Supervisor,authored,high,supervisor-timekeeping-vc71-exact-2026-09-12
0x00430150,authored_game,Supervisor,authored,high,supervisor-check-version-vc71-exact-2026-09-12
0x00430220,authored_game,AsciiManager,authored,high,packet97-reusable-render-helpers-vc71-exact-2026-09-13
0x00430230,unknown,,review,unknown,ida-1.50a-initial-inventory
0x004302A0,unknown,,review,unknown,ida-1.50a-initial-inventory
0x004302B0,unknown,,review,unknown,ida-1.50a-initial-inventory
0x00430360,unknown,,review,unknown,ida-1.50a-initial-inventory
0x004303C0,unknown,,review,unknown,ida-1.50a-initial-inventory
0x004304A0,unknown,,review,unknown,ida-1.50a-initial-inventory
0x00430500,unknown,,review,unknown,ida-1.50a-initial-inventory
0x00430530,unknown,,review,unknown,ida-1.50a-initial-inventory
0x00430560,unknown,,review,unknown,ida-1.50a-initial-inventory
0x00430590,authored_game,Supervisor,authored,high,packet106-camera-viewport-vc71-exact-2026-09-13
0x004306B0,authored_game,Supervisor,authored,high,packet106-camera-viewport-vc71-exact-2026-09-13
0x004307C0,authored_game,Supervisor,authored,high,packet107-supervisor-initialize-viewports-vc71-exact-2026-09-13
0x00430AA0,authored_game,SupervisorNetwork,authored,high,packet124-supervisor-network-service-source-present-2026-09-14
0x00431110,authored_game,Supervisor,authored,high,supervisor-onupdate-source-improved-codegen-blocked-2026-09-11
0x00431500,authored_game,Supervisor,authored,high,supervisor-constructor-source-codegen-blocked-2026-09-11
0x00431540,authored_game,Supervisor,authored,high,supervisor-draw-main-vc71-exact-2026-09-11
0x00431680,unknown,,review,unknown,ida-1.50a-initial-inventory
0x004316B0,authored_game,Supervisor,authored,high,supervisor-calculate-fps-vc71-exact-2026-09-11
0x00431930,authored_game,Supervisor,authored,high,packet108-supervisor-play-music-vc71-exact-2026-09-13
0x00431A30,authored_game,Supervisor,authored,high,packet108-supervisor-play-audio-vc71-exact-2026-09-13
0x00431AE0,unknown,,review,unknown,ida-1.50a-initial-inventory
0x00431B30,authored_game,Supervisor,authored,high,supervisor-draw-fps-vc71-exact-2026-09-11
0x00431B70,authored_game,Supervisor,authored,high,supervisor-deleted-callback-vc71-exact-2026-09-11
0x00431D10,authored_game,Supervisor,authored,high,supervisor-startup-thread-vc71-exact-2026-09-11
0x00432090,authored_game,Supervisor,authored,high,supervisor-added-callback-vc71-exact-2026-09-11
0x00432180,authored_game,Supervisor,authored,high,supervisor-chain-registration-vc71-exact-2026-09-11
0x00432240,unknown,,review,unknown,ida-1.50a-initial-inventory
0x00432340,unknown,,review,unknown,ida-1.50a-initial-inventory
0x004323B0,unknown,,review,unknown,ida-1.50a-initial-inventory
0x00432410,unknown,,review,unknown,ida-1.50a-initial-inventory
0x004324C0,unknown,,review,unknown,ida-1.50a-initial-inventory
0x00432770,unknown,,review,unknown,ida-1.50a-initial-inventory
0x00432840,unknown,,review,unknown,ida-1.50a-initial-inventory
0x004328F0,unknown,,review,unknown,ida-1.50a-initial-inventory
0x00432A10,unknown,,review,unknown,ida-1.50a-initial-inventory
0x00432AC0,unknown,,review,unknown,ida-1.50a-initial-inventory
0x00432B70,unknown,,review,unknown,ida-1.50a-initial-inventory
0x00432EA0,unknown,,review,unknown,ida-1.50a-initial-inventory
0x00432EB0,unknown,,review,unknown,ida-1.50a-initial-inventory
0x00432F70,unknown,,review,unknown,ida-1.50a-initial-inventory
0x00433040,unknown,,review,unknown,ida-1.50a-initial-inventory
0x00433050,authored_game,PbgArchive,authored,high,pbg-archive-find-entry-vc71-exact-2026-09-10
0x004330A0,authored_game,PbgArchive,authored,high,pbg-archive-copy-filename-vc71-exact-2026-09-12
0x004330E0,authored_game,PbgFile,authored,high,pbg-file-read-int-vc71-exact-2026-09-12
0x00433100,authored_game,PbgArchive,authored,high,pbg-archive-seek-past-int-vc71-exact-2026-09-12
0x00433110,authored_game,PbgArchive,authored,high,pbg-archive-seek-past-string-vc71-exact-2026-09-12
0x00433130,unknown,,review,high,packet117-shared-folded-constructor-ownership-2026-09-13
0x00433140,authored_game,PbgArchive,authored,high,pbg-archive-entry-destructor-vc71-exact-2026-09-12
0x00433160,compiler_generated,PbgArchive,exclude,high,pbg-archive-entry-vector-deleting-destructor-vc71-2026-09-12
0x004331C0,authored_game,PbgArchive,authored,high,pbg-archive-read-decompress-entry-vc71-exact-2026-09-10
0x00433290,authored_game,PbgArchive,authored,high,pbg-archive-get-entry-size-vc71-exact-2026-09-10
0x004332B0,authored_game,PbgArchive,authored,high,pbg-archive-alloc-entries-vc71-exact-2026-09-12
0x004333B0,authored_game,PbgArchive,authored,high,pbg-archive-release-vc71-exact-2026-09-12
0x004333F0,authored_game,PbgArchive,authored,high,pbg-archive-parse-header-vc71-exact-2026-09-12
0x004335D0,unknown,,review,unknown,ida-1.50a-initial-inventory
0x004335E0,authored_game,PbgArchive,authored,high,pbg-archive-load-vc71-exact-2026-09-12
0x004336A0,authored_game,PbgFile,authored,high,pbg-file-close-vc71-exact-2026-09-12
0x004336D0,authored_game,PbgFile,authored,high,pbg-file-read-vc71-exact-2026-09-12
0x00433710,authored_game,PbgFile,authored,high,pbg-file-write-vc71-exact-2026-09-12
0x00433760,authored_game,PbgFile,authored,high,pbg-file-tell-vc71-exact-2026-09-12
0x00433780,authored_game,PbgFile,authored,high,pbg-file-get-size-vc71-exact-2026-09-12
0x004337A0,authored_game,PbgFile,authored,high,pbg-file-seek-vc71-exact-2026-09-12
0x004337D0,authored_game,PbgFile,authored,high,pbg-file-read-whole-file-vc71-exact-2026-09-12
0x00433870,authored_game,PbgFile,authored,high,pbg-file-get-full-file-path-vc71-exact-2026-09-12
0x004338F0,authored_game,PbgFile,authored,high,pbg-file-backend-constructor-vc71-exact-2026-09-12
0x00433900,authored_game,PbgFile,authored,high,pbg-file-backend-destructor-vc71-exact-2026-09-12
0x00433910,compiler_generated,PbgFile,exclude,high,pbg-file-backend-scalar-deleting-destructor-vc71-2026-09-12
0x00433940,authored_game,PbgFile,authored,high,pbg-file-constructor-vc71-exact-2026-09-12
0x00433960,authored_game,PbgFile,authored,high,pbg-file-destructor-vc71-exact-2026-09-12
0x00433980,authored_game,PbgFile,authored,high,pbg-file-open-vc71-exact-2026-09-12
0x00433A70,compiler_generated,PbgFile,exclude,high,pbg-file-scalar-deleting-destructor-vc71-2026-09-12
0x00433AA0,third_party,Lzss,exclude,high,data-compression-book-lzss-provenance-2026-09-12
0x00433C80,third_party,Lzss,exclude,high,data-compression-book-lzss-provenance-2026-09-12
0x00433CB0,third_party,Lzss,exclude,high,data-compression-book-lzss-provenance-2026-09-12
0x00433CE0,third_party,Lzss,exclude,high,data-compression-book-lzss-provenance-2026-09-12
0x00433D40,third_party,Lzss,exclude,high,data-compression-book-lzss-provenance-2026-09-12
0x00433DC0,third_party,Lzss,exclude,high,data-compression-book-lzss-provenance-2026-09-12
0x00433E00,third_party,Lzss,exclude,high,data-compression-book-lzss-provenance-2026-09-12
0x00433FC0,third_party,Lzss,exclude,high,data-compression-book-lzss-provenance-2026-09-12
0x00434020,third_party,Lzss,exclude,high,data-compression-book-lzss-provenance-2026-09-12
0x00434260,authored_game,AsciiManager,authored,high,ascii-manager-deleted-callback-vc71-exact-2026-09-10
0x00434280,authored_game,AsciiManager,authored,high,ascii-manager-cut-chain-vc71-exact-2026-09-10
0x004342A0,authored_game,AsciiManager,authored,high,ascii-manager-add-string-vc71-exact-2026-09-10
0x00434330,authored_game,AsciiManager,authored,high,ascii-manager-add-format-text-vc71-exact-2026-09-10
0x00434370,authored_game,AnmManager,authored,high,anm-vm-is-visible-vc71-exact-2026-09-12
0x00434380,authored_game,AnmManager,authored,high,anm-vm-set-invisible-vc71-exact-2026-09-12
0x00434390,authored_game,AnmManager,authored,high,packet97-reusable-render-helpers-vc71-exact-2026-09-13
0x004343B0,unknown,,review,unknown,ida-1.50a-initial-inventory
0x004343C0,authored_game,AsciiManager,authored,high,ascii-manager-set-space-width-vc71-exact-2026-09-10
0x004343D0,unknown,,review,unknown,ida-1.50a-initial-inventory
0x004343E0,authored_game,AsciiManager,authored,high,ascii-manager-reset-vc71-exact-2026-09-10
0x004344E0,authored_game,AsciiManager,authored,high,ascii-manager-added-callback-vc71-exact-2026-09-10
0x00434540,authored_game,AsciiManager,authored,high,ascii-manager-draw-strings-vc71-exact-2026-09-10
0x004346A0,authored_game,AsciiManager,authored,high,ascii-manager-create-score-popup-vc71-exact-2026-09-11
0x00434740,authored_game,AsciiManager,authored,high,packet93-pause-menu-owner-2026-09-12
0x00434E30,authored_game,AsciiManager,authored,high,packet97-reusable-render-helpers-vc71-exact-2026-09-13
0x00434E90,authored_game,AsciiManager,authored,high,packet94-ascii-menu-state5-owner-2026-09-13
0x00435370,authored_game,AsciiManager,authored,high,packet95-ascii-draw-registration-vc71-exact-2026-09-13
0x004353F0,authored_game,AsciiManager,authored,high,packet96-ascii-popup-renderer-vc71-exact-2026-09-13
0x004355F0,authored_game,AsciiManager,authored,high,ascii-menu-state4-vc71-exact-2026-09-13
0x00435A90,authored_game,AsciiManager,authored,high,packet95-ascii-draw-registration-vc71-exact-2026-09-13
0x00435AF0,unknown,,review,unknown,ida-1.50a-initial-inventory
0x00435B00,authored_game,AsciiManager,authored,high,packet93-ascii-manager-update-owner-2026-09-12
0x00435C00,authored_game,AsciiManager,authored,high,packet95-ascii-draw-registration-vc71-exact-2026-09-13
0x00435C60,authored_game,AsciiManager,authored,high,packet95-ascii-draw-registration-vc71-exact-2026-09-13
0x00435CA0,authored_game,AsciiManager,authored,high,packet95-ascii-draw-registration-vc71-exact-2026-09-13
0x00435D40,unknown,,review,unknown,ida-1.50a-initial-inventory
0x00435D70,unknown,,review,unknown,ida-1.50a-initial-inventory
0x00435DA0,unknown,,review,unknown,ida-1.50a-initial-inventory
0x00435EB0,unknown,,review,unknown,ida-1.50a-initial-inventory
0x00435EC0,unknown,,review,unknown,ida-1.50a-initial-inventory
0x00435ED0,unknown,,review,unknown,ida-1.50a-initial-inventory
0x00435EE0,unknown,,review,unknown,ida-1.50a-initial-inventory
0x00435EF0,unknown,,review,unknown,ida-1.50a-initial-inventory
0x00435F00,unknown,,review,unknown,ida-1.50a-initial-inventory
0x00435F10,unknown,,review,unknown,ida-1.50a-initial-inventory
0x00435F20,unknown,,review,unknown,ida-1.50a-initial-inventory
0x00435F40,unknown,,review,unknown,ida-1.50a-initial-inventory
0x00435F90,unknown,,review,unknown,ida-1.50a-initial-inventory
0x00435FE0,unknown,,review,unknown,ida-1.50a-initial-inventory
0x004361C0,unknown,,review,unknown,ida-1.50a-initial-inventory
0x004362C0,unknown,,review,unknown,ida-1.50a-initial-inventory
0x004362E0,unknown,,review,unknown,ida-1.50a-initial-inventory
0x00436300,unknown,,review,unknown,ida-1.50a-initial-inventory
0x00436310,unknown,,review,unknown,ida-1.50a-initial-inventory
0x00436450,unknown,,review,unknown,ida-1.50a-initial-inventory
0x004364C0,unknown,,review,unknown,ida-1.50a-initial-inventory
0x004367B0,unknown,,review,unknown,ida-1.50a-initial-inventory
0x00436AA0,unknown,,review,unknown,ida-1.50a-initial-inventory
0x00436AB0,unknown,,review,unknown,ida-1.50a-initial-inventory
0x00436AC0,unknown,,review,unknown,ida-1.50a-initial-inventory
0x00436B80,authored_game,AnmManager,authored,high,packet127-anm-operand-helper-vc71-exact-2026-09-14
0x00436C40,authored_game,AnmManager,authored,high,packet127-anm-operand-helper-vc71-exact-2026-09-14
0x00436CD0,authored_game,AnmManager,authored,high,packet127-anm-operand-helper-vc71-exact-2026-09-14
0x00436D70,authored_game,AnmManager,authored,high,packet128-anm-runtime-vc71-exact-2026-09-15
0x00436DE0,authored_game,AnmManager,authored,high,packet128-anm-runtime-vc71-exact-2026-09-15
0x00436E30,authored_game,AnmManager,authored,high,packet127-anm-operand-helper-vc71-exact-2026-09-14
0x00436F30,authored_game,AnmManager,authored,high,packet127-anm-execute-source-nonexact-2026-09-14
0x00439560,authored_game,AnmManager,authored,high,packet128-anm-runtime-vc71-exact-2026-09-15
0x004395A0,authored_game,AnmManager,authored,high,packet128-anm-runtime-vc71-exact-2026-09-15
0x00439630,authored_game,AnmManager,authored,high,packet128-anm-runtime-vc71-exact-2026-09-15
0x00439680,unknown,,review,unknown,ida-1.50a-initial-inventory
0x004396A0,authored_game,AnmManager,authored,high,packet98-render-primitives-vc71-exact-2026-09-13
0x00439730,authored_game,AnmManager,authored,high,packet99-anm-render-core-vc71-exact-2026-09-13
0x004397E0,authored_game,AnmManager,authored,high,packet101-anm-draw-geometry-vc71-2026-09-13
0x00439820,authored_game,AnmManager,authored,high,packet129-anm-projection-camera-nonexact-2026-09-15
0x00439A90,authored_game,AnmManager,authored,high,packet129-anm-project3d-canonical-exact-2026-09-15
0x00439CF0,unknown,,review,unknown,ida-1.50a-initial-inventory
0x00439DC0,unknown,,review,unknown,ida-1.50a-initial-inventory
0x00439E90,authored_game,AnmManager,authored,high,packet105-anm-render-state-3d-source-2026-09-13
0x0043A030,authored_game,AnmManager,authored,high,packet100-anm-render-state-and-flipped-core-2026-09-13
0x0043A0F0,authored_game,AnmManager,authored,high,packet99-anm-render-core-source-present-2026-09-13
0x0043A520,authored_game,AnmManager,authored,high,packet100-anm-render-state-and-flipped-core-2026-09-13
0x0043A950,authored_game,AnmManager,authored,high,packet98-render-primitives-vc71-exact-2026-09-13
0x0043AA50,authored_game,AnmManager,authored,high,packet101-anm-draw-geometry-vc71-2026-09-13
0x0043AB50,authored_game,AnmManager,authored,high,packet101-anm-draw-geometry-vc71-2026-09-13
0x0043AD40,authored_game,AnmManager,authored,high,packet102-anm-draw-rotated-axis-aligned-2026-09-13
0x0043AFE0,authored_game,AnmManager,authored,high,packet103-anm-remaining-draw-modes-2026-09-13
0x0043B0E0,authored_game,AnmManager,authored,high,packet103-anm-remaining-draw-modes-2026-09-13
0x0043B140,authored_game,AnmManager,authored,high,packet103-anm-remaining-draw-modes-2026-09-13
0x0043B1A0,authored_game,AnmManager,authored,high,packet104-anm-draw3d-source-2026-09-13
0x0043B4D0,authored_game,AnmManager,authored,high,packet132-anm-primitive-draw-2026-09-15
0x0043B5C0,authored_game,AnmManager,authored,high,packet132-anm-primitive-draw-2026-09-15
0x0043B670,authored_game,AnmManager,authored,high,packet132-anm-primitive-draw-2026-09-15
0x0043B7B0,authored_game,AnmManager,authored,high,packet132-anm-primitive-draw-2026-09-15
0x0043B8F0,authored_game,AnmManager,authored,high,packet132-anm-primitive-draw-2026-09-15
0x0043B9C0,authored_game,AnmManager,authored,high,packet132-anm-primitive-draw-2026-09-15
0x0043BBA0,authored_game,AnmManager,authored,high,packet130-anm-loader-lifecycle-2026-09-15
0x0043BBE0,authored_game,AnmManager,authored,high,packet130-anm-loader-lifecycle-2026-09-15
0x0043BC80,authored_game,AnmManager,authored,high,packet130-anm-loader-lifecycle-2026-09-15
0x0043BCB0,authored_game,AnmManager,authored,high,packet130-anm-loader-lifecycle-2026-09-15
0x0043BD40,authored_game,AnmManager,authored,high,packet131-anm-text-surface-2026-09-15
0x0043BDC0,authored_game,AnmManager,authored,high,packet131-anm-text-surface-2026-09-15
0x0043BE50,authored_game,AnmManager,authored,high,packet131-anm-text-surface-2026-09-15
0x0043BF30,authored_game,AnmManager,authored,high,packet131-anm-text-surface-2026-09-15
0x0043BFA0,authored_game,AnmManager,authored,high,packet131-anm-text-surface-2026-09-15
0x0043C0D0,authored_game,AnmManager,authored,high,packet131-anm-text-surface-2026-09-15
0x0043C200,authored_game,AnmManager,authored,high,packet131-anm-text-surface-2026-09-15
0x0043C2D0,authored_game,AnmManager,authored,high,packet131-anm-text-surface-2026-09-15
0x0043C430,authored_game,AnmManager,authored,high,packet130-anm-loader-lifecycle-2026-09-15
0x0043C470,authored_game,AnmManager,authored,high,packet130-anm-loader-lifecycle-2026-09-15
0x0043C4C0,authored_game,AnmManager,authored,high,packet130-anm-loader-lifecycle-2026-09-15
0x0043C610,authored_game,AnmManager,authored,high,packet130-anm-loader-lifecycle-2026-09-15
0x0043C7A0,authored_game,AnmManager,authored,high,packet130-anm-loader-lifecycle-2026-09-15
0x0043C800,authored_game,AnmManager,authored,high,packet130-anm-loader-lifecycle-2026-09-15
0x0043CA30,authored_game,AnmManager,authored,high,packet130-anm-loader-lifecycle-2026-09-15
0x0043CAE0,unknown,,review,unknown,ida-1.50a-initial-inventory
0x0043CCD0,unknown,,review,unknown,ida-1.50a-initial-inventory
0x0043CD40,authored_game,AnmManager,authored,high,packet130-anm-loader-lifecycle-2026-09-15
0x0043CDD0,authored_game,AnmManager,authored,high,packet130-anm-loader-lifecycle-2026-09-15
0x0043CE30,authored_game,AnmManager,authored,high,packet130-anm-loader-lifecycle-2026-09-15
0x0043CF90,authored_game,AnmManager,authored,high,packet130-anm-loader-lifecycle-2026-09-15
0x0043CFD0,authored_game,Midi,authored,high,packet125-midi-module-vc71-gxminus-2026-09-14
0x0043CFE0,authored_game,Midi,authored,high,packet125-midi-module-vc71-gxminus-2026-09-14
0x0043D010,authored_game,Midi,authored,high,packet125-midi-module-vc71-gxminus-2026-09-14
0x0043D060,authored_game,Midi,authored,high,packet125-midi-module-vc71-gxminus-2026-09-14
0x0043D0A0,authored_game,Midi,authored,high,packet125-midi-module-vc71-gxminus-2026-09-14
0x0043D0C0,authored_game,Midi,authored,high,packet125-midi-module-vc71-gxminus-2026-09-14
0x0043D0F0,authored_game,Midi,authored,high,packet125-midi-module-vc71-gxminus-2026-09-14
0x0043D100,authored_game,Midi,authored,high,packet125-midi-module-vc71-gxminus-2026-09-14
0x0043D120,authored_game,Midi,authored,high,packet125-midi-module-vc71-gxminus-2026-09-14
0x0043D150,authored_game,Midi,authored,high,packet125-midi-module-vc71-gxminus-2026-09-14
0x0043D170,authored_game,Midi,authored,high,packet125-midi-module-vc71-gxminus-2026-09-14
0x0043D1E0,authored_game,Midi,authored,high,packet125-midi-module-vc71-gxminus-2026-09-14
0x0043D210,authored_game,Midi,authored,high,packet125-midi-module-vc71-gxminus-2026-09-14
0x0043D2A0,authored_game,Midi,authored,high,packet125-midi-module-vc71-gxminus-2026-09-14
0x0043D2B0,unknown,,review,unknown,ida-1.50a-initial-inventory
0x0043D2C0,authored_game,Midi,authored,high,packet125-midi-module-vc71-gxminus-2026-09-14
0x0043D2D0,authored_game,Midi,authored,high,packet125-midi-module-vc71-gxminus-2026-09-14
0x0043D320,authored_game,Midi,authored,high,packet125-midi-module-vc71-gxminus-2026-09-14
0x0043D340,authored_game,Midi,authored,high,packet125-midi-module-vc71-gxminus-2026-09-14
0x0043D3A0,authored_game,Midi,authored,high,packet125-midi-module-vc71-gxminus-2026-09-14
0x0043D550,authored_game,Midi,authored,high,packet125-midi-module-vc71-gxminus-2026-09-14
0x0043D580,authored_game,Midi,authored,high,packet125-midi-module-vc71-gxminus-2026-09-14
0x0043D5E0,authored_game,Midi,authored,high,packet125-midi-module-vc71-gxminus-2026-09-14
0x0043D750,authored_game,Midi,authored,high,packet125-midi-module-vc71-gxminus-2026-09-14
0x0043D790,authored_game,Midi,authored,high,packet125-midi-module-vc71-gxminus-2026-09-14
0x0043D7F0,authored_game,Midi,authored,high,packet125-midi-processmsg-vc71-gxminus-2026-09-14
0x0043DE20,authored_game,Midi,authored,high,packet125-midi-module-vc71-gxminus-2026-09-14
0x0043DE30,authored_game,Midi,authored,high,packet125-midi-module-vc71-gxminus-2026-09-14
0x0043DE90,authored_game,Midi,authored,high,packet125-midi-module-vc71-gxminus-2026-09-14
0x0043E090,authored_game,Midi,authored,high,packet125-midi-module-vc71-gxminus-2026-09-14
0x0043E0D0,authored_game,Midi,authored,high,packet125-midi-module-vc71-gxminus-2026-09-14
0x0043E130,authored_game,Midi,authored,high,packet125-midi-module-vc71-gxminus-2026-09-14
0x0043E170,compiler_generated,SoundPlayer,exclude,high,packet116-soundmanager-scalar-deleting-destructor-vc71-2026-09-13
0x0043E1A0,authored_game,SoundPlayer,authored,high,packet115-soundplayer-wav-helper-vc71-exact-2026-09-13
0x0043E1F0,authored_game,SoundPlayer,authored,high,packet113-soundplayer-get-fmt-index-vc71-exact-2026-09-13
0x0043E2C0,unknown,,review,unknown,ida-1.50a-initial-inventory
0x0043E2F0,unknown,,review,unknown,ida-1.50a-initial-inventory
0x0043E380,unknown,,review,unknown,ida-1.50a-initial-inventory
0x0043E420,authored_game,SoundManager,authored,high,packet123-zun-audio-accessors-vc71-exact-2026-09-14
0x0043E430,authored_game,SoundManager,authored,high,packet123-zun-audio-accessors-vc71-exact-2026-09-14
0x0043E440,authored_game,SoundManager,authored,high,packet123-zun-streaming-fade-vc71-exact-2026-09-14
0x0043E4A0,authored_game,SoundPlayer,authored,high,packet113-soundplayer-free-preload-vc71-exact-2026-09-13
0x0043E4E0,authored_game,SoundPlayer,authored,high,packet123-soundplayer-fade-vc71-exact-2026-09-14
0x0043E500,authored_game,SoundPlayer,authored,high,packet116-soundplayer-initialize-dsound-vc71-exact-2026-09-13
0x0043E770,authored_game,SoundPlayer,authored,high,packet115-soundplayer-load-sound-vc71-exact-2026-09-13
0x0043E9E0,authored_game,SoundPlayer,authored,high,packet113-soundplayer-reopen-bgm-vc71-exact-2026-09-13
0x0043EA30,authored_game,SoundPlayer,authored,high,packet112-soundplayer-preload-bgm-vc71-exact-2026-09-13
0x0043EBC0,authored_game,SoundPlayer,authored,high,packet112-soundplayer-stop-bgm-vc71-exact-2026-09-13
0x0043EC80,authored_game,SoundPlayer,authored,high,packet114-soundplayer-init-buffers-vc71-exact-2026-09-13
0x0043ED80,authored_game,SoundPlayer,authored,high,packet113-soundplayer-bgm-thread-vc71-exact-2026-09-13
0x0043EE40,authored_game,SoundPlayer,authored,high,packet112-soundplayer-queue-command-vc71-exact-2026-09-13
0x0043EEB0,authored_game,SoundPlayer,authored,high,packet114-soundplayer-release-source-present-2026-09-13
0x0043EFA0,authored_game,SoundPlayer,authored,high,packet114-soundplayer-start-bgm-vc71-exact-2026-09-13
0x0043F0A0,authored_game,SoundPlayer,authored,high,packet112-soundplayer-load-bgm-vc71-exact-2026-09-13
0x0043F1F0,authored_game,SoundPlayer,authored,high,packet111-soundplayer-processqueues-source-present-2026-09-13
0x0043F7A0,third_party,SoundManager,exclude,high,microsoft-dx8-dsutil-soundmanager-provenance-2026-09-13
0x0043F7C0,third_party,SoundManager,exclude,high,microsoft-dx8-dsutil-soundmanager-provenance-2026-09-13
0x0043F890,authored_game,SoundManager,authored,high,packet122-zun-streaming-control-vc71-exact-2026-09-14
0x0043F9F0,third_party,SoundManager,exclude,high,microsoft-dx8-dsutil-restore-buffer-provenance-2026-09-14
0x0043FA70,third_party,SoundManager,exclude,high,microsoft-dx8-dsutil-get-free-buffer-provenance-2026-09-14
0x0043FAF0,third_party,SoundManager,exclude,high,microsoft-dx8-dsutil-get-buffer-provenance-2026-09-14
0x0043FB10,authored_game,SoundManager,authored,high,packet121-zun-sound-set-volume-vc71-exact-2026-09-14
0x0043FB80,authored_game,SoundManager,authored,high,packet122-zun-sound-control-vc71-exact-2026-09-14
0x0043FBE0,authored_game,SoundManager,authored,high,packet122-zun-sound-control-vc71-exact-2026-09-14
0x0043FC10,authored_game,SoundManager,authored,high,packet122-zun-sound-control-vc71-exact-2026-09-14
0x0043FC50,third_party,SoundManager,exclude,high,microsoft-dx8-dsutil-sound-reset-provenance-2026-09-14
0x0043FC90,authored_game,SoundManager,authored,high,packet122-zun-streaming-fades-vc71-exact-2026-09-14
0x0043FCE0,authored_game,SoundManager,authored,high,packet122-zun-streaming-fades-vc71-exact-2026-09-14
0x0043FD20,authored_game,SoundManager,authored,high,packet122-zun-streaming-fades-vc71-exact-2026-09-14
0x0043FD60,authored_game,SoundManager,authored,high,packet122-zun-streaming-fades-vc71-exact-2026-09-14
0x0043FDA0,authored_game,SoundManager,authored,high,packet118-zun-wave-streaming-vc71-exact-2026-09-13
0x0043FDC0,authored_game,SoundManager,authored,high,packet118-zun-wave-streaming-vc71-exact-2026-09-13
0x0043FE00,third_party,SoundManager,exclude,high,microsoft-dx8-dsutil-wave-get-size-provenance-2026-09-14
0x0043FE10,authored_game,SoundManager,authored,high,packet119-zun-wave-lifecycle-vc71-exact-2026-09-13
0x0043FEF0,authored_game,SoundManager,authored,high,packet121-zun-wave-read-vc71-exact-2026-09-14
0x0043FFD0,authored_game,SoundManager,authored,high,packet119-zun-wave-lifecycle-vc71-exact-2026-09-13
0x00440000,third_party,SoundManager,exclude,high,microsoft-dx8-dsutil-soundmanager-provenance-2026-09-13
0x00440060,authored_game,SoundManager,authored,high,packet120-zun-fill-buffer-vc71-exact-2026-09-14
0x004401D0,authored_game,SoundManager,authored,high,packet121-zun-sound-play-vc71-exact-2026-09-14
0x00440270,authored_game,SoundManager,authored,high,packet120-zun-stream-notification-source-nonexact-2026-09-14
0x004404D0,third_party,SoundManager,exclude,high,microsoft-dx8-dsutil-streaming-reset-provenance-2026-09-14
0x00440550,third_party,SoundManager,exclude,high,microsoft-dx8-dsutil-wave-destructor-provenance-2026-09-13
0x00440560,authored_game,SoundManager,authored,high,packet118-zun-wave-streaming-vc71-exact-2026-09-13
0x004405E0,authored_game,SoundManager,authored,high,packet119-zun-wave-lifecycle-vc71-exact-2026-09-13
0x00440620,compiler_generated,SoundManager,exclude,high,packet119-wave-scalar-deleting-destructor-vc71-2026-09-13
0x00440650,authored_game,SoundManager,authored,high,packet119-zun-sound-constructor-vc71-exact-2026-09-13
0x004406E0,third_party,SoundManager,exclude,high,microsoft-dx8-dsutil-sound-destructor-provenance-2026-09-13
0x00440750,third_party,SoundManager,exclude,high,microsoft-dx8-dsutil-streaming-constructor-provenance-2026-09-13
0x00440790,third_party,SoundManager,exclude,high,microsoft-dx8-dsutil-streaming-destructor-provenance-2026-09-13
0x004407A0,authored_game,SoundManager,authored,high,packet118-zun-wave-streaming-vc71-exact-2026-09-13
0x004409F0,authored_game,SoundManager,authored,high,packet118-zun-wave-streaming-vc71-exact-2026-09-13
0x00440C20,unknown,,review,unknown,ida-1.50a-initial-inventory
0x00440C50,unknown,,review,unknown,ida-1.50a-initial-inventory
0x00440C80,unknown,,review,unknown,ida-1.50a-initial-inventory
0x00440CB0,unknown,,review,unknown,ida-1.50a-initial-inventory
0x00440CC0,unknown,,review,unknown,ida-1.50a-initial-inventory
0x00440D30,unknown,,review,unknown,ida-1.50a-initial-inventory
0x00440D90,unknown,,review,unknown,ida-1.50a-initial-inventory
0x00440DF0,unknown,,review,unknown,ida-1.50a-initial-inventory
0x00440E40,unknown,,review,unknown,ida-1.50a-initial-inventory
0x00440FB0,unknown,,review,unknown,ida-1.50a-initial-inventory
0x00441100,unknown,,review,unknown,ida-1.50a-initial-inventory
0x00441350,unknown,,review,unknown,ida-1.50a-initial-inventory
0x004413A0,unknown,,review,unknown,ida-1.50a-initial-inventory
0x004413D0,unknown,,review,unknown,ida-1.50a-initial-inventory
0x00441420,unknown,,review,unknown,ida-1.50a-initial-inventory
0x00441470,unknown,,review,unknown,ida-1.50a-initial-inventory
0x004415E0,unknown,,review,unknown,ida-1.50a-initial-inventory
0x004417C0,unknown,,review,unknown,ida-1.50a-initial-inventory
0x004417F0,unknown,,review,unknown,ida-1.50a-initial-inventory
0x00441880,unknown,,review,unknown,ida-1.50a-initial-inventory
0x00441890,unknown,,review,unknown,ida-1.50a-initial-inventory
0x004418B0,unknown,,review,unknown,ida-1.50a-initial-inventory
0x00441910,unknown,,review,unknown,ida-1.50a-initial-inventory
0x00441A70,unknown,,review,unknown,ida-1.50a-initial-inventory
0x00441B00,unknown,,review,unknown,ida-1.50a-initial-inventory
0x00441B70,unknown,,review,unknown,ida-1.50a-initial-inventory
0x00441BC0,unknown,,review,unknown,ida-1.50a-initial-inventory
0x00441BE0,unknown,,review,unknown,ida-1.50a-initial-inventory
0x00441C30,unknown,,review,unknown,ida-1.50a-initial-inventory
0x00441EF0,unknown,,review,unknown,ida-1.50a-initial-inventory
0x00441F90,unknown,,review,unknown,ida-1.50a-initial-inventory
0x00442220,unknown,,review,unknown,ida-1.50a-initial-inventory
0x004423D0,unknown,,review,unknown,ida-1.50a-initial-inventory
0x00442420,unknown,,review,unknown,ida-1.50a-initial-inventory
0x00442450,unknown,,review,unknown,ida-1.50a-initial-inventory
0x00442480,unknown,,review,unknown,ida-1.50a-initial-inventory
0x00442550,unknown,,review,unknown,ida-1.50a-initial-inventory
0x00442580,unknown,,review,unknown,ida-1.50a-initial-inventory
0x00442750,unknown,,review,unknown,ida-1.50a-initial-inventory
0x00442A60,unknown,,review,unknown,ida-1.50a-initial-inventory
0x00442BD0,unknown,,review,unknown,ida-1.50a-initial-inventory
0x00442EC0,unknown,,review,unknown,ida-1.50a-initial-inventory
0x00442EE0,unknown,,review,unknown,ida-1.50a-initial-inventory
0x00443150,unknown,,review,unknown,ida-1.50a-initial-inventory
0x004432A0,unknown,,review,unknown,ida-1.50a-initial-inventory
0x00443300,unknown,,review,unknown,ida-1.50a-initial-inventory
0x00443430,unknown,,review,unknown,ida-1.50a-initial-inventory
0x00443440,unknown,,review,unknown,ida-1.50a-initial-inventory
0x004435E0,unknown,,review,unknown,ida-1.50a-initial-inventory
0x00443790,unknown,,review,unknown,ida-1.50a-initial-inventory
0x00443930,unknown,,review,unknown,ida-1.50a-initial-inventory
0x00443B10,unknown,,review,unknown,ida-1.50a-initial-inventory
0x00443C10,unknown,,review,unknown,ida-1.50a-initial-inventory
0x00443C70,unknown,,review,unknown,ida-1.50a-initial-inventory
0x00443DF0,unknown,,review,unknown,ida-1.50a-initial-inventory
0x00444130,unknown,,review,unknown,ida-1.50a-initial-inventory
0x004444F0,unknown,,review,unknown,ida-1.50a-initial-inventory
0x00444560,unknown,,review,unknown,ida-1.50a-initial-inventory
0x004446A0,unknown,,review,unknown,ida-1.50a-initial-inventory
0x00444F00,unknown,,review,unknown,ida-1.50a-initial-inventory
0x00445050,unknown,,review,unknown,ida-1.50a-initial-inventory
0x00445190,unknown,,review,unknown,ida-1.50a-initial-inventory
0x00445330,unknown,,review,unknown,ida-1.50a-initial-inventory
0x00445530,unknown,,review,unknown,ida-1.50a-initial-inventory
0x00445560,unknown,,review,unknown,ida-1.50a-initial-inventory
0x00445580,unknown,,review,unknown,ida-1.50a-initial-inventory
0x004455D0,unknown,,review,unknown,ida-1.50a-initial-inventory
0x00445740,unknown,,review,unknown,ida-1.50a-initial-inventory
0x00445930,unknown,,review,unknown,ida-1.50a-initial-inventory
0x00445A40,unknown,,review,unknown,ida-1.50a-initial-inventory
0x00445CB0,unknown,,review,unknown,ida-1.50a-initial-inventory
0x00445D00,unknown,,review,unknown,ida-1.50a-initial-inventory
0x00445D80,unknown,,review,unknown,ida-1.50a-initial-inventory
0x00445E60,unknown,,review,unknown,ida-1.50a-initial-inventory
0x00445EC0,unknown,,review,unknown,ida-1.50a-initial-inventory
0x00446060,unknown,,review,unknown,ida-1.50a-initial-inventory
0x00446320,unknown,,review,unknown,ida-1.50a-initial-inventory
0x004464A0,unknown,,review,unknown,ida-1.50a-initial-inventory
0x004467C0,unknown,,review,unknown,ida-1.50a-initial-inventory
0x00446920,unknown,,review,unknown,ida-1.50a-initial-inventory
0x00446C10,unknown,,review,unknown,ida-1.50a-initial-inventory
0x00446D80,unknown,,review,unknown,ida-1.50a-initial-inventory
0x00446EE0,unknown,,review,unknown,ida-1.50a-initial-inventory
0x004471B0,unknown,,review,unknown,ida-1.50a-initial-inventory
0x00447620,unknown,,review,unknown,ida-1.50a-initial-inventory
0x00447720,unknown,,review,unknown,ida-1.50a-initial-inventory
0x00447890,unknown,,review,unknown,ida-1.50a-initial-inventory
0x00447A80,unknown,,review,unknown,ida-1.50a-initial-inventory
0x00447AF0,unknown,,review,unknown,ida-1.50a-initial-inventory
0x00447FB0,unknown,,review,unknown,ida-1.50a-initial-inventory
0x00448320,unknown,,review,unknown,ida-1.50a-initial-inventory
0x00448490,unknown,,review,unknown,ida-1.50a-initial-inventory
0x00448640,unknown,,review,unknown,ida-1.50a-initial-inventory
0x00449070,unknown,,review,unknown,ida-1.50a-initial-inventory
0x004491E0,unknown,,review,unknown,ida-1.50a-initial-inventory
0x00449780,unknown,,review,unknown,ida-1.50a-initial-inventory
0x004497F0,unknown,,review,unknown,ida-1.50a-initial-inventory
0x00449B50,unknown,,review,unknown,ida-1.50a-initial-inventory
0x00449C70,unknown,,review,unknown,ida-1.50a-initial-inventory
0x00449CE0,unknown,,review,unknown,ida-1.50a-initial-inventory
0x00449D50,unknown,,review,unknown,ida-1.50a-initial-inventory
0x0044A030,unknown,,review,unknown,ida-1.50a-initial-inventory
0x0044A330,unknown,,review,unknown,ida-1.50a-initial-inventory
0x0044A670,unknown,,review,unknown,ida-1.50a-initial-inventory
0x0044AB20,unknown,,review,unknown,ida-1.50a-initial-inventory
0x0044AB90,unknown,,review,unknown,ida-1.50a-initial-inventory
0x0044AC20,unknown,,review,unknown,ida-1.50a-initial-inventory
0x0044ADE0,unknown,,review,unknown,ida-1.50a-initial-inventory
0x0044AF80,unknown,,review,unknown,ida-1.50a-initial-inventory
0x0044B220,unknown,,review,unknown,ida-1.50a-initial-inventory
0x0044B500,unknown,,review,unknown,ida-1.50a-initial-inventory
0x0044B940,unknown,,review,unknown,ida-1.50a-initial-inventory
0x0044BA80,unknown,,review,unknown,ida-1.50a-initial-inventory
0x0044BC80,unknown,,review,unknown,ida-1.50a-initial-inventory
0x0044BCD0,unknown,,review,unknown,ida-1.50a-initial-inventory
0x0044BE40,unknown,,review,unknown,ida-1.50a-initial-inventory
0x0044C020,unknown,,review,unknown,ida-1.50a-initial-inventory
0x0044C090,unknown,,review,unknown,ida-1.50a-initial-inventory
0x0044C2E0,unknown,,review,unknown,ida-1.50a-initial-inventory
0x0044C350,unknown,,review,unknown,ida-1.50a-initial-inventory
0x0044C4C0,unknown,,review,unknown,ida-1.50a-initial-inventory
0x0044C680,unknown,,review,unknown,ida-1.50a-initial-inventory
0x0044E1C4,unknown,,review,unknown,ida-1.50a-initial-inventory
0x0044E1D4,unknown,,review,unknown,ida-1.50a-initial-inventory
0x0044E244,unknown,,review,unknown,ida-1.50a-initial-inventory
0x0044E254,unknown,,review,unknown,ida-1.50a-initial-inventory
0x0044E5A0,unknown,,review,unknown,ida-1.50a-initial-inventory
0x0044E5A6,unknown,,review,unknown,ida-1.50a-initial-inventory
0x0044E5AC,unknown,,review,unknown,ida-1.50a-initial-inventory
0x0044E5B2,unknown,,review,unknown,ida-1.50a-initial-inventory
0x0044E5EC,unknown,,review,unknown,ida-1.50a-initial-inventory
0x0044E616,unknown,,review,unknown,ida-1.50a-initial-inventory
0x0044E6A4,unknown,,review,unknown,ida-1.50a-initial-inventory
0x0044E6CE,unknown,,review,unknown,ida-1.50a-initial-inventory
0x0044E77D,unknown,,review,unknown,ida-1.50a-initial-inventory
0x0044E7AC,unknown,,review,unknown,ida-1.50a-initial-inventory
0x0044E7EF,unknown,,review,unknown,ida-1.50a-initial-inventory
0x0044E816,unknown,,review,unknown,ida-1.50a-initial-inventory
0x0044E823,unknown,,review,unknown,ida-1.50a-initial-inventory
0x0044E829,unknown,,review,unknown,ida-1.50a-initial-inventory
0x0044E853,unknown,,review,unknown,ida-1.50a-initial-inventory
0x0044E901,unknown,,review,unknown,ida-1.50a-initial-inventory
0x0044E92B,unknown,,review,unknown,ida-1.50a-initial-inventory
0x0044E9FC,unknown,,review,unknown,ida-1.50a-initial-inventory
0x0044EA2B,unknown,,review,unknown,ida-1.50a-initial-inventory
0x0044EA95,unknown,,review,unknown,ida-1.50a-initial-inventory
0x0044EB20,unknown,,review,unknown,ida-1.50a-initial-inventory
0x0044EB2D,unknown,,review,unknown,ida-1.50a-initial-inventory
0x0044EB40,unknown,,review,unknown,ida-1.50a-initial-inventory
0x0044EBA6,unknown,,review,unknown,ida-1.50a-initial-inventory
0x0044EBB7,unknown,,review,unknown,ida-1.50a-initial-inventory
0x0044EBBD,unknown,,review,unknown,ida-1.50a-initial-inventory
0x0044EBDB,unknown,,review,unknown,ida-1.50a-initial-inventory
0x0044ECD8,unknown,,review,unknown,ida-1.50a-initial-inventory
0x0044ED02,unknown,,review,unknown,ida-1.50a-initial-inventory
0x0044EDD3,unknown,,review,unknown,ida-1.50a-initial-inventory
0x0044EDFD,unknown,,review,unknown,ida-1.50a-initial-inventory
0x0044EEF0,unknown,,review,unknown,ida-1.50a-initial-inventory
0x0044EF1F,unknown,,review,unknown,ida-1.50a-initial-inventory
0x0044EFA3,unknown,,review,unknown,ida-1.50a-initial-inventory
0x0044F04F,unknown,,review,unknown,ida-1.50a-initial-inventory
0x0044F119,unknown,,review,unknown,ida-1.50a-initial-inventory
0x0044F126,unknown,,review,unknown,ida-1.50a-initial-inventory
0x0044F12C,unknown,,review,unknown,ida-1.50a-initial-inventory
0x0044F362,unknown,,review,unknown,ida-1.50a-initial-inventory
0x0044F36F,unknown,,review,unknown,ida-1.50a-initial-inventory
0x0044F375,unknown,,review,unknown,ida-1.50a-initial-inventory
0x0044F3EF,unknown,,review,unknown,ida-1.50a-initial-inventory
0x0044F625,unknown,,review,unknown,ida-1.50a-initial-inventory
0x0044F632,unknown,,review,unknown,ida-1.50a-initial-inventory
0x0044F638,unknown,,review,unknown,ida-1.50a-initial-inventory
0x0044F9C5,unknown,,review,unknown,ida-1.50a-initial-inventory
0x0044F9F3,unknown,,review,unknown,ida-1.50a-initial-inventory
0x0044FA4F,unknown,,review,unknown,ida-1.50a-initial-inventory
0x0044FA7D,unknown,,review,unknown,ida-1.50a-initial-inventory
0x0044FAD9,unknown,,review,unknown,ida-1.50a-initial-inventory
0x0044FAF5,unknown,,review,unknown,ida-1.50a-initial-inventory
0x0044FAFB,unknown,,review,unknown,ida-1.50a-initial-inventory
0x0044FB75,unknown,,review,unknown,ida-1.50a-initial-inventory
0x0044FB91,unknown,,review,unknown,ida-1.50a-initial-inventory
0x0044FB97,unknown,,review,unknown,ida-1.50a-initial-inventory
0x0044FC12,unknown,,review,unknown,ida-1.50a-initial-inventory
0x0044FC2E,unknown,,review,unknown,ida-1.50a-initial-inventory
0x0044FC34,unknown,,review,unknown,ida-1.50a-initial-inventory
0x0044FCB0,unknown,,review,unknown,ida-1.50a-initial-inventory
0x0044FCD0,unknown,,review,unknown,ida-1.50a-initial-inventory
0x0044FDD2,unknown,,review,unknown,ida-1.50a-initial-inventory
0x0044FDDF,unknown,,review,unknown,ida-1.50a-initial-inventory
0x0044FDE5,unknown,,review,unknown,ida-1.50a-initial-inventory
0x0044FEC7,unknown,,review,unknown,ida-1.50a-initial-inventory
0x0044FEF5,unknown,,review,unknown,ida-1.50a-initial-inventory
0x0044FF06,unknown,,review,unknown,ida-1.50a-initial-inventory
0x0044FF2D,unknown,,review,unknown,ida-1.50a-initial-inventory
0x00450013,unknown,,review,unknown,ida-1.50a-initial-inventory
0x0045015B,unknown,,review,unknown,ida-1.50a-initial-inventory
0x00450216,unknown,,review,unknown,ida-1.50a-initial-inventory
0x004502C0,unknown,,review,unknown,ida-1.50a-initial-inventory
0x004503F4,unknown,,review,unknown,ida-1.50a-initial-inventory
0x00450414,unknown,,review,unknown,ida-1.50a-initial-inventory
0x00450470,unknown,,review,unknown,ida-1.50a-initial-inventory
0x0045049E,unknown,,review,unknown,ida-1.50a-initial-inventory
0x004504A4,unknown,,review,unknown,ida-1.50a-initial-inventory
0x0045057D,unknown,,review,unknown,ida-1.50a-initial-inventory
0x0045058A,unknown,,review,unknown,ida-1.50a-initial-inventory
0x00450590,unknown,,review,unknown,ida-1.50a-initial-inventory
0x00450633,unknown,,review,unknown,ida-1.50a-initial-inventory
0x00450640,unknown,,review,unknown,ida-1.50a-initial-inventory
0x00450646,unknown,,review,unknown,ida-1.50a-initial-inventory
0x004506FA,unknown,,review,unknown,ida-1.50a-initial-inventory
0x00450700,unknown,,review,unknown,ida-1.50a-initial-inventory
0x0045077E,unknown,,review,unknown,ida-1.50a-initial-inventory
0x00450784,unknown,,review,unknown,ida-1.50a-initial-inventory
0x0045081F,unknown,,review,unknown,ida-1.50a-initial-inventory
0x00450843,unknown,,review,unknown,ida-1.50a-initial-inventory
0x00450849,unknown,,review,unknown,ida-1.50a-initial-inventory
0x0045092C,unknown,,review,unknown,ida-1.50a-initial-inventory
0x00450956,unknown,,review,unknown,ida-1.50a-initial-inventory
0x004509AD,unknown,,review,unknown,ida-1.50a-initial-inventory
0x004509BE,unknown,,review,unknown,ida-1.50a-initial-inventory
0x004509ED,unknown,,review,unknown,ida-1.50a-initial-inventory
0x00450A78,unknown,,review,unknown,ida-1.50a-initial-inventory
0x00450A85,unknown,,review,unknown,ida-1.50a-initial-inventory
0x00450A8B,unknown,,review,unknown,ida-1.50a-initial-inventory
0x00450B3C,unknown,,review,unknown,ida-1.50a-initial-inventory
0x00450BEB,unknown,,review,unknown,ida-1.50a-initial-inventory
0x00450C30,unknown,,review,unknown,ida-1.50a-initial-inventory
0x00450CDF,unknown,,review,unknown,ida-1.50a-initial-inventory
0x00450D7E,unknown,,review,unknown,ida-1.50a-initial-inventory
0x00450E0B,unknown,,review,unknown,ida-1.50a-initial-inventory
0x00450E76,unknown,,review,unknown,ida-1.50a-initial-inventory
0x00450EF6,unknown,,review,unknown,ida-1.50a-initial-inventory
0x00450F32,unknown,,review,unknown,ida-1.50a-initial-inventory
0x00450FD2,unknown,,review,unknown,ida-1.50a-initial-inventory
0x00451091,unknown,,review,unknown,ida-1.50a-initial-inventory
0x0045121E,unknown,,review,unknown,ida-1.50a-initial-inventory
0x004513C4,unknown,,review,unknown,ida-1.50a-initial-inventory
0x0045147D,unknown,,review,unknown,ida-1.50a-initial-inventory
0x004514B6,unknown,,review,unknown,ida-1.50a-initial-inventory
0x0045176A,unknown,,review,unknown,ida-1.50a-initial-inventory
0x00451844,unknown,,review,unknown,ida-1.50a-initial-inventory
0x00451903,unknown,,review,unknown,ida-1.50a-initial-inventory
0x00451CDD,unknown,,review,unknown,ida-1.50a-initial-inventory
0x00451D01,unknown,,review,unknown,ida-1.50a-initial-inventory
0x00451D76,unknown,,review,unknown,ida-1.50a-initial-inventory
0x00451E58,unknown,,review,unknown,ida-1.50a-initial-inventory
0x00451E89,unknown,,review,unknown,ida-1.50a-initial-inventory
0x00451F68,unknown,,review,unknown,ida-1.50a-initial-inventory
0x00451F6B,unknown,,review,unknown,ida-1.50a-initial-inventory
0x0045203E,unknown,,review,unknown,ida-1.50a-initial-inventory
0x00452368,unknown,,review,unknown,ida-1.50a-initial-inventory
0x00452390,unknown,,review,unknown,ida-1.50a-initial-inventory
0x004523F6,unknown,,review,unknown,ida-1.50a-initial-inventory
0x004524AE,unknown,,review,unknown,ida-1.50a-initial-inventory
0x00452654,unknown,,review,unknown,ida-1.50a-initial-inventory
0x004526DA,unknown,,review,unknown,ida-1.50a-initial-inventory
0x004529BE,unknown,,review,unknown,ida-1.50a-initial-inventory
0x00453031,unknown,,review,unknown,ida-1.50a-initial-inventory
0x00453071,unknown,,review,unknown,ida-1.50a-initial-inventory
0x004530CD,unknown,,review,unknown,ida-1.50a-initial-inventory
0x004530F2,unknown,,review,unknown,ida-1.50a-initial-inventory
0x0045318B,unknown,,review,unknown,ida-1.50a-initial-inventory
0x004531C3,unknown,,review,unknown,ida-1.50a-initial-inventory
0x00453268,unknown,,review,unknown,ida-1.50a-initial-inventory
0x0045331C,unknown,,review,unknown,ida-1.50a-initial-inventory
0x004533F9,unknown,,review,unknown,ida-1.50a-initial-inventory
0x00453489,unknown,,review,unknown,ida-1.50a-initial-inventory
0x004534A2,unknown,,review,unknown,ida-1.50a-initial-inventory
0x004534FB,unknown,,review,unknown,ida-1.50a-initial-inventory
0x00453517,unknown,,review,unknown,ida-1.50a-initial-inventory
0x00453C2D,unknown,,review,unknown,ida-1.50a-initial-inventory
0x00453C49,unknown,,review,unknown,ida-1.50a-initial-inventory
0x00453C4A,unknown,,review,unknown,ida-1.50a-initial-inventory
0x00453C5F,unknown,,review,unknown,ida-1.50a-initial-inventory
0x00453C70,unknown,,review,unknown,ida-1.50a-initial-inventory
0x00453EE0,unknown,,review,unknown,ida-1.50a-initial-inventory
0x00454387,unknown,,review,unknown,ida-1.50a-initial-inventory
0x0045460D,unknown,,review,unknown,ida-1.50a-initial-inventory
0x00454650,unknown,,review,unknown,ida-1.50a-initial-inventory
0x0045465C,unknown,,review,unknown,ida-1.50a-initial-inventory
0x00454BF2,unknown,,review,unknown,ida-1.50a-initial-inventory
0x00454F33,unknown,,review,unknown,ida-1.50a-initial-inventory
0x00454F63,unknown,,review,unknown,ida-1.50a-initial-inventory
0x00455138,unknown,,review,unknown,ida-1.50a-initial-inventory
0x00455142,unknown,,review,unknown,ida-1.50a-initial-inventory
0x00455160,unknown,,review,unknown,ida-1.50a-initial-inventory
0x0045516D,unknown,,review,unknown,ida-1.50a-initial-inventory
0x00455176,unknown,,review,unknown,ida-1.50a-initial-inventory
0x00455433,unknown,,review,unknown,ida-1.50a-initial-inventory
0x0045547F,unknown,,review,unknown,ida-1.50a-initial-inventory
0x004558F3,unknown,,review,unknown,ida-1.50a-initial-inventory
0x00455A81,unknown,,review,unknown,ida-1.50a-initial-inventory
0x00455BA7,unknown,,review,unknown,ida-1.50a-initial-inventory
0x00455BD8,unknown,,review,unknown,ida-1.50a-initial-inventory
0x00455CC0,unknown,,review,unknown,ida-1.50a-initial-inventory
0x00455DD6,unknown,,review,unknown,ida-1.50a-initial-inventory
0x00455E0E,unknown,,review,unknown,ida-1.50a-initial-inventory
0x00455E3D,unknown,,review,unknown,ida-1.50a-initial-inventory
0x00455E6E,unknown,,review,unknown,ida-1.50a-initial-inventory
0x00455FBE,unknown,,review,unknown,ida-1.50a-initial-inventory
0x004560E2,unknown,,review,unknown,ida-1.50a-initial-inventory
0x00456231,unknown,,review,unknown,ida-1.50a-initial-inventory
0x00456384,unknown,,review,unknown,ida-1.50a-initial-inventory
0x004564C3,unknown,,review,unknown,ida-1.50a-initial-inventory
0x0045655E,unknown,,review,unknown,ida-1.50a-initial-inventory
0x004566AA,unknown,,review,unknown,ida-1.50a-initial-inventory
0x004567CB,unknown,,review,unknown,ida-1.50a-initial-inventory
0x00456917,unknown,,review,unknown,ida-1.50a-initial-inventory
0x00456A56,unknown,,review,unknown,ida-1.50a-initial-inventory
0x00456B8E,unknown,,review,unknown,ida-1.50a-initial-inventory
0x00456C7F,unknown,,review,unknown,ida-1.50a-initial-inventory
0x00456E81,unknown,,review,unknown,ida-1.50a-initial-inventory
0x00457085,unknown,,review,unknown,ida-1.50a-initial-inventory
0x004574A8,unknown,,review,unknown,ida-1.50a-initial-inventory
0x0045793A,unknown,,review,unknown,ida-1.50a-initial-inventory
0x00457A3A,unknown,,review,unknown,ida-1.50a-initial-inventory
0x00457E20,unknown,,review,unknown,ida-1.50a-initial-inventory
0x00458551,unknown,,review,unknown,ida-1.50a-initial-inventory
0x004588F3,unknown,,review,unknown,ida-1.50a-initial-inventory
0x00458A0D,unknown,,review,unknown,ida-1.50a-initial-inventory
0x00458A1D,unknown,,review,unknown,ida-1.50a-initial-inventory
0x00458A86,unknown,,review,unknown,ida-1.50a-initial-inventory
0x00458A8C,unknown,,review,unknown,ida-1.50a-initial-inventory
0x00458AA2,unknown,,review,unknown,ida-1.50a-initial-inventory
0x00458AA7,unknown,,review,unknown,ida-1.50a-initial-inventory
0x00458EBA,unknown,,review,unknown,ida-1.50a-initial-inventory
0x00458EBF,unknown,,review,unknown,ida-1.50a-initial-inventory
0x0045921A,unknown,,review,unknown,ida-1.50a-initial-inventory
0x0045922D,unknown,,review,unknown,ida-1.50a-initial-inventory
0x00459230,unknown,,review,unknown,ida-1.50a-initial-inventory
0x00459527,unknown,,review,unknown,ida-1.50a-initial-inventory
0x004595C7,unknown,,review,unknown,ida-1.50a-initial-inventory
0x004599C1,unknown,,review,unknown,ida-1.50a-initial-inventory
0x004599E4,unknown,,review,unknown,ida-1.50a-initial-inventory
0x00459C30,unknown,,review,unknown,ida-1.50a-initial-inventory
0x00459C4C,unknown,,review,unknown,ida-1.50a-initial-inventory
0x00459CC7,unknown,,review,unknown,ida-1.50a-initial-inventory
0x00459D93,unknown,,review,unknown,ida-1.50a-initial-inventory
0x00459E03,unknown,,review,unknown,ida-1.50a-initial-inventory
0x00459EEF,unknown,,review,unknown,ida-1.50a-initial-inventory
0x0045A012,unknown,,review,unknown,ida-1.50a-initial-inventory
0x0045A113,unknown,,review,unknown,ida-1.50a-initial-inventory
0x0045A214,unknown,,review,unknown,ida-1.50a-initial-inventory
0x0045A315,unknown,,review,unknown,ida-1.50a-initial-inventory
0x0045A432,unknown,,review,unknown,ida-1.50a-initial-inventory
0x0045A555,unknown,,review,unknown,ida-1.50a-initial-inventory
0x0045A653,unknown,,review,unknown,ida-1.50a-initial-inventory
0x0045A6FC,unknown,,review,unknown,ida-1.50a-initial-inventory
0x0045A81F,unknown,,review,unknown,ida-1.50a-initial-inventory
0x0045A920,unknown,,review,unknown,ida-1.50a-initial-inventory
0x0045AA43,unknown,,review,unknown,ida-1.50a-initial-inventory
0x0045AB13,unknown,,review,unknown,ida-1.50a-initial-inventory
0x0045AC2B,unknown,,review,unknown,ida-1.50a-initial-inventory
0x0045ACF0,unknown,,review,unknown,ida-1.50a-initial-inventory
0x0045ADB5,unknown,,review,unknown,ida-1.50a-initial-inventory
0x0045AEAB,unknown,,review,unknown,ida-1.50a-initial-inventory
0x0045AF96,unknown,,review,unknown,ida-1.50a-initial-inventory
0x0045B06B,unknown,,review,unknown,ida-1.50a-initial-inventory
0x0045B170,unknown,,review,unknown,ida-1.50a-initial-inventory
0x0045B27B,unknown,,review,unknown,ida-1.50a-initial-inventory
0x0045B3B5,unknown,,review,unknown,ida-1.50a-initial-inventory
0x0045B48B,unknown,,review,unknown,ida-1.50a-initial-inventory
0x0045B595,unknown,,review,unknown,ida-1.50a-initial-inventory
0x0045B6CB,unknown,,review,unknown,ida-1.50a-initial-inventory
0x0045B792,unknown,,review,unknown,ida-1.50a-initial-inventory
0x0045B880,unknown,,review,unknown,ida-1.50a-initial-inventory
0x0045B96F,unknown,,review,unknown,ida-1.50a-initial-inventory
0x0045BACB,unknown,,review,unknown,ida-1.50a-initial-inventory
0x0045BB57,unknown,,review,unknown,ida-1.50a-initial-inventory
0x0045BBFD,unknown,,review,unknown,ida-1.50a-initial-inventory
0x0045BC99,unknown,,review,unknown,ida-1.50a-initial-inventory
0x0045BD3E,unknown,,review,unknown,ida-1.50a-initial-inventory
0x0045BDE0,unknown,,review,unknown,ida-1.50a-initial-inventory
0x0045BE90,unknown,,review,unknown,ida-1.50a-initial-inventory
0x0045BF3F,unknown,,review,unknown,ida-1.50a-initial-inventory
0x0045C015,unknown,,review,unknown,ida-1.50a-initial-inventory
0x0045C0A7,unknown,,review,unknown,ida-1.50a-initial-inventory
0x0045C149,unknown,,review,unknown,ida-1.50a-initial-inventory
0x0045C1BB,unknown,,review,unknown,ida-1.50a-initial-inventory
0x0045C26D,unknown,,review,unknown,ida-1.50a-initial-inventory
0x0045C30C,unknown,,review,unknown,ida-1.50a-initial-inventory
0x0045C393,unknown,,review,unknown,ida-1.50a-initial-inventory
0x0045C3F7,unknown,,review,unknown,ida-1.50a-initial-inventory
0x0045C465,unknown,,review,unknown,ida-1.50a-initial-inventory
0x0045C4EE,unknown,,review,unknown,ida-1.50a-initial-inventory
0x0045C577,unknown,,review,unknown,ida-1.50a-initial-inventory
0x0045C5F9,unknown,,review,unknown,ida-1.50a-initial-inventory
0x0045C6AA,unknown,,review,unknown,ida-1.50a-initial-inventory
0x0045C73B,unknown,,review,unknown,ida-1.50a-initial-inventory
0x0045C7D2,unknown,,review,unknown,ida-1.50a-initial-inventory
0x0045C855,unknown,,review,unknown,ida-1.50a-initial-inventory
0x0045C90F,unknown,,review,unknown,ida-1.50a-initial-inventory
0x0045C9E2,unknown,,review,unknown,ida-1.50a-initial-inventory
0x0045CA52,unknown,,review,unknown,ida-1.50a-initial-inventory
0x0045CAE0,unknown,,review,unknown,ida-1.50a-initial-inventory
0x0045CB6C,unknown,,review,unknown,ida-1.50a-initial-inventory
0x0045CC4C,unknown,,review,unknown,ida-1.50a-initial-inventory
0x0045CC68,unknown,,review,unknown,ida-1.50a-initial-inventory
0x0045CD60,unknown,,review,unknown,ida-1.50a-initial-inventory
0x0045CD7C,unknown,,review,unknown,ida-1.50a-initial-inventory
0x0045CD98,unknown,,review,unknown,ida-1.50a-initial-inventory
0x0045CDB4,unknown,,review,unknown,ida-1.50a-initial-inventory
0x0045CFA0,unknown,,review,unknown,ida-1.50a-initial-inventory
0x0045CFBC,unknown,,review,unknown,ida-1.50a-initial-inventory
0x0045CFD8,unknown,,review,unknown,ida-1.50a-initial-inventory
0x0045D2A9,unknown,,review,unknown,ida-1.50a-initial-inventory
0x0045D2C5,unknown,,review,unknown,ida-1.50a-initial-inventory
0x0045D2E1,unknown,,review,unknown,ida-1.50a-initial-inventory
0x0045D2FD,unknown,,review,unknown,ida-1.50a-initial-inventory
0x0045D319,unknown,,review,unknown,ida-1.50a-initial-inventory
0x0045D335,unknown,,review,unknown,ida-1.50a-initial-inventory
0x0045D351,unknown,,review,unknown,ida-1.50a-initial-inventory
0x0045D3DE,unknown,,review,unknown,ida-1.50a-initial-inventory
0x0045D3FA,unknown,,review,unknown,ida-1.50a-initial-inventory
0x0045D469,unknown,,review,unknown,ida-1.50a-initial-inventory
0x0045D485,unknown,,review,unknown,ida-1.50a-initial-inventory
0x0045D677,unknown,,review,unknown,ida-1.50a-initial-inventory
0x0045D693,unknown,,review,unknown,ida-1.50a-initial-inventory
0x0045D6AF,unknown,,review,unknown,ida-1.50a-initial-inventory
0x0045D6CB,unknown,,review,unknown,ida-1.50a-initial-inventory
0x0045D6E7,unknown,,review,unknown,ida-1.50a-initial-inventory
0x0045D703,unknown,,review,unknown,ida-1.50a-initial-inventory
0x0045D71F,unknown,,review,unknown,ida-1.50a-initial-inventory
0x0045D820,unknown,,review,unknown,ida-1.50a-initial-inventory
0x0045D83C,unknown,,review,unknown,ida-1.50a-initial-inventory
0x0045D858,unknown,,review,unknown,ida-1.50a-initial-inventory
0x0045D874,unknown,,review,unknown,ida-1.50a-initial-inventory
0x0045D890,unknown,,review,unknown,ida-1.50a-initial-inventory
0x0045D8AC,unknown,,review,unknown,ida-1.50a-initial-inventory
0x0045D8C8,unknown,,review,unknown,ida-1.50a-initial-inventory
0x0045D8E4,unknown,,review,unknown,ida-1.50a-initial-inventory
0x0045D900,unknown,,review,unknown,ida-1.50a-initial-inventory
0x0045DBA9,unknown,,review,unknown,ida-1.50a-initial-inventory
0x0045DBC5,unknown,,review,unknown,ida-1.50a-initial-inventory
0x0045DBE1,unknown,,review,unknown,ida-1.50a-initial-inventory
0x0045DBE6,unknown,,review,unknown,ida-1.50a-initial-inventory
0x0045DC02,unknown,,review,unknown,ida-1.50a-initial-inventory
0x0045DC1E,unknown,,review,unknown,ida-1.50a-initial-inventory
0x0045DC36,unknown,,review,unknown,ida-1.50a-initial-inventory
0x0045DC3B,unknown,,review,unknown,ida-1.50a-initial-inventory
0x0045DC84,unknown,,review,unknown,ida-1.50a-initial-inventory
0x0045DC9C,unknown,,review,unknown,ida-1.50a-initial-inventory
0x0045E414,unknown,,review,unknown,ida-1.50a-initial-inventory
0x0045E430,unknown,,review,unknown,ida-1.50a-initial-inventory
0x0045E440,unknown,,review,unknown,ida-1.50a-initial-inventory
0x0045E550,unknown,,review,unknown,ida-1.50a-initial-inventory
0x0045E660,unknown,,review,unknown,ida-1.50a-initial-inventory
0x0045E735,unknown,,review,unknown,ida-1.50a-initial-inventory
0x0045E95B,unknown,,review,unknown,ida-1.50a-initial-inventory
0x0045E9C4,unknown,,review,unknown,ida-1.50a-initial-inventory
0x0045EB7C,unknown,,review,unknown,ida-1.50a-initial-inventory
0x0045EC46,unknown,,review,unknown,ida-1.50a-initial-inventory
0x0045ED29,unknown,,review,unknown,ida-1.50a-initial-inventory
0x0045EDB7,unknown,,review,unknown,ida-1.50a-initial-inventory
0x0045EDF3,unknown,,review,unknown,ida-1.50a-initial-inventory
0x0045EEB3,unknown,,review,unknown,ida-1.50a-initial-inventory
0x0045EEB8,unknown,,review,unknown,ida-1.50a-initial-inventory
0x0045F02B,unknown,,review,unknown,ida-1.50a-initial-inventory
0x0045F0C5,unknown,,review,unknown,ida-1.50a-initial-inventory
0x0045F16C,unknown,,review,unknown,ida-1.50a-initial-inventory
0x0045F1CF,unknown,,review,unknown,ida-1.50a-initial-inventory
0x0045F278,unknown,,review,unknown,ida-1.50a-initial-inventory
0x0045F2FC,unknown,,review,unknown,ida-1.50a-initial-inventory
0x0045F3BD,unknown,,review,unknown,ida-1.50a-initial-inventory
0x0045F44B,unknown,,review,unknown,ida-1.50a-initial-inventory
0x0045F746,unknown,,review,unknown,ida-1.50a-initial-inventory
0x0045F9F8,unknown,,review,unknown,ida-1.50a-initial-inventory
0x0045FC34,unknown,,review,unknown,ida-1.50a-initial-inventory
0x0045FDAE,unknown,,review,unknown,ida-1.50a-initial-inventory
0x0045FF05,unknown,,review,unknown,ida-1.50a-initial-inventory
0x00460199,unknown,,review,unknown,ida-1.50a-initial-inventory
0x004603C2,unknown,,review,unknown,ida-1.50a-initial-inventory
0x00460499,unknown,,review,unknown,ida-1.50a-initial-inventory
0x00460535,unknown,,review,unknown,ida-1.50a-initial-inventory
0x0046060C,unknown,,review,unknown,ida-1.50a-initial-inventory
0x004606A3,unknown,,review,unknown,ida-1.50a-initial-inventory
0x00460890,unknown,,review,unknown,ida-1.50a-initial-inventory
0x0046090E,unknown,,review,unknown,ida-1.50a-initial-inventory
0x004609FD,unknown,,review,unknown,ida-1.50a-initial-inventory
0x00460A27,unknown,,review,unknown,ida-1.50a-initial-inventory
0x00460AA4,unknown,,review,unknown,ida-1.50a-initial-inventory
0x00460ABF,unknown,,review,unknown,ida-1.50a-initial-inventory
0x00460ADC,unknown,,review,unknown,ida-1.50a-initial-inventory
0x00460B0D,unknown,,review,unknown,ida-1.50a-initial-inventory
0x00460BA4,unknown,,review,unknown,ida-1.50a-initial-inventory
0x00460BB5,unknown,,review,unknown,ida-1.50a-initial-inventory
0x00460C01,unknown,,review,unknown,ida-1.50a-initial-inventory
0x00460C88,unknown,,review,unknown,ida-1.50a-initial-inventory
0x00460CA2,unknown,,review,unknown,ida-1.50a-initial-inventory
0x00460CC0,unknown,,review,unknown,ida-1.50a-initial-inventory
0x00460CD5,unknown,,review,unknown,ida-1.50a-initial-inventory
0x00460CFA,unknown,,review,unknown,ida-1.50a-initial-inventory
0x00460D1F,unknown,,review,unknown,ida-1.50a-initial-inventory
0x00460E22,unknown,,review,unknown,ida-1.50a-initial-inventory
0x00460F95,unknown,,review,unknown,ida-1.50a-initial-inventory
0x00460FB5,unknown,,review,unknown,ida-1.50a-initial-inventory
0x0046135C,unknown,,review,unknown,ida-1.50a-initial-inventory
0x004613A9,unknown,,review,unknown,ida-1.50a-initial-inventory
0x004614CC,unknown,,review,unknown,ida-1.50a-initial-inventory
0x0046154D,unknown,,review,unknown,ida-1.50a-initial-inventory
0x00461567,unknown,,review,unknown,ida-1.50a-initial-inventory
0x0046157D,unknown,,review,unknown,ida-1.50a-initial-inventory
0x00461593,unknown,,review,unknown,ida-1.50a-initial-inventory
0x004615BC,unknown,,review,unknown,ida-1.50a-initial-inventory
0x004615E7,unknown,,review,unknown,ida-1.50a-initial-inventory
0x004616B8,unknown,,review,unknown,ida-1.50a-initial-inventory
0x004616EB,unknown,,review,unknown,ida-1.50a-initial-inventory
0x00461752,unknown,,review,unknown,ida-1.50a-initial-inventory
0x0046175B,unknown,,review,unknown,ida-1.50a-initial-inventory
0x0046176D,unknown,,review,unknown,ida-1.50a-initial-inventory
0x00461786,unknown,,review,unknown,ida-1.50a-initial-inventory
0x0046179F,unknown,,review,unknown,ida-1.50a-initial-inventory
0x004617EC,unknown,,review,unknown,ida-1.50a-initial-inventory
0x00461819,unknown,,review,unknown,ida-1.50a-initial-inventory
0x004618D8,unknown,,review,unknown,ida-1.50a-initial-inventory
0x0046190E,unknown,,review,unknown,ida-1.50a-initial-inventory
0x00461917,unknown,,review,unknown,ida-1.50a-initial-inventory
0x00461A02,unknown,,review,unknown,ida-1.50a-initial-inventory
0x00461B12,unknown,,review,unknown,ida-1.50a-initial-inventory
0x00461C89,unknown,,review,unknown,ida-1.50a-initial-inventory
0x00461CCD,unknown,,review,unknown,ida-1.50a-initial-inventory
0x00461F05,unknown,,review,unknown,ida-1.50a-initial-inventory
0x00462253,unknown,,review,unknown,ida-1.50a-initial-inventory
0x0046245B,unknown,,review,unknown,ida-1.50a-initial-inventory
0x004627AD,unknown,,review,unknown,ida-1.50a-initial-inventory
0x004628BB,unknown,,review,unknown,ida-1.50a-initial-inventory
0x00462BC4,unknown,,review,unknown,ida-1.50a-initial-inventory
0x00462CD7,unknown,,review,unknown,ida-1.50a-initial-inventory
0x00462E8F,unknown,,review,unknown,ida-1.50a-initial-inventory
0x00462EAA,unknown,,review,unknown,ida-1.50a-initial-inventory
0x00462F4B,unknown,,review,unknown,ida-1.50a-initial-inventory
0x00462F6F,unknown,,review,unknown,ida-1.50a-initial-inventory
0x00462F8A,unknown,,review,unknown,ida-1.50a-initial-inventory
0x00462FC3,unknown,,review,unknown,ida-1.50a-initial-inventory
0x0046300A,unknown,,review,unknown,ida-1.50a-initial-inventory
0x00463032,unknown,,review,unknown,ida-1.50a-initial-inventory
0x00463071,unknown,,review,unknown,ida-1.50a-initial-inventory
0x004630B9,unknown,,review,unknown,ida-1.50a-initial-inventory
0x0046310C,unknown,,review,unknown,ida-1.50a-initial-inventory
0x00463111,unknown,,review,unknown,ida-1.50a-initial-inventory
0x00463168,unknown,,review,unknown,ida-1.50a-initial-inventory
0x00463176,unknown,,review,unknown,ida-1.50a-initial-inventory
0x0046319C,unknown,,review,unknown,ida-1.50a-initial-inventory
0x004631E8,unknown,,review,unknown,ida-1.50a-initial-inventory
0x00463266,unknown,,review,unknown,ida-1.50a-initial-inventory
0x00463296,unknown,,review,unknown,ida-1.50a-initial-inventory
0x004632B9,unknown,,review,unknown,ida-1.50a-initial-inventory
0x004633B3,unknown,,review,unknown,ida-1.50a-initial-inventory
0x004636B8,unknown,,review,unknown,ida-1.50a-initial-inventory
0x00463C23,unknown,,review,unknown,ida-1.50a-initial-inventory
0x00464427,unknown,,review,unknown,ida-1.50a-initial-inventory
0x00464565,unknown,,review,unknown,ida-1.50a-initial-inventory
0x004645E8,unknown,,review,unknown,ida-1.50a-initial-inventory
0x00464724,unknown,,review,unknown,ida-1.50a-initial-inventory
0x0046473C,unknown,,review,unknown,ida-1.50a-initial-inventory
0x00464850,unknown,,review,unknown,ida-1.50a-initial-inventory
0x00464CA2,unknown,,review,unknown,ida-1.50a-initial-inventory
0x00464CE8,unknown,,review,unknown,ida-1.50a-initial-inventory
0x00464D1C,unknown,,review,unknown,ida-1.50a-initial-inventory
0x00464D50,unknown,,review,unknown,ida-1.50a-initial-inventory
0x00464D90,unknown,,review,unknown,ida-1.50a-initial-inventory
0x00464DF0,unknown,,review,unknown,ida-1.50a-initial-inventory
0x00464E3E,unknown,,review,unknown,ida-1.50a-initial-inventory
0x00464F3E,unknown,,review,unknown,ida-1.50a-initial-inventory
0x0046500E,unknown,,review,unknown,ida-1.50a-initial-inventory
0x004650EE,unknown,,review,unknown,ida-1.50a-initial-inventory
0x004653AE,unknown,,review,unknown,ida-1.50a-initial-inventory
0x0046550E,unknown,,review,unknown,ida-1.50a-initial-inventory
0x004655B0,unknown,,review,unknown,ida-1.50a-initial-inventory
0x00465650,unknown,,review,unknown,ida-1.50a-initial-inventory
0x00465710,unknown,,review,unknown,ida-1.50a-initial-inventory
0x004657A0,unknown,,review,unknown,ida-1.50a-initial-inventory
0x00465850,unknown,,review,unknown,ida-1.50a-initial-inventory
0x00465910,unknown,,review,unknown,ida-1.50a-initial-inventory
0x004659B0,unknown,,review,unknown,ida-1.50a-initial-inventory
0x00465A40,unknown,,review,unknown,ida-1.50a-initial-inventory
0x00465AA0,unknown,,review,unknown,ida-1.50a-initial-inventory
0x00465AF0,unknown,,review,unknown,ida-1.50a-initial-inventory
0x00465B50,unknown,,review,unknown,ida-1.50a-initial-inventory
0x00465C1E,unknown,,review,unknown,ida-1.50a-initial-inventory
0x00465D0E,unknown,,review,unknown,ida-1.50a-initial-inventory
0x00465E9E,unknown,,review,unknown,ida-1.50a-initial-inventory
0x00465F70,unknown,,review,unknown,ida-1.50a-initial-inventory
0x00466000,unknown,,review,unknown,ida-1.50a-initial-inventory
0x004660AE,unknown,,review,unknown,ida-1.50a-initial-inventory
0x00466110,unknown,,review,unknown,ida-1.50a-initial-inventory
0x0046623E,unknown,,review,unknown,ida-1.50a-initial-inventory
0x0046630E,unknown,,review,unknown,ida-1.50a-initial-inventory
0x004663CE,unknown,,review,unknown,ida-1.50a-initial-inventory
0x0046648E,unknown,,review,unknown,ida-1.50a-initial-inventory
0x0046654E,unknown,,review,unknown,ida-1.50a-initial-inventory
0x0046669E,unknown,,review,unknown,ida-1.50a-initial-inventory
0x0046676E,unknown,,review,unknown,ida-1.50a-initial-inventory
0x0046684E,unknown,,review,unknown,ida-1.50a-initial-inventory
0x004668FE,unknown,,review,unknown,ida-1.50a-initial-inventory
0x0046697E,unknown,,review,unknown,ida-1.50a-initial-inventory
0x00466A0E,unknown,,review,unknown,ida-1.50a-initial-inventory
0x00466ADE,unknown,,review,unknown,ida-1.50a-initial-inventory
0x00466BCE,unknown,,review,unknown,ida-1.50a-initial-inventory
0x00466D5E,unknown,,review,unknown,ida-1.50a-initial-inventory
0x00466E30,unknown,,review,unknown,ida-1.50a-initial-inventory
0x00466F5E,unknown,,review,unknown,ida-1.50a-initial-inventory
0x00467116,unknown,,review,unknown,ida-1.50a-initial-inventory
0x004671C9,unknown,,review,unknown,ida-1.50a-initial-inventory
0x004673E5,unknown,,review,unknown,ida-1.50a-initial-inventory
0x004675FA,unknown,,review,unknown,ida-1.50a-initial-inventory
0x004676BF,unknown,,review,unknown,ida-1.50a-initial-inventory
0x0046772B,unknown,,review,unknown,ida-1.50a-initial-inventory
0x00467862,unknown,,review,unknown,ida-1.50a-initial-inventory
0x004678EF,unknown,,review,unknown,ida-1.50a-initial-inventory
0x00467981,unknown,,review,unknown,ida-1.50a-initial-inventory
0x004679E5,unknown,,review,unknown,ida-1.50a-initial-inventory
0x00467A8C,unknown,,review,unknown,ida-1.50a-initial-inventory
0x00467B31,unknown,,review,unknown,ida-1.50a-initial-inventory
0x0046858A,unknown,,review,unknown,ida-1.50a-initial-inventory
0x004687BC,unknown,,review,unknown,ida-1.50a-initial-inventory
0x0046888B,unknown,,review,unknown,ida-1.50a-initial-inventory
0x004688DB,unknown,,review,unknown,ida-1.50a-initial-inventory
0x004689C6,unknown,,review,unknown,ida-1.50a-initial-inventory
0x00468AA2,unknown,,review,unknown,ida-1.50a-initial-inventory
0x00468B05,unknown,,review,unknown,ida-1.50a-initial-inventory
0x00468B63,unknown,,review,unknown,ida-1.50a-initial-inventory
0x00468BBC,unknown,,review,unknown,ida-1.50a-initial-inventory
0x00468C03,unknown,,review,unknown,ida-1.50a-initial-inventory
0x00468C72,unknown,,review,unknown,ida-1.50a-initial-inventory
0x00468CAB,unknown,,review,unknown,ida-1.50a-initial-inventory
0x00468D7D,unknown,,review,unknown,ida-1.50a-initial-inventory
0x00468E32,unknown,,review,unknown,ida-1.50a-initial-inventory
0x00469FCA,unknown,,review,unknown,ida-1.50a-initial-inventory
0x0046A16F,unknown,,review,unknown,ida-1.50a-initial-inventory
0x0046A6A3,unknown,,review,unknown,ida-1.50a-initial-inventory
0x0046A7BC,unknown,,review,unknown,ida-1.50a-initial-inventory
0x0046B910,unknown,,review,unknown,ida-1.50a-initial-inventory
0x0046BBF2,unknown,,review,unknown,ida-1.50a-initial-inventory
0x0046BFEA,unknown,,review,unknown,ida-1.50a-initial-inventory
0x0046C31E,unknown,,review,unknown,ida-1.50a-initial-inventory
0x0046C412,unknown,,review,unknown,ida-1.50a-initial-inventory
0x0046C471,unknown,,review,unknown,ida-1.50a-initial-inventory
0x0046C4E2,unknown,,review,unknown,ida-1.50a-initial-inventory
0x0046C5B6,unknown,,review,unknown,ida-1.50a-initial-inventory
0x0046C6A0,unknown,,review,unknown,ida-1.50a-initial-inventory
0x0046C72B,unknown,,review,unknown,ida-1.50a-initial-inventory
0x0046C8F2,unknown,,review,unknown,ida-1.50a-initial-inventory
0x0046C8F7,unknown,,review,unknown,ida-1.50a-initial-inventory
0x0046CA7F,unknown,,review,unknown,ida-1.50a-initial-inventory
0x0046CCA5,unknown,,review,unknown,ida-1.50a-initial-inventory
0x0046D19A,unknown,,review,unknown,ida-1.50a-initial-inventory
0x0046D2CC,unknown,,review,unknown,ida-1.50a-initial-inventory
0x0046D33D,unknown,,review,unknown,ida-1.50a-initial-inventory
0x0046D405,unknown,,review,unknown,ida-1.50a-initial-inventory
0x0046D6C8,unknown,,review,unknown,ida-1.50a-initial-inventory
0x0046D72C,unknown,,review,unknown,ida-1.50a-initial-inventory
0x0046D7AA,unknown,,review,unknown,ida-1.50a-initial-inventory
0x0046D7BA,unknown,,review,unknown,ida-1.50a-initial-inventory
0x0046D7D2,unknown,,review,unknown,ida-1.50a-initial-inventory
0x0046D819,unknown,,review,unknown,ida-1.50a-initial-inventory
0x0046D83B,unknown,,review,unknown,ida-1.50a-initial-inventory
0x0046D856,unknown,,review,unknown,ida-1.50a-initial-inventory
0x0046D888,unknown,,review,unknown,ida-1.50a-initial-inventory
0x0046DA43,unknown,,review,unknown,ida-1.50a-initial-inventory
0x0046DBB9,unknown,,review,unknown,ida-1.50a-initial-inventory
0x0046DC4B,unknown,,review,unknown,ida-1.50a-initial-inventory
0x0046DC85,unknown,,review,unknown,ida-1.50a-initial-inventory
0x0046DD18,unknown,,review,unknown,ida-1.50a-initial-inventory
0x0046DD4F,unknown,,review,unknown,ida-1.50a-initial-inventory
0x0046DD60,unknown,,review,unknown,ida-1.50a-initial-inventory
0x0046DDA1,unknown,,review,unknown,ida-1.50a-initial-inventory
0x0046DDB6,unknown,,review,unknown,ida-1.50a-initial-inventory
0x0046DEB2,unknown,,review,unknown,ida-1.50a-initial-inventory
0x0046DF40,unknown,,review,unknown,ida-1.50a-initial-inventory
0x0046DFD2,unknown,,review,unknown,ida-1.50a-initial-inventory
0x0046E070,unknown,,review,unknown,ida-1.50a-initial-inventory
0x0046E0D1,unknown,,review,unknown,ida-1.50a-initial-inventory
0x0046E132,unknown,,review,unknown,ida-1.50a-initial-inventory
0x0046E2B1,unknown,,review,unknown,ida-1.50a-initial-inventory
0x0046E339,unknown,,review,unknown,ida-1.50a-initial-inventory
0x0046E3C4,unknown,,review,unknown,ida-1.50a-initial-inventory
0x0046E4E2,unknown,,review,unknown,ida-1.50a-initial-inventory
0x0046E605,unknown,,review,unknown,ida-1.50a-initial-inventory
0x0046E6E6,unknown,,review,unknown,ida-1.50a-initial-inventory
0x0046E716,unknown,,review,unknown,ida-1.50a-initial-inventory
0x0046E7CA,unknown,,review,unknown,ida-1.50a-initial-inventory
0x0046E7EC,unknown,,review,unknown,ida-1.50a-initial-inventory
0x0046E807,unknown,,review,unknown,ida-1.50a-initial-inventory
0x0046E823,unknown,,review,unknown,ida-1.50a-initial-inventory
0x0046E83F,unknown,,review,unknown,ida-1.50a-initial-inventory
0x0046E8B0,unknown,,review,unknown,ida-1.50a-initial-inventory
0x0046EA9F,unknown,,review,unknown,ida-1.50a-initial-inventory
0x0046EB0E,unknown,,review,unknown,ida-1.50a-initial-inventory
0x0046ECBB,unknown,,review,unknown,ida-1.50a-initial-inventory
0x0046EDE8,unknown,,review,unknown,ida-1.50a-initial-inventory
0x0046EE09,unknown,,review,unknown,ida-1.50a-initial-inventory
0x0046EE39,unknown,,review,unknown,ida-1.50a-initial-inventory
0x0046EE78,unknown,,review,unknown,ida-1.50a-initial-inventory
0x0046EEB6,unknown,,review,unknown,ida-1.50a-initial-inventory
0x0046EF9B,unknown,,review,unknown,ida-1.50a-initial-inventory
0x0046EFB2,unknown,,review,unknown,ida-1.50a-initial-inventory
0x0046F319,unknown,,review,unknown,ida-1.50a-initial-inventory
0x0046F35B,unknown,,review,unknown,ida-1.50a-initial-inventory
0x0046F368,unknown,,review,unknown,ida-1.50a-initial-inventory
0x0046F39E,unknown,,review,unknown,ida-1.50a-initial-inventory
0x0046F3B7,unknown,,review,unknown,ida-1.50a-initial-inventory
0x0046F3DA,unknown,,review,unknown,ida-1.50a-initial-inventory
0x0046F40B,unknown,,review,unknown,ida-1.50a-initial-inventory
0x0046F42E,unknown,,review,unknown,ida-1.50a-initial-inventory
0x0046F448,unknown,,review,unknown,ida-1.50a-initial-inventory
0x0046F4A6,unknown,,review,unknown,ida-1.50a-initial-inventory
0x0046F508,unknown,,review,unknown,ida-1.50a-initial-inventory
0x0046F71E,unknown,,review,unknown,ida-1.50a-initial-inventory
0x0046F9E7,unknown,,review,unknown,ida-1.50a-initial-inventory
0x0046FB62,unknown,,review,unknown,ida-1.50a-initial-inventory
0x0046FCFE,unknown,,review,unknown,ida-1.50a-initial-inventory
0x0046FD8A,unknown,,review,unknown,ida-1.50a-initial-inventory
0x0046FF80,unknown,,review,unknown,ida-1.50a-initial-inventory
0x004700AA,unknown,,review,unknown,ida-1.50a-initial-inventory
0x004700F4,unknown,,review,unknown,ida-1.50a-initial-inventory
0x004701FF,unknown,,review,unknown,ida-1.50a-initial-inventory
0x004702EE,unknown,,review,unknown,ida-1.50a-initial-inventory
0x004704A5,unknown,,review,unknown,ida-1.50a-initial-inventory
0x004704EF,unknown,,review,unknown,ida-1.50a-initial-inventory
0x00470713,unknown,,review,unknown,ida-1.50a-initial-inventory
0x00470820,unknown,,review,unknown,ida-1.50a-initial-inventory
0x00470A10,unknown,,review,unknown,ida-1.50a-initial-inventory
0x00470B00,unknown,,review,unknown,ida-1.50a-initial-inventory
0x00470D40,unknown,,review,unknown,ida-1.50a-initial-inventory
0x00470E40,unknown,,review,unknown,ida-1.50a-initial-inventory
0x00471040,unknown,,review,unknown,ida-1.50a-initial-inventory
0x00471420,unknown,,review,unknown,ida-1.50a-initial-inventory
0x00471540,unknown,,review,unknown,ida-1.50a-initial-inventory
0x00471938,unknown,,review,unknown,ida-1.50a-initial-inventory
0x00471943,unknown,,review,unknown,ida-1.50a-initial-inventory
0x0047194E,unknown,,review,unknown,ida-1.50a-initial-inventory
0x00471953,unknown,,review,unknown,ida-1.50a-initial-inventory
0x00471967,unknown,,review,unknown,ida-1.50a-initial-inventory
0x00471A0F,unknown,,review,unknown,ida-1.50a-initial-inventory
0x00471B40,unknown,,review,unknown,ida-1.50a-initial-inventory
0x00471C14,unknown,,review,unknown,ida-1.50a-initial-inventory
0x00471CAA,unknown,,review,unknown,ida-1.50a-initial-inventory
0x00471D12,unknown,,review,unknown,ida-1.50a-initial-inventory
0x00471E1A,unknown,,review,unknown,ida-1.50a-initial-inventory
0x00471E3D,unknown,,review,unknown,ida-1.50a-initial-inventory
0x00471EA5,unknown,,review,unknown,ida-1.50a-initial-inventory
0x00471F78,unknown,,review,unknown,ida-1.50a-initial-inventory
0x00471FB7,unknown,,review,unknown,ida-1.50a-initial-inventory
0x00471FC7,unknown,,review,unknown,ida-1.50a-initial-inventory
0x004721A1,unknown,,review,unknown,ida-1.50a-initial-inventory
0x00472340,unknown,,review,unknown,ida-1.50a-initial-inventory
0x004724A6,unknown,,review,unknown,ida-1.50a-initial-inventory
0x00472589,unknown,,review,unknown,ida-1.50a-initial-inventory
0x00472AA6,unknown,,review,unknown,ida-1.50a-initial-inventory
0x00472AE1,unknown,,review,unknown,ida-1.50a-initial-inventory
0x00472BD9,unknown,,review,unknown,ida-1.50a-initial-inventory
0x00472D83,unknown,,review,unknown,ida-1.50a-initial-inventory
0x00472E6D,unknown,,review,unknown,ida-1.50a-initial-inventory
0x00472F57,unknown,,review,unknown,ida-1.50a-initial-inventory
0x00472FB5,unknown,,review,unknown,ida-1.50a-initial-inventory
0x00473382,unknown,,review,unknown,ida-1.50a-initial-inventory
0x004734B1,unknown,,review,unknown,ida-1.50a-initial-inventory
0x004734EB,unknown,,review,unknown,ida-1.50a-initial-inventory
0x00473546,unknown,,review,unknown,ida-1.50a-initial-inventory
0x00473743,unknown,,review,unknown,ida-1.50a-initial-inventory
0x0047396C,unknown,,review,unknown,ida-1.50a-initial-inventory
0x00473A4E,unknown,,review,unknown,ida-1.50a-initial-inventory
0x00473DBC,unknown,,review,unknown,ida-1.50a-initial-inventory
0x0047405F,unknown,,review,unknown,ida-1.50a-initial-inventory
0x004740C0,unknown,,review,unknown,ida-1.50a-initial-inventory
0x00474277,unknown,,review,unknown,ida-1.50a-initial-inventory
0x004742EB,unknown,,review,unknown,ida-1.50a-initial-inventory
0x00474350,unknown,,review,unknown,ida-1.50a-initial-inventory
0x004743E0,unknown,,review,unknown,ida-1.50a-initial-inventory
0x0047446C,unknown,,review,unknown,ida-1.50a-initial-inventory
0x00474512,unknown,,review,unknown,ida-1.50a-initial-inventory
0x00474595,unknown,,review,unknown,ida-1.50a-initial-inventory
0x004745AF,unknown,,review,unknown,ida-1.50a-initial-inventory
0x00474675,unknown,,review,unknown,ida-1.50a-initial-inventory
0x00474680,unknown,,review,unknown,ida-1.50a-initial-inventory
0x00474688,unknown,,review,unknown,ida-1.50a-initial-inventory
0x00474765,unknown,,review,unknown,ida-1.50a-initial-inventory
0x004747BC,unknown,,review,unknown,ida-1.50a-initial-inventory
0x00474826,unknown,,review,unknown,ida-1.50a-initial-inventory
0x004748CA,unknown,,review,unknown,ida-1.50a-initial-inventory
0x004749D1,unknown,,review,unknown,ida-1.50a-initial-inventory
0x00474B92,unknown,,review,unknown,ida-1.50a-initial-inventory
0x00474C42,unknown,,review,unknown,ida-1.50a-initial-inventory
0x00474CAD,unknown,,review,unknown,ida-1.50a-initial-inventory
0x00474CD0,unknown,,review,unknown,ida-1.50a-initial-inventory
0x00474E02,unknown,,review,unknown,ida-1.50a-initial-inventory
0x00474F3E,unknown,,review,unknown,ida-1.50a-initial-inventory
0x0047515C,unknown,,review,unknown,ida-1.50a-initial-inventory
0x0047527D,unknown,,review,unknown,ida-1.50a-initial-inventory
0x0047532D,unknown,,review,unknown,ida-1.50a-initial-inventory
0x00475342,unknown,,review,unknown,ida-1.50a-initial-inventory
0x004753E8,unknown,,review,unknown,ida-1.50a-initial-inventory
0x00475419,unknown,,review,unknown,ida-1.50a-initial-inventory
0x0047556F,unknown,,review,unknown,ida-1.50a-initial-inventory
0x00475755,unknown,,review,unknown,ida-1.50a-initial-inventory
0x004757CA,unknown,,review,unknown,ida-1.50a-initial-inventory
0x00475836,unknown,,review,unknown,ida-1.50a-initial-inventory
0x00475B6E,unknown,,review,unknown,ida-1.50a-initial-inventory
0x00475CC1,unknown,,review,unknown,ida-1.50a-initial-inventory
0x00475DF9,unknown,,review,unknown,ida-1.50a-initial-inventory
0x00475E86,unknown,,review,unknown,ida-1.50a-initial-inventory
0x00476006,unknown,,review,unknown,ida-1.50a-initial-inventory
0x00476120,unknown,,review,unknown,ida-1.50a-initial-inventory
0x004761F0,unknown,,review,unknown,ida-1.50a-initial-inventory
0x00476299,unknown,,review,unknown,ida-1.50a-initial-inventory
0x00476507,unknown,,review,unknown,ida-1.50a-initial-inventory
0x00476597,unknown,,review,unknown,ida-1.50a-initial-inventory
0x004765B9,unknown,,review,unknown,ida-1.50a-initial-inventory
0x004766BB,unknown,,review,unknown,ida-1.50a-initial-inventory
0x004766CA,unknown,,review,unknown,ida-1.50a-initial-inventory
0x004767DD,unknown,,review,unknown,ida-1.50a-initial-inventory
0x004768A8,unknown,,review,unknown,ida-1.50a-initial-inventory
0x004769D5,unknown,,review,unknown,ida-1.50a-initial-inventory
0x00476B00,unknown,,review,unknown,ida-1.50a-initial-inventory
0x00476BC5,unknown,,review,unknown,ida-1.50a-initial-inventory
0x00476C4D,unknown,,review,unknown,ida-1.50a-initial-inventory
0x00476CDA,unknown,,review,unknown,ida-1.50a-initial-inventory
0x00476DC5,unknown,,review,unknown,ida-1.50a-initial-inventory
0x00476EC4,unknown,,review,unknown,ida-1.50a-initial-inventory
0x00477048,unknown,,review,unknown,ida-1.50a-initial-inventory
0x0047707E,unknown,,review,unknown,ida-1.50a-initial-inventory
0x00477148,unknown,,review,unknown,ida-1.50a-initial-inventory
0x0047715C,unknown,,review,unknown,ida-1.50a-initial-inventory
0x004771E3,unknown,,review,unknown,ida-1.50a-initial-inventory
0x0047724E,unknown,,review,unknown,ida-1.50a-initial-inventory
0x004772DB,unknown,,review,unknown,ida-1.50a-initial-inventory
0x00477A76,unknown,,review,unknown,ida-1.50a-initial-inventory
0x00477AAA,unknown,,review,unknown,ida-1.50a-initial-inventory
0x00477BC3,unknown,,review,unknown,ida-1.50a-initial-inventory
0x00477BD3,unknown,,review,unknown,ida-1.50a-initial-inventory
0x00477EE8,unknown,,review,unknown,ida-1.50a-initial-inventory
0x004780A6,unknown,,review,unknown,ida-1.50a-initial-inventory
0x004780E3,unknown,,review,unknown,ida-1.50a-initial-inventory
0x0047812F,unknown,,review,unknown,ida-1.50a-initial-inventory
0x0047817B,unknown,,review,unknown,ida-1.50a-initial-inventory
0x0047855C,unknown,,review,unknown,ida-1.50a-initial-inventory
0x00478590,unknown,,review,unknown,ida-1.50a-initial-inventory
0x00478AF4,unknown,,review,unknown,ida-1.50a-initial-inventory
0x00478B05,unknown,,review,unknown,ida-1.50a-initial-inventory
0x00478E8A,unknown,,review,unknown,ida-1.50a-initial-inventory
0x00478F09,unknown,,review,unknown,ida-1.50a-initial-inventory
0x0047900C,unknown,,review,unknown,ida-1.50a-initial-inventory
0x0047903B,unknown,,review,unknown,ida-1.50a-initial-inventory
0x00479150,unknown,,review,unknown,ida-1.50a-initial-inventory
0x004795B2,unknown,,review,unknown,ida-1.50a-initial-inventory
0x00479C6A,unknown,,review,unknown,ida-1.50a-initial-inventory
0x00479FC5,unknown,,review,unknown,ida-1.50a-initial-inventory
0x0047AD98,unknown,,review,unknown,ida-1.50a-initial-inventory
0x0047B04E,unknown,,review,unknown,ida-1.50a-initial-inventory
0x0047B054,unknown,,review,unknown,ida-1.50a-initial-inventory
0x0047B08C,unknown,,review,unknown,ida-1.50a-initial-inventory
0x0047B0AA,unknown,,review,unknown,ida-1.50a-initial-inventory
0x0047B125,unknown,,review,unknown,ida-1.50a-initial-inventory
0x0047B151,unknown,,review,unknown,ida-1.50a-initial-inventory
0x0047B163,unknown,,review,unknown,ida-1.50a-initial-inventory
0x0047B1D4,unknown,,review,unknown,ida-1.50a-initial-inventory
0x0047B249,unknown,,review,unknown,ida-1.50a-initial-inventory
0x0047B24E,unknown,,review,unknown,ida-1.50a-initial-inventory
0x0047B25C,unknown,,review,unknown,ida-1.50a-initial-inventory
0x0047B28C,unknown,,review,unknown,ida-1.50a-initial-inventory
0x0047B293,unknown,,review,unknown,ida-1.50a-initial-inventory
0x0047B2E5,unknown,,review,unknown,ida-1.50a-initial-inventory
0x0047B31B,unknown,,review,unknown,ida-1.50a-initial-inventory
0x0047B356,unknown,,review,unknown,ida-1.50a-initial-inventory
0x0047B41D,unknown,,review,unknown,ida-1.50a-initial-inventory
0x0047B4CF,unknown,,review,unknown,ida-1.50a-initial-inventory
0x0047B549,unknown,,review,unknown,ida-1.50a-initial-inventory
0x0047B571,unknown,,review,unknown,ida-1.50a-initial-inventory
0x0047B592,unknown,,review,unknown,ida-1.50a-initial-inventory
0x0047B5DE,unknown,,review,unknown,ida-1.50a-initial-inventory
0x0047B638,unknown,,review,unknown,ida-1.50a-initial-inventory
0x0047B658,unknown,,review,unknown,ida-1.50a-initial-inventory
0x0047B67A,unknown,,review,unknown,ida-1.50a-initial-inventory
0x0047B6E2,unknown,,review,unknown,ida-1.50a-initial-inventory
0x0047B705,unknown,,review,unknown,ida-1.50a-initial-inventory
0x0047B70E,unknown,,review,unknown,ida-1.50a-initial-inventory
0x0047B730,unknown,,review,unknown,ida-1.50a-initial-inventory
0x0047B73A,unknown,,review,unknown,ida-1.50a-initial-inventory
0x0047B762,unknown,,review,unknown,ida-1.50a-initial-inventory
0x0047B7EA,unknown,,review,unknown,ida-1.50a-initial-inventory
0x0047B7EF,unknown,,review,unknown,ida-1.50a-initial-inventory
0x0047B80F,unknown,,review,unknown,ida-1.50a-initial-inventory
0x0047B888,unknown,,review,unknown,ida-1.50a-initial-inventory
0x0047BAEE,unknown,,review,unknown,ida-1.50a-initial-inventory
0x0047BF78,unknown,,review,unknown,ida-1.50a-initial-inventory
0x0047C03D,unknown,,review,unknown,ida-1.50a-initial-inventory
0x0047C06F,unknown,,review,unknown,ida-1.50a-initial-inventory
0x0047C08A,unknown,,review,unknown,ida-1.50a-initial-inventory
0x0047C20A,unknown,,review,unknown,ida-1.50a-initial-inventory
0x0047C243,unknown,,review,unknown,ida-1.50a-initial-inventory
0x0047C2EB,unknown,,review,unknown,ida-1.50a-initial-inventory
0x0047C323,unknown,,review,unknown,ida-1.50a-initial-inventory
0x0047C335,unknown,,review,unknown,ida-1.50a-initial-inventory
0x0047C390,unknown,,review,unknown,ida-1.50a-initial-inventory
0x0047C3F0,unknown,,review,unknown,ida-1.50a-initial-inventory
0x0047C47B,unknown,,review,unknown,ida-1.50a-initial-inventory
0x0047C4E0,unknown,,review,unknown,ida-1.50a-initial-inventory
0x0047C4F0,unknown,,review,unknown,ida-1.50a-initial-inventory
0x0047C5D8,unknown,,review,unknown,ida-1.50a-initial-inventory
0x0047C71B,unknown,,review,unknown,ida-1.50a-initial-inventory
0x0047C750,unknown,,review,unknown,ida-1.50a-initial-inventory
0x0047CA90,unknown,,review,unknown,ida-1.50a-initial-inventory
0x0047CAB0,unknown,,review,unknown,ida-1.50a-initial-inventory
0x0047CAF0,unknown,,review,unknown,ida-1.50a-initial-inventory
0x0047CB30,unknown,,review,unknown,ida-1.50a-initial-inventory
0x0047CBEE,unknown,,review,unknown,ida-1.50a-initial-inventory
0x0047CC30,unknown,,review,unknown,ida-1.50a-initial-inventory
0x0047CC69,unknown,,review,unknown,ida-1.50a-initial-inventory
0x0047CCCF,unknown,,review,unknown,ida-1.50a-initial-inventory
0x0047CCE5,unknown,,review,unknown,ida-1.50a-initial-inventory
0x0047CDE0,unknown,,review,unknown,ida-1.50a-initial-inventory
0x0047CE0B,unknown,,review,unknown,ida-1.50a-initial-inventory
0x0047CE69,unknown,,review,unknown,ida-1.50a-initial-inventory
0x0047CEC9,unknown,,review,unknown,ida-1.50a-initial-inventory
0x0047CF2B,unknown,,review,unknown,ida-1.50a-initial-inventory
0x0047CF40,unknown,,review,unknown,ida-1.50a-initial-inventory
0x0047D280,unknown,,review,unknown,ida-1.50a-initial-inventory
0x0047D294,unknown,,review,unknown,ida-1.50a-initial-inventory
0x0047D29D,unknown,,review,unknown,ida-1.50a-initial-inventory
0x0047D350,unknown,,review,unknown,ida-1.50a-initial-inventory
0x0047D3C0,unknown,,review,unknown,ida-1.50a-initial-inventory
0x0047D3F4,unknown,,review,unknown,ida-1.50a-initial-inventory
0x0047D416,library,CRT,exclude,high,crt-wincrt0-structural-review-2026-09-10
0x0047D43B,library,CRT,exclude,high,crt-wincrt0-structural-review-2026-09-10
0x0047D45F,library,CRT,exclude,high,crt-winmain-startup-structural-review-2026-09-10
0x0047D634,library,CRT,exclude,high,crt-ieeemisc-structural-review-2026-09-10
0x0047D649,library,CRT,exclude,high,crt-ieeemisc-structural-review-2026-09-10
0x0047D6E8,library,CRT,exclude,high,crt-longjmp-setjmp3-structural-review-2026-09-10
0x0047D764,library,CRT,exclude,high,crt-longjmp-setjmp3-structural-review-2026-09-10
0x0047D7DF,unknown,,review,unknown,ida-1.50a-initial-inventory
0x0047D819,unknown,,review,unknown,ida-1.50a-initial-inventory
0x0047D858,unknown,,review,unknown,ida-1.50a-initial-inventory
0x0047D894,unknown,,review,unknown,ida-1.50a-initial-inventory
0x0047D8C0,unknown,,review,unknown,ida-1.50a-initial-inventory
0x0047D900,unknown,,review,unknown,ida-1.50a-initial-inventory
0x0047D95D,unknown,,review,unknown,ida-1.50a-initial-inventory
0x0047DB22,unknown,,review,unknown,ida-1.50a-initial-inventory
0x0047DB50,unknown,,review,unknown,ida-1.50a-initial-inventory
0x0047DC80,unknown,,review,unknown,ida-1.50a-initial-inventory
0x0047DC9F,unknown,,review,unknown,ida-1.50a-initial-inventory
0x0047DCCF,unknown,,review,unknown,ida-1.50a-initial-inventory
0x0047DCD8,unknown,,review,unknown,ida-1.50a-initial-inventory
0x0047DCE1,unknown,,review,unknown,ida-1.50a-initial-inventory
0x0047DCF9,unknown,,review,unknown,ida-1.50a-initial-inventory
0x0047DD63,unknown,,review,unknown,ida-1.50a-initial-inventory
0x0047DE26,unknown,,review,unknown,ida-1.50a-initial-inventory
0x0047DE37,unknown,,review,unknown,ida-1.50a-initial-inventory
0x0047DE48,unknown,,review,unknown,ida-1.50a-initial-inventory
0x0047DE57,unknown,,review,unknown,ida-1.50a-initial-inventory
0x0047DE66,unknown,,review,unknown,ida-1.50a-initial-inventory
0x0047DF21,unknown,,review,unknown,ida-1.50a-initial-inventory
0x0047DFC2,unknown,,review,unknown,ida-1.50a-initial-inventory
0x0047E000,unknown,,review,unknown,ida-1.50a-initial-inventory
0x0047E01D,unknown,,review,unknown,ida-1.50a-initial-inventory
0x0047E0CB,unknown,,review,unknown,ida-1.50a-initial-inventory
0x0047E137,unknown,,review,unknown,ida-1.50a-initial-inventory
0x0047E1D3,unknown,,review,unknown,ida-1.50a-initial-inventory
0x0047E235,unknown,,review,unknown,ida-1.50a-initial-inventory
0x0047E2CF,unknown,,review,unknown,ida-1.50a-initial-inventory
0x0047E320,unknown,,review,unknown,ida-1.50a-initial-inventory
0x0047E332,unknown,,review,unknown,ida-1.50a-initial-inventory
0x0047E372,unknown,,review,unknown,ida-1.50a-initial-inventory
0x0047E39B,unknown,,review,unknown,ida-1.50a-initial-inventory
0x0047E3E4,unknown,,review,unknown,ida-1.50a-initial-inventory
0x0047E439,unknown,,review,unknown,ida-1.50a-initial-inventory
0x0047E44E,unknown,,review,unknown,ida-1.50a-initial-inventory
0x0047E4EE,unknown,,review,unknown,ida-1.50a-initial-inventory
0x0047E51F,unknown,,review,unknown,ida-1.50a-initial-inventory
0x0047E539,unknown,,review,unknown,ida-1.50a-initial-inventory
0x0047E58A,unknown,,review,unknown,ida-1.50a-initial-inventory
0x0047E5D2,unknown,,review,unknown,ida-1.50a-initial-inventory
0x0047E5FD,unknown,,review,unknown,ida-1.50a-initial-inventory
0x0047E915,unknown,,review,unknown,ida-1.50a-initial-inventory
0x0047E9CC,unknown,,review,unknown,ida-1.50a-initial-inventory
0x0047EAD2,unknown,,review,unknown,ida-1.50a-initial-inventory
0x0047EDB1,unknown,,review,unknown,ida-1.50a-initial-inventory
0x0047F0B0,unknown,,review,unknown,ida-1.50a-initial-inventory
0x0047F0EB,unknown,,review,unknown,ida-1.50a-initial-inventory
0x0047F104,unknown,,review,unknown,ida-1.50a-initial-inventory
0x0047F1EA,unknown,,review,unknown,ida-1.50a-initial-inventory
0x0047F205,unknown,,review,unknown,ida-1.50a-initial-inventory
0x0047F220,unknown,,review,unknown,ida-1.50a-initial-inventory
0x0047F26F,unknown,,review,unknown,ida-1.50a-initial-inventory
0x0047F28D,unknown,,review,unknown,ida-1.50a-initial-inventory
0x0047F35B,unknown,,review,unknown,ida-1.50a-initial-inventory
0x0047F3A0,unknown,,review,unknown,ida-1.50a-initial-inventory
0x0047F3BF,unknown,,review,unknown,ida-1.50a-initial-inventory
0x0047F583,unknown,,review,unknown,ida-1.50a-initial-inventory
0x0047F6FF,unknown,,review,unknown,ida-1.50a-initial-inventory
0x0047F766,unknown,,review,unknown,ida-1.50a-initial-inventory
0x0047F824,unknown,,review,unknown,ida-1.50a-initial-inventory
0x0047FA28,unknown,,review,unknown,ida-1.50a-initial-inventory
0x0047FACA,unknown,,review,unknown,ida-1.50a-initial-inventory
0x0047FAD3,unknown,,review,unknown,ida-1.50a-initial-inventory
0x0047FAF0,unknown,,review,unknown,ida-1.50a-initial-inventory
0x0047FB61,unknown,,review,unknown,ida-1.50a-initial-inventory
0x0047FCA8,unknown,,review,unknown,ida-1.50a-initial-inventory
0x0047FD97,unknown,,review,unknown,ida-1.50a-initial-inventory
0x0047FDCC,unknown,,review,unknown,ida-1.50a-initial-inventory
0x0047FE00,unknown,,review,unknown,ida-1.50a-initial-inventory
0x0047FE50,unknown,,review,unknown,ida-1.50a-initial-inventory
0x0047FE8E,unknown,,review,unknown,ida-1.50a-initial-inventory
0x0047FECB,unknown,,review,unknown,ida-1.50a-initial-inventory
0x0047FF13,unknown,,review,unknown,ida-1.50a-initial-inventory
0x0047FF1A,unknown,,review,unknown,ida-1.50a-initial-inventory
0x00480061,unknown,,review,unknown,ida-1.50a-initial-inventory
0x00480094,unknown,,review,unknown,ida-1.50a-initial-inventory
0x004800D0,unknown,,review,unknown,ida-1.50a-initial-inventory
0x00480137,unknown,,review,unknown,ida-1.50a-initial-inventory
0x00480289,unknown,,review,unknown,ida-1.50a-initial-inventory
0x00480299,unknown,,review,unknown,ida-1.50a-initial-inventory
0x004802A0,unknown,,review,unknown,ida-1.50a-initial-inventory
0x004803B7,unknown,,review,unknown,ida-1.50a-initial-inventory
0x00480856,unknown,,review,unknown,ida-1.50a-initial-inventory
0x00480869,unknown,,review,unknown,ida-1.50a-initial-inventory
0x00480A7C,unknown,,review,unknown,ida-1.50a-initial-inventory
0x00480A91,unknown,,review,unknown,ida-1.50a-initial-inventory
0x00480AA6,unknown,,review,unknown,ida-1.50a-initial-inventory
0x00480CAC,unknown,,review,unknown,ida-1.50a-initial-inventory
0x00480D5E,unknown,,review,unknown,ida-1.50a-initial-inventory
0x00480F64,unknown,,review,unknown,ida-1.50a-initial-inventory
0x0048102B,unknown,,review,unknown,ida-1.50a-initial-inventory
0x004810A2,unknown,,review,unknown,ida-1.50a-initial-inventory
0x00481172,unknown,,review,unknown,ida-1.50a-initial-inventory
0x00481233,unknown,,review,unknown,ida-1.50a-initial-inventory
0x0048126E,unknown,,review,unknown,ida-1.50a-initial-inventory
0x00481516,unknown,,review,unknown,ida-1.50a-initial-inventory
0x004816CE,unknown,,review,unknown,ida-1.50a-initial-inventory
0x00481855,unknown,,review,unknown,ida-1.50a-initial-inventory
0x004818A1,unknown,,review,unknown,ida-1.50a-initial-inventory
0x004818E0,unknown,,review,unknown,ida-1.50a-initial-inventory
0x0048192E,unknown,,review,unknown,ida-1.50a-initial-inventory
0x00481A11,unknown,,review,unknown,ida-1.50a-initial-inventory
0x00481B18,unknown,,review,unknown,ida-1.50a-initial-inventory
0x00481CC5,unknown,,review,unknown,ida-1.50a-initial-inventory
0x00481D3B,unknown,,review,unknown,ida-1.50a-initial-inventory
0x00481E54,unknown,,review,unknown,ida-1.50a-initial-inventory
0x00481E87,unknown,,review,unknown,ida-1.50a-initial-inventory
0x00481EAB,unknown,,review,unknown,ida-1.50a-initial-inventory
0x00481EE2,unknown,,review,unknown,ida-1.50a-initial-inventory
0x004826DC,unknown,,review,unknown,ida-1.50a-initial-inventory
0x004826E5,unknown,,review,unknown,ida-1.50a-initial-inventory
0x004826EE,unknown,,review,unknown,ida-1.50a-initial-inventory
0x00482761,unknown,,review,unknown,ida-1.50a-initial-inventory
0x004827E6,unknown,,review,unknown,ida-1.50a-initial-inventory
0x00482817,unknown,,review,unknown,ida-1.50a-initial-inventory
0x00482825,unknown,,review,unknown,ida-1.50a-initial-inventory
0x0048283B,unknown,,review,unknown,ida-1.50a-initial-inventory
0x00483674,unknown,,review,unknown,ida-1.50a-initial-inventory
0x004836A3,unknown,,review,unknown,ida-1.50a-initial-inventory
0x004836C6,unknown,,review,unknown,ida-1.50a-initial-inventory
0x004836F5,unknown,,review,unknown,ida-1.50a-initial-inventory
0x00483718,unknown,,review,unknown,ida-1.50a-initial-inventory
0x004837A0,unknown,,review,unknown,ida-1.50a-initial-inventory
0x004837CA,unknown,,review,unknown,ida-1.50a-initial-inventory
0x00483840,unknown,,review,unknown,ida-1.50a-initial-inventory
0x00483857,unknown,,review,unknown,ida-1.50a-initial-inventory
0x004838A0,unknown,,review,unknown,ida-1.50a-initial-inventory
0x004838B5,unknown,,review,unknown,ida-1.50a-initial-inventory
0x004838CC,unknown,,review,unknown,ida-1.50a-initial-inventory
0x004838E5,unknown,,review,unknown,ida-1.50a-initial-inventory
0x00483928,unknown,,review,unknown,ida-1.50a-initial-inventory
0x00483975,unknown,,review,unknown,ida-1.50a-initial-inventory
0x00483989,unknown,,review,unknown,ida-1.50a-initial-inventory
0x00483A2C,unknown,,review,unknown,ida-1.50a-initial-inventory
0x00483BA3,unknown,,review,unknown,ida-1.50a-initial-inventory
0x00483BDC,unknown,,review,unknown,ida-1.50a-initial-inventory
0x00483D40,unknown,,review,unknown,ida-1.50a-initial-inventory
0x00483D9D,unknown,,review,unknown,ida-1.50a-initial-inventory
0x00483E64,unknown,,review,unknown,ida-1.50a-initial-inventory
0x00483FD0,unknown,,review,unknown,ida-1.50a-initial-inventory
0x00484072,unknown,,review,unknown,ida-1.50a-initial-inventory
0x00484194,unknown,,review,unknown,ida-1.50a-initial-inventory
0x00484392,unknown,,review,unknown,ida-1.50a-initial-inventory
0x004843D6,unknown,,review,unknown,ida-1.50a-initial-inventory
0x0048441A,unknown,,review,unknown,ida-1.50a-initial-inventory
0x00484444,unknown,,review,unknown,ida-1.50a-initial-inventory
0x0048449F,unknown,,review,unknown,ida-1.50a-initial-inventory
0x0048455B,unknown,,review,unknown,ida-1.50a-initial-inventory
0x00484800,unknown,,review,unknown,ida-1.50a-initial-inventory
0x00484A24,unknown,,review,unknown,ida-1.50a-initial-inventory
0x00484A4C,unknown,,review,unknown,ida-1.50a-initial-inventory
0x00484A79,unknown,,review,unknown,ida-1.50a-initial-inventory
0x00484B17,unknown,,review,unknown,ida-1.50a-initial-inventory
0x00484B6A,unknown,,review,unknown,ida-1.50a-initial-inventory
0x00484C22,unknown,,review,unknown,ida-1.50a-initial-inventory
0x00484C2D,unknown,,review,unknown,ida-1.50a-initial-inventory
0x00484C39,unknown,,review,unknown,ida-1.50a-initial-inventory
0x00484C5D,unknown,,review,unknown,ida-1.50a-initial-inventory
0x00484CB3,unknown,,review,unknown,ida-1.50a-initial-inventory
0x00484CF5,unknown,,review,unknown,ida-1.50a-initial-inventory
0x00484D2A,unknown,,review,unknown,ida-1.50a-initial-inventory
0x00484E00,unknown,,review,unknown,ida-1.50a-initial-inventory
0x00484E19,unknown,,review,unknown,ida-1.50a-initial-inventory
0x00485A37,unknown,,review,unknown,ida-1.50a-initial-inventory
0x00485A82,unknown,,review,unknown,ida-1.50a-initial-inventory
0x00485AAE,unknown,,review,unknown,ida-1.50a-initial-inventory
0x00485AF1,unknown,,review,unknown,ida-1.50a-initial-inventory
0x00485B16,unknown,,review,unknown,ida-1.50a-initial-inventory
0x00485B17,unknown,,review,unknown,ida-1.50a-initial-inventory
0x00485B1E,unknown,,review,unknown,ida-1.50a-initial-inventory
0x00485B25,unknown,,review,unknown,ida-1.50a-initial-inventory
0x00485B57,unknown,,review,unknown,ida-1.50a-initial-inventory
0x00485BC5,unknown,,review,unknown,ida-1.50a-initial-inventory
0x00485D27,unknown,,review,unknown,ida-1.50a-initial-inventory
0x00485FB5,unknown,,review,unknown,ida-1.50a-initial-inventory
0x00486088,unknown,,review,unknown,ida-1.50a-initial-inventory
0x00486150,unknown,,review,unknown,ida-1.50a-initial-inventory
0x00486172,unknown,,review,unknown,ida-1.50a-initial-inventory
0x004861A4,unknown,,review,unknown,ida-1.50a-initial-inventory
0x004861F1,unknown,,review,unknown,ida-1.50a-initial-inventory
0x00486263,unknown,,review,unknown,ida-1.50a-initial-inventory
0x0048627E,unknown,,review,unknown,ida-1.50a-initial-inventory
0x00486297,unknown,,review,unknown,ida-1.50a-initial-inventory
0x00486312,unknown,,review,unknown,ida-1.50a-initial-inventory
0x0048646A,unknown,,review,unknown,ida-1.50a-initial-inventory
0x00486480,unknown,,review,unknown,ida-1.50a-initial-inventory
0x00486496,unknown,,review,unknown,ida-1.50a-initial-inventory
0x004864D3,unknown,,review,unknown,ida-1.50a-initial-inventory
0x00486510,unknown,,review,unknown,ida-1.50a-initial-inventory
0x00486587,unknown,,review,unknown,ida-1.50a-initial-inventory
0x00486641,unknown,,review,unknown,ida-1.50a-initial-inventory
0x004866AD,unknown,,review,unknown,ida-1.50a-initial-inventory
0x004866B6,unknown,,review,unknown,ida-1.50a-initial-inventory
0x00486748,unknown,,review,unknown,ida-1.50a-initial-inventory
0x004867D6,unknown,,review,unknown,ida-1.50a-initial-inventory
0x00486808,unknown,,review,unknown,ida-1.50a-initial-inventory
0x0048681E,unknown,,review,unknown,ida-1.50a-initial-inventory
0x0048682E,unknown,,review,unknown,ida-1.50a-initial-inventory
0x004868B9,unknown,,review,unknown,ida-1.50a-initial-inventory
0x00486AF0,unknown,,review,unknown,ida-1.50a-initial-inventory
0x00486B78,unknown,,review,unknown,ida-1.50a-initial-inventory
0x00486B94,unknown,,review,unknown,ida-1.50a-initial-inventory
0x00486BB0,unknown,,review,unknown,ida-1.50a-initial-inventory
0x00486BC8,unknown,,review,unknown,ida-1.50a-initial-inventory
0x00486BF7,unknown,,review,unknown,ida-1.50a-initial-inventory
0x00486C20,unknown,,review,unknown,ida-1.50a-initial-inventory
0x00486DAC,unknown,,review,unknown,ida-1.50a-initial-inventory
0x00486E1B,unknown,,review,unknown,ida-1.50a-initial-inventory
0x00486FAB,unknown,,review,unknown,ida-1.50a-initial-inventory
0x004870FB,unknown,,review,unknown,ida-1.50a-initial-inventory
0x00487119,unknown,,review,unknown,ida-1.50a-initial-inventory
0x00487131,unknown,,review,unknown,ida-1.50a-initial-inventory
0x00487229,unknown,,review,unknown,ida-1.50a-initial-inventory
0x004873E3,unknown,,review,unknown,ida-1.50a-initial-inventory
0x00487573,unknown,,review,unknown,ida-1.50a-initial-inventory
0x004875D2,unknown,,review,unknown,ida-1.50a-initial-inventory
0x004876B0,unknown,,review,unknown,ida-1.50a-initial-inventory
0x00487700,unknown,,review,unknown,ida-1.50a-initial-inventory
0x00487830,unknown,,review,unknown,ida-1.50a-initial-inventory
0x004878F0,unknown,,review,unknown,ida-1.50a-initial-inventory
0x00487930,unknown,,review,unknown,ida-1.50a-initial-inventory
0x004879B1,unknown,,review,unknown,ida-1.50a-initial-inventory
0x00487A25,unknown,,review,unknown,ida-1.50a-initial-inventory
0x00487AD0,unknown,,review,unknown,ida-1.50a-initial-inventory
0x00487C9E,unknown,,review,unknown,ida-1.50a-initial-inventory
0x00487D49,unknown,,review,unknown,ida-1.50a-initial-inventory
0x00487D8D,unknown,,review,unknown,ida-1.50a-initial-inventory
0x00487DB7,unknown,,review,unknown,ida-1.50a-initial-inventory
0x00487E17,unknown,,review,unknown,ida-1.50a-initial-inventory
0x00487E40,unknown,,review,unknown,ida-1.50a-initial-inventory
0x00487ED5,unknown,,review,unknown,ida-1.50a-initial-inventory
0x00488291,unknown,,review,unknown,ida-1.50a-initial-inventory
0x004882F7,unknown,,review,unknown,ida-1.50a-initial-inventory
0x0048843F,unknown,,review,unknown,ida-1.50a-initial-inventory
0x00488520,unknown,,review,unknown,ida-1.50a-initial-inventory
0x0048858C,unknown,,review,unknown,ida-1.50a-initial-inventory
0x0048864C,unknown,,review,unknown,ida-1.50a-initial-inventory
0x00488677,unknown,,review,unknown,ida-1.50a-initial-inventory
0x00488712,unknown,,review,unknown,ida-1.50a-initial-inventory
0x0048876F,unknown,,review,unknown,ida-1.50a-initial-inventory
0x0048879D,unknown,,review,unknown,ida-1.50a-initial-inventory
0x00488872,unknown,,review,unknown,ida-1.50a-initial-inventory
0x0048887B,unknown,,review,unknown,ida-1.50a-initial-inventory
0x00488974,unknown,,review,unknown,ida-1.50a-initial-inventory
0x004889A7,unknown,,review,unknown,ida-1.50a-initial-inventory
0x004889B8,unknown,,review,unknown,ida-1.50a-initial-inventory
0x004889BB,unknown,,review,unknown,ida-1.50a-initial-inventory
0x004889CC,unknown,,review,unknown,ida-1.50a-initial-inventory
0x004889ED,unknown,,review,unknown,ida-1.50a-initial-inventory
0x00488A4B,unknown,,review,unknown,ida-1.50a-initial-inventory
0x00488A79,unknown,,review,unknown,ida-1.50a-initial-inventory
0x00488AA6,unknown,,review,unknown,ida-1.50a-initial-inventory
0x00488B84,unknown,,review,unknown,ida-1.50a-initial-inventory
0x00488FB8,unknown,,review,unknown,ida-1.50a-initial-inventory
0x00489246,unknown,,review,unknown,ida-1.50a-initial-inventory
0x00489274,unknown,,review,unknown,ida-1.50a-initial-inventory
0x004893ED,unknown,,review,unknown,ida-1.50a-initial-inventory
0x00489430,unknown,,review,unknown,ida-1.50a-initial-inventory
0x004895F9,unknown,,review,unknown,ida-1.50a-initial-inventory
0x00489662,unknown,,review,unknown,ida-1.50a-initial-inventory
0x004896B0,unknown,,review,unknown,ida-1.50a-initial-inventory
0x00489740,unknown,,review,unknown,ida-1.50a-initial-inventory
0x004897BF,unknown,,review,unknown,ida-1.50a-initial-inventory
0x00489800,unknown,,review,unknown,ida-1.50a-initial-inventory
0x004898A0,unknown,,review,unknown,ida-1.50a-initial-inventory
0x004898C2,unknown,,review,unknown,ida-1.50a-initial-inventory
0x00489945,unknown,,review,unknown,ida-1.50a-initial-inventory
0x00489B20,unknown,,review,unknown,ida-1.50a-initial-inventory
0x00489BCB,unknown,,review,unknown,ida-1.50a-initial-inventory
0x00489C17,unknown,,review,unknown,ida-1.50a-initial-inventory
0x00489C68,unknown,,review,unknown,ida-1.50a-initial-inventory
0x00489D24,unknown,,review,unknown,ida-1.50a-initial-inventory
0x00489F56,unknown,,review,unknown,ida-1.50a-initial-inventory
0x00489FE0,unknown,,review,unknown,ida-1.50a-initial-inventory
0x0048A041,unknown,,review,unknown,ida-1.50a-initial-inventory
0x0048A05D,unknown,,review,unknown,ida-1.50a-initial-inventory
0x0048A3E1,unknown,,review,unknown,ida-1.50a-initial-inventory
0x0048A42E,unknown,,review,unknown,ida-1.50a-initial-inventory
0x0048A48F,unknown,,review,unknown,ida-1.50a-initial-inventory
0x0048A664,unknown,,review,unknown,ida-1.50a-initial-inventory
0x0048A6E7,unknown,,review,unknown,ida-1.50a-initial-inventory
0x0048A782,unknown,,review,unknown,ida-1.50a-initial-inventory
0x0048A7AD,unknown,,review,unknown,ida-1.50a-initial-inventory
0x0048A7D8,unknown,,review,unknown,ida-1.50a-initial-inventory
0x0048A853,unknown,,review,unknown,ida-1.50a-initial-inventory
0x0048D204,unknown,,review,unknown,ida-1.50a-initial-inventory
0x0048D7B0,unknown,,review,unknown,ida-1.50a-initial-inventory
0x0048D7F0,unknown,,review,unknown,ida-1.50a-initial-inventory
0x0048D820,unknown,,review,unknown,ida-1.50a-initial-inventory
0x0048D830,unknown,,review,unknown,ida-1.50a-initial-inventory
0x0048DA30,unknown,,review,unknown,ida-1.50a-initial-inventory
0x0048DA3A,unknown,,review,unknown,ida-1.50a-initial-inventory
0x0048DA50,unknown,,review,unknown,ida-1.50a-initial-inventory
0x0048DA70,unknown,,review,unknown,ida-1.50a-initial-inventory
0x0048DAB0,unknown,,review,unknown,ida-1.50a-initial-inventory
0x0048DAC0,unknown,,review,unknown,ida-1.50a-initial-inventory
0x0048DAD0,unknown,,review,unknown,ida-1.50a-initial-inventory
